country_zip;country_code;country;zip;municipality;county;region;obec_kod;okres_kod;okres_lau1;vusc_kod;region_nuts3;region_iso
CZ-10000;CZ;Česko;10000;Praha;území Hlavního města Prahy;Hlavní město Praha;554782;9999;CZ0100;19;CZ010;CZ-10
CZ-10100;CZ;Česko;10100;Praha;území Hlavního města Prahy;Hlavní město Praha;554782;9999;CZ0100;19;CZ010;CZ-10
CZ-10200;CZ;Česko;10200;Praha;území Hlavního města Prahy;Hlavní město Praha;554782;9999;CZ0100;19;CZ010;CZ-10
CZ-10300;CZ;Česko;10300;Praha;území Hlavního města Prahy;Hlavní město Praha;554782;9999;CZ0100;19;CZ010;CZ-10
CZ-10400;CZ;Česko;10400;Praha;území Hlavního města Prahy;Hlavní město Praha;554782;9999;CZ0100;19;CZ010;CZ-10
CZ-10600;CZ;Česko;10600;Praha;území Hlavního města Prahy;Hlavní město Praha;554782;9999;CZ0100;19;CZ010;CZ-10
CZ-10700;CZ;Česko;10700;Praha;území Hlavního města Prahy;Hlavní město Praha;554782;9999;CZ0100;19;CZ010;CZ-10
CZ-10800;CZ;Česko;10800;Praha;území Hlavního města Prahy;Hlavní město Praha;554782;9999;CZ0100;19;CZ010;CZ-10
CZ-10900;CZ;Česko;10900;Praha;území Hlavního města Prahy;Hlavní město Praha;554782;9999;CZ0100;19;CZ010;CZ-10
CZ-11000;CZ;Česko;11000;Praha;území Hlavního města Prahy;Hlavní město Praha;554782;9999;CZ0100;19;CZ010;CZ-10
CZ-11101;CZ;Česko;11101;Praha;území Hlavního města Prahy;Hlavní město Praha;554782;9999;CZ0100;19;CZ010;CZ-10
CZ-11800;CZ;Česko;11800;Praha;území Hlavního města Prahy;Hlavní město Praha;554782;9999;CZ0100;19;CZ010;CZ-10
CZ-11900;CZ;Česko;11900;Praha;území Hlavního města Prahy;Hlavní město Praha;554782;9999;CZ0100;19;CZ010;CZ-10
CZ-12000;CZ;Česko;12000;Praha;území Hlavního města Prahy;Hlavní město Praha;554782;9999;CZ0100;19;CZ010;CZ-10
CZ-12800;CZ;Česko;12800;Praha;území Hlavního města Prahy;Hlavní město Praha;554782;9999;CZ0100;19;CZ010;CZ-10
CZ-13000;CZ;Česko;13000;Praha;území Hlavního města Prahy;Hlavní město Praha;554782;9999;CZ0100;19;CZ010;CZ-10
CZ-14000;CZ;Česko;14000;Praha;území Hlavního města Prahy;Hlavní město Praha;554782;9999;CZ0100;19;CZ010;CZ-10
CZ-14100;CZ;Česko;14100;Praha;území Hlavního města Prahy;Hlavní město Praha;554782;9999;CZ0100;19;CZ010;CZ-10
CZ-14200;CZ;Česko;14200;Praha;území Hlavního města Prahy;Hlavní město Praha;554782;9999;CZ0100;19;CZ010;CZ-10
CZ-14300;CZ;Česko;14300;Praha;území Hlavního města Prahy;Hlavní město Praha;554782;9999;CZ0100;19;CZ010;CZ-10
CZ-14700;CZ;Česko;14700;Praha;území Hlavního města Prahy;Hlavní město Praha;554782;9999;CZ0100;19;CZ010;CZ-10
CZ-14800;CZ;Česko;14800;Praha;území Hlavního města Prahy;Hlavní město Praha;554782;9999;CZ0100;19;CZ010;CZ-10
CZ-14900;CZ;Česko;14900;Praha;území Hlavního města Prahy;Hlavní město Praha;554782;9999;CZ0100;19;CZ010;CZ-10
CZ-15000;CZ;Česko;15000;Praha;území Hlavního města Prahy;Hlavní město Praha;554782;9999;CZ0100;19;CZ010;CZ-10
CZ-15200;CZ;Česko;15200;Praha;území Hlavního města Prahy;Hlavní město Praha;554782;9999;CZ0100;19;CZ010;CZ-10
CZ-15300;CZ;Česko;15300;Praha;území Hlavního města Prahy;Hlavní město Praha;554782;9999;CZ0100;19;CZ010;CZ-10
CZ-15400;CZ;Česko;15400;Praha;území Hlavního města Prahy;Hlavní město Praha;554782;9999;CZ0100;19;CZ010;CZ-10
CZ-15500;CZ;Česko;15500;Praha;území Hlavního města Prahy;Hlavní město Praha;554782;9999;CZ0100;19;CZ010;CZ-10
CZ-15521;CZ;Česko;15521;Praha;území Hlavního města Prahy;Hlavní město Praha;554782;9999;CZ0100;19;CZ010;CZ-10
CZ-15531;CZ;Česko;15531;Praha;území Hlavního města Prahy;Hlavní město Praha;554782;9999;CZ0100;19;CZ010;CZ-10
CZ-15600;CZ;Česko;15600;Praha;území Hlavního města Prahy;Hlavní město Praha;554782;9999;CZ0100;19;CZ010;CZ-10
CZ-15800;CZ;Česko;15800;Praha;území Hlavního města Prahy;Hlavní město Praha;554782;9999;CZ0100;19;CZ010;CZ-10
CZ-15900;CZ;Česko;15900;Praha;území Hlavního města Prahy;Hlavní město Praha;554782;9999;CZ0100;19;CZ010;CZ-10
CZ-16000;CZ;Česko;16000;Praha;území Hlavního města Prahy;Hlavní město Praha;554782;9999;CZ0100;19;CZ010;CZ-10
CZ-16100;CZ;Česko;16100;Praha;území Hlavního města Prahy;Hlavní město Praha;554782;9999;CZ0100;19;CZ010;CZ-10
CZ-16200;CZ;Česko;16200;Praha;území Hlavního města Prahy;Hlavní město Praha;554782;9999;CZ0100;19;CZ010;CZ-10
CZ-16300;CZ;Česko;16300;Praha;území Hlavního města Prahy;Hlavní město Praha;554782;9999;CZ0100;19;CZ010;CZ-10
CZ-16400;CZ;Česko;16400;Praha;území Hlavního města Prahy;Hlavní město Praha;554782;9999;CZ0100;19;CZ010;CZ-10
CZ-16500;CZ;Česko;16500;Praha;území Hlavního města Prahy;Hlavní město Praha;554782;9999;CZ0100;19;CZ010;CZ-10
CZ-16900;CZ;Česko;16900;Praha;území Hlavního města Prahy;Hlavní město Praha;554782;9999;CZ0100;19;CZ010;CZ-10
CZ-17000;CZ;Česko;17000;Praha;území Hlavního města Prahy;Hlavní město Praha;554782;9999;CZ0100;19;CZ010;CZ-10
CZ-17100;CZ;Česko;17100;Praha;území Hlavního města Prahy;Hlavní město Praha;554782;9999;CZ0100;19;CZ010;CZ-10
CZ-18000;CZ;Česko;18000;Praha;území Hlavního města Prahy;Hlavní město Praha;554782;9999;CZ0100;19;CZ010;CZ-10
CZ-18100;CZ;Česko;18100;Praha;území Hlavního města Prahy;Hlavní město Praha;554782;9999;CZ0100;19;CZ010;CZ-10
CZ-18200;CZ;Česko;18200;Praha;území Hlavního města Prahy;Hlavní město Praha;554782;9999;CZ0100;19;CZ010;CZ-10
CZ-18400;CZ;Česko;18400;Praha;území Hlavního města Prahy;Hlavní město Praha;554782;9999;CZ0100;19;CZ010;CZ-10
CZ-18600;CZ;Česko;18600;Praha;území Hlavního města Prahy;Hlavní město Praha;554782;9999;CZ0100;19;CZ010;CZ-10
CZ-19000;CZ;Česko;19000;Praha;území Hlavního města Prahy;Hlavní město Praha;554782;9999;CZ0100;19;CZ010;CZ-10
CZ-19011;CZ;Česko;19011;Praha;území Hlavního města Prahy;Hlavní město Praha;554782;9999;CZ0100;19;CZ010;CZ-10
CZ-19012;CZ;Česko;19012;Praha;území Hlavního města Prahy;Hlavní město Praha;554782;9999;CZ0100;19;CZ010;CZ-10
CZ-19014;CZ;Česko;19014;Praha;území Hlavního města Prahy;Hlavní město Praha;554782;9999;CZ0100;19;CZ010;CZ-10
CZ-19015;CZ;Česko;19015;Praha;území Hlavního města Prahy;Hlavní město Praha;554782;9999;CZ0100;19;CZ010;CZ-10
CZ-19016;CZ;Česko;19016;Praha;území Hlavního města Prahy;Hlavní město Praha;554782;9999;CZ0100;19;CZ010;CZ-10
CZ-19017;CZ;Česko;19017;Praha;území Hlavního města Prahy;Hlavní město Praha;554782;9999;CZ0100;19;CZ010;CZ-10
CZ-19300;CZ;Česko;19300;Praha;území Hlavního města Prahy;Hlavní město Praha;554782;9999;CZ0100;19;CZ010;CZ-10
CZ-19600;CZ;Česko;19600;Praha;území Hlavního města Prahy;Hlavní město Praha;554782;9999;CZ0100;19;CZ010;CZ-10
CZ-19700;CZ;Česko;19700;Praha;území Hlavního města Prahy;Hlavní město Praha;554782;9999;CZ0100;19;CZ010;CZ-10
CZ-19800;CZ;Česko;19800;Praha;území Hlavního města Prahy;Hlavní město Praha;554782;9999;CZ0100;19;CZ010;CZ-10
CZ-19900;CZ;Česko;19900;Praha;území Hlavního města Prahy;Hlavní město Praha;554782;9999;CZ0100;19;CZ010;CZ-10
CZ-25001;CZ;Česko;25001;Brandýs nad Labem-Stará Boleslav;Praha-východ;Středočeský kraj;538094;3209;CZ0209;27;CZ020;CZ-20
CZ-25061;CZ;Česko;25061;Zápy;Praha-východ;Středočeský kraj;505781;3209;CZ0209;27;CZ020;CZ-20
CZ-25063;CZ;Česko;25063;Veleň;Praha-východ;Středočeský kraj;538965;3209;CZ0209;27;CZ020;CZ-20
CZ-25064;CZ;Česko;25064;Hovorčovice;Praha-východ;Středočeský kraj;538230;3209;CZ0209;27;CZ020;CZ-20
CZ-25065;CZ;Česko;25065;Líbeznice;Praha-východ;Středočeský kraj;538442;3209;CZ0209;27;CZ020;CZ-20
CZ-25066;CZ;Česko;25066;Zdiby;Praha-východ;Středočeský kraj;539058;3209;CZ0209;27;CZ020;CZ-20
CZ-25067;CZ;Česko;25067;Klecany;Praha-východ;Středočeský kraj;538311;3209;CZ0209;27;CZ020;CZ-20
CZ-25068;CZ;Česko;25068;Husinec;Praha-východ;Středočeský kraj;538256;3209;CZ0209;27;CZ020;CZ-20
CZ-25069;CZ;Česko;25069;Vodochody;Praha-východ;Středočeský kraj;539015;3209;CZ0209;27;CZ020;CZ-20
CZ-25070;CZ;Česko;25070;Odolena Voda;Praha-východ;Středočeský kraj;538574;3209;CZ0209;27;CZ020;CZ-20
CZ-25072;CZ;Česko;25072;Předboj;Praha-východ;Středočeský kraj;538655;3209;CZ0209;27;CZ020;CZ-20
CZ-25073;CZ;Česko;25073;Přezletice;Praha-východ;Středočeský kraj;538671;3209;CZ0209;27;CZ020;CZ-20
CZ-25074;CZ;Česko;25074;Radonice;Praha-východ;Středočeský kraj;538701;3209;CZ0209;27;CZ020;CZ-20
CZ-25075;CZ;Česko;25075;Káraný;Praha-východ;Středočeský kraj;564974;3209;CZ0209;27;CZ020;CZ-20
CZ-25081;CZ;Česko;25081;Nehvizdy;Praha-východ;Středočeský kraj;538540;3209;CZ0209;27;CZ020;CZ-20
CZ-25082;CZ;Česko;25082;Úvaly;Praha-východ;Středočeský kraj;538957;3209;CZ0209;27;CZ020;CZ-20
CZ-25083;CZ;Česko;25083;Škvorec;Praha-východ;Středočeský kraj;538884;3209;CZ0209;27;CZ020;CZ-20
CZ-25084;CZ;Česko;25084;Květnice;Praha-východ;Středočeský kraj;564982;3209;CZ0209;27;CZ020;CZ-20
CZ-25085;CZ;Česko;25085;Bašť;Praha-východ;Středočeský kraj;538051;3209;CZ0209;27;CZ020;CZ-20
CZ-25087;CZ;Česko;25087;Mochov;Praha-východ;Středočeský kraj;538507;3209;CZ0209;27;CZ020;CZ-20
CZ-25088;CZ;Česko;25088;Čelákovice;Praha-východ;Středočeský kraj;538132;3209;CZ0209;27;CZ020;CZ-20
CZ-25089;CZ;Česko;25089;Lázně Toušeň;Praha-východ;Středočeský kraj;538914;3209;CZ0209;27;CZ020;CZ-20
CZ-25090;CZ;Česko;25090;Jirny;Praha-východ;Středočeský kraj;538272;3209;CZ0209;27;CZ020;CZ-20
CZ-25091;CZ;Česko;25091;Zeleneč;Praha-východ;Středočeský kraj;539066;3209;CZ0209;27;CZ020;CZ-20
CZ-25092;CZ;Česko;25092;Šestajovice;Praha-východ;Středočeský kraj;538876;3209;CZ0209;27;CZ020;CZ-20
CZ-25101;CZ;Česko;25101;Říčany;Praha-východ;Středočeský kraj;538728;3209;CZ0209;27;CZ020;CZ-20
CZ-25162;CZ;Česko;25162;Mukařov;Praha-východ;Středočeský kraj;538523;3209;CZ0209;27;CZ020;CZ-20
CZ-25163;CZ;Česko;25163;Strančice;Praha-východ;Středočeský kraj;538809;3209;CZ0209;27;CZ020;CZ-20
CZ-25164;CZ;Česko;25164;Mnichovice;Praha-východ;Středočeský kraj;538493;3209;CZ0209;27;CZ020;CZ-20
CZ-25165;CZ;Česko;25165;Ondřejov;Praha-východ;Středočeský kraj;538582;3209;CZ0209;27;CZ020;CZ-20
CZ-25166;CZ;Česko;25166;Senohraby;Praha-východ;Středočeský kraj;538752;3209;CZ0209;27;CZ020;CZ-20
CZ-25167;CZ;Česko;25167;Pyšely;Benešov;Středočeský kraj;538680;3201;CZ0201;27;CZ020;CZ-20
CZ-25168;CZ;Česko;25168;Kamenice;Praha-východ;Středočeský kraj;538299;3209;CZ0209;27;CZ020;CZ-20
CZ-25169;CZ;Česko;25169;Velké Popovice;Praha-východ;Středočeský kraj;538981;3209;CZ0209;27;CZ020;CZ-20
CZ-25202;CZ;Česko;25202;Jíloviště;Praha-západ;Středočeský kraj;539341;3210;CZ020A;27;CZ020;CZ-20
CZ-25203;CZ;Česko;25203;Řitka;Praha-západ;Středočeský kraj;539651;3210;CZ020A;27;CZ020;CZ-20
CZ-25204;CZ;Česko;25204;Čisovice;Praha-západ;Středočeský kraj;539155;3210;CZ020A;27;CZ020;CZ-20
CZ-25205;CZ;Česko;25205;Hvozdnice;Praha-západ;Středočeský kraj;539261;3210;CZ020A;27;CZ020;CZ-20
CZ-25206;CZ;Česko;25206;Davle;Praha-západ;Středočeský kraj;539163;3210;CZ020A;27;CZ020;CZ-20
CZ-25207;CZ;Česko;25207;Štěchovice;Praha-západ;Středočeský kraj;539732;3210;CZ020A;27;CZ020;CZ-20
CZ-25208;CZ;Česko;25208;Slapy;Praha-západ;Středočeský kraj;539660;3210;CZ020A;27;CZ020;CZ-20
CZ-25209;CZ;Česko;25209;Hradištko;Praha-západ;Středočeský kraj;539252;3210;CZ020A;27;CZ020;CZ-20
CZ-25210;CZ;Česko;25210;Mníšek pod Brdy;Praha-západ;Středočeský kraj;540765;3210;CZ020A;27;CZ020;CZ-20
CZ-25216;CZ;Česko;25216;Nučice;Praha-západ;Středočeský kraj;531618;3210;CZ020A;27;CZ020;CZ-20
CZ-25217;CZ;Česko;25217;Tachlovice;Praha-západ;Středočeský kraj;531821;3210;CZ020A;27;CZ020;CZ-20
CZ-25218;CZ;Česko;25218;Ptice;Praha-západ;Středočeský kraj;532789;3210;CZ020A;27;CZ020;CZ-20
CZ-25219;CZ;Česko;25219;Rudná;Praha-západ;Středočeský kraj;531723;3210;CZ020A;27;CZ020;CZ-20
CZ-25225;CZ;Česko;25225;Jinočany;Praha-západ;Středočeský kraj;539350;3210;CZ020A;27;CZ020;CZ-20
CZ-25226;CZ;Česko;25226;Třebotov;Praha-západ;Středočeský kraj;539759;3210;CZ020A;27;CZ020;CZ-20
CZ-25228;CZ;Česko;25228;Černošice;Praha-západ;Středočeský kraj;539139;3210;CZ020A;27;CZ020;CZ-20
CZ-25229;CZ;Česko;25229;Dobřichovice;Praha-západ;Středočeský kraj;539198;3210;CZ020A;27;CZ020;CZ-20
CZ-25230;CZ;Česko;25230;Řevnice;Praha-západ;Středočeský kraj;539643;3210;CZ020A;27;CZ020;CZ-20
CZ-25231;CZ;Česko;25231;Všenory;Praha-západ;Středočeský kraj;539856;3210;CZ020A;27;CZ020;CZ-20
CZ-25241;CZ;Česko;25241;Dolní Břežany;Praha-západ;Středočeský kraj;539210;3210;CZ020A;27;CZ020;CZ-20
CZ-25242;CZ;Česko;25242;Jesenice;Praha-západ;Středočeský kraj;539325;3210;CZ020A;27;CZ020;CZ-20
CZ-25243;CZ;Česko;25243;Průhonice;Praha-západ;Středočeský kraj;539571;3210;CZ020A;27;CZ020;CZ-20
CZ-25244;CZ;Česko;25244;Psáry;Praha-západ;Středočeský kraj;539597;3210;CZ020A;27;CZ020;CZ-20
CZ-25245;CZ;Česko;25245;Březová-Oleško;Praha-západ;Středočeský kraj;599735;3210;CZ020A;27;CZ020;CZ-20
CZ-25246;CZ;Česko;25246;Vrané nad Vltavou;Praha-západ;Středočeský kraj;539848;3210;CZ020A;27;CZ020;CZ-20
CZ-25250;CZ;Česko;25250;Vestec;Praha-západ;Středočeský kraj;513458;3210;CZ020A;27;CZ020;CZ-20
CZ-25261;CZ;Česko;25261;Jeneč;Praha-západ;Středočeský kraj;539317;3210;CZ020A;27;CZ020;CZ-20
CZ-25262;CZ;Česko;25262;Horoměřice;Praha-západ;Středočeský kraj;539236;3210;CZ020A;27;CZ020;CZ-20
CZ-25263;CZ;Česko;25263;Roztoky;Praha-západ;Středočeský kraj;539627;3210;CZ020A;27;CZ020;CZ-20
CZ-25264;CZ;Česko;25264;Velké Přílepy;Praha-západ;Středočeský kraj;539813;3210;CZ020A;27;CZ020;CZ-20
CZ-25265;CZ;Česko;25265;Holubice;Praha-západ;Středočeský kraj;539228;3210;CZ020A;27;CZ020;CZ-20
CZ-25266;CZ;Česko;25266;Libčice nad Vltavou;Praha-západ;Středočeský kraj;539414;3210;CZ020A;27;CZ020;CZ-20
CZ-25267;CZ;Česko;25267;Tuchoměřice;Praha-západ;Středočeský kraj;539767;3210;CZ020A;27;CZ020;CZ-20
CZ-25268;CZ;Česko;25268;Středokluky;Praha-západ;Středočeský kraj;539708;3210;CZ020A;27;CZ020;CZ-20
CZ-25281;CZ;Česko;25281;Petrov;Praha-západ;Středočeský kraj;539546;3210;CZ020A;27;CZ020;CZ-20
CZ-25282;CZ;Česko;25282;Kamenný Přívoz;Praha-západ;Středočeský kraj;539368;3210;CZ020A;27;CZ020;CZ-20
CZ-25301;CZ;Česko;25301;Hostivice;Praha-západ;Středočeský kraj;539244;3210;CZ020A;27;CZ020;CZ-20
CZ-25303;CZ;Česko;25303;Chýně;Praha-západ;Středočeský kraj;539309;3210;CZ020A;27;CZ020;CZ-20
CZ-25401;CZ;Česko;25401;Jílové u Prahy;Praha-západ;Středočeský kraj;539333;3210;CZ020A;27;CZ020;CZ-20
CZ-25601;CZ;Česko;25601;Benešov;Benešov;Středočeský kraj;529303;3201;CZ0201;27;CZ020;CZ-20
CZ-25701;CZ;Česko;25701;Postupice;Benešov;Středočeský kraj;530450;3201;CZ0201;27;CZ020;CZ-20
CZ-25703;CZ;Česko;25703;Jankov;Benešov;Středočeský kraj;529842;3201;CZ0201;27;CZ020;CZ-20
CZ-25706;CZ;Česko;25706;Louňovice pod Blaníkem;Benešov;Středočeský kraj;530107;3201;CZ0201;27;CZ020;CZ-20
CZ-25708;CZ;Česko;25708;Načeradec;Benešov;Středočeský kraj;530212;3201;CZ0201;27;CZ020;CZ-20
CZ-25709;CZ;Česko;25709;Pravonín;Benešov;Středočeský kraj;530476;3201;CZ0201;27;CZ020;CZ-20
CZ-25721;CZ;Česko;25721;Poříčí nad Sázavou;Benešov;Středočeský kraj;530441;3201;CZ0201;27;CZ020;CZ-20
CZ-25722;CZ;Česko;25722;Čerčany;Benešov;Středočeský kraj;529516;3201;CZ0201;27;CZ020;CZ-20
CZ-25723;CZ;Česko;25723;Přestavlky u Čerčan;Benešov;Středočeský kraj;530492;3201;CZ0201;27;CZ020;CZ-20
CZ-25724;CZ;Česko;25724;Chocerady;Benešov;Středočeský kraj;529796;3201;CZ0201;27;CZ020;CZ-20
CZ-25726;CZ;Česko;25726;Divišov;Benešov;Středočeský kraj;529621;3201;CZ0201;27;CZ020;CZ-20
CZ-25728;CZ;Česko;25728;Chotýšany;Benešov;Středočeský kraj;529818;3201;CZ0201;27;CZ020;CZ-20
CZ-25741;CZ;Česko;25741;Týnec nad Sázavou;Benešov;Středočeský kraj;530841;3201;CZ0201;27;CZ020;CZ-20
CZ-25742;CZ;Česko;25742;Krhanice;Benešov;Středočeský kraj;529958;3201;CZ0201;27;CZ020;CZ-20
CZ-25744;CZ;Česko;25744;Krňany;Benešov;Středočeský kraj;529974;3201;CZ0201;27;CZ020;CZ-20
CZ-25751;CZ;Česko;25751;Bystřice;Benešov;Středočeský kraj;529451;3201;CZ0201;27;CZ020;CZ-20
CZ-25753;CZ;Česko;25753;Vrchotovy Janovice;Benešov;Středočeský kraj;530948;3201;CZ0201;27;CZ020;CZ-20
CZ-25755;CZ;Česko;25755;Maršovice;Benešov;Středočeský kraj;530115;3201;CZ0201;27;CZ020;CZ-20
CZ-25756;CZ;Česko;25756;Neveklov;Benešov;Středočeský kraj;530310;3201;CZ0201;27;CZ020;CZ-20
CZ-25763;CZ;Česko;25763;Trhový Štěpánov;Benešov;Středočeský kraj;530816;3201;CZ0201;27;CZ020;CZ-20
CZ-25764;CZ;Česko;25764;Zdislavice;Benešov;Středočeský kraj;531022;3201;CZ0201;27;CZ020;CZ-20
CZ-25765;CZ;Česko;25765;Čechtice;Benešov;Středočeský kraj;529486;3201;CZ0201;27;CZ020;CZ-20
CZ-25766;CZ;Česko;25766;Křivsoudov;Benešov;Středočeský kraj;530000;3201;CZ0201;27;CZ020;CZ-20
CZ-25768;CZ;Česko;25768;Dolní Kralovice;Benešov;Středočeský kraj;529648;3201;CZ0201;27;CZ020;CZ-20
CZ-25771;CZ;Česko;25771;Soutice;Benešov;Středočeský kraj;599387;3201;CZ0201;27;CZ020;CZ-20
CZ-25786;CZ;Česko;25786;Miličín;Benešov;Středočeský kraj;530166;3201;CZ0201;27;CZ020;CZ-20
CZ-25787;CZ;Česko;25787;Střezimíř;Benešov;Středočeský kraj;530701;3201;CZ0201;27;CZ020;CZ-20
CZ-25788;CZ;Česko;25788;Červený Újezd;Benešov;Středočeský kraj;529532;3201;CZ0201;27;CZ020;CZ-20
CZ-25789;CZ;Česko;25789;Heřmaničky;Benešov;Středočeský kraj;529702;3201;CZ0201;27;CZ020;CZ-20
CZ-25791;CZ;Česko;25791;Sedlec-Prčice;Příbram;Středočeský kraj;530573;3211;CZ020B;27;CZ020;CZ-20
CZ-25801;CZ;Česko;25801;Vlašim;Benešov;Středočeský kraj;530883;3201;CZ0201;27;CZ020;CZ-20
CZ-25901;CZ;Česko;25901;Votice;Benešov;Středočeský kraj;530905;3201;CZ0201;27;CZ020;CZ-20
CZ-26101;CZ;Česko;26101;Příbram;Příbram;Středočeský kraj;539911;3211;CZ020B;27;CZ020;CZ-20
CZ-26202;CZ;Česko;26202;Stará Huť;Příbram;Středočeský kraj;541338;3211;CZ020B;27;CZ020;CZ-20
CZ-26203;CZ;Česko;26203;Nový Knín;Příbram;Středočeský kraj;540901;3211;CZ020B;27;CZ020;CZ-20
CZ-26204;CZ;Česko;26204;Nová Ves pod Pleší;Příbram;Středočeský kraj;540889;3211;CZ020B;27;CZ020;CZ-20
CZ-26205;CZ;Česko;26205;Velká Lečice;Příbram;Středočeský kraj;513539;3211;CZ020B;27;CZ020;CZ-20
CZ-26206;CZ;Česko;26206;Korkyně;Příbram;Středočeský kraj;599204;3211;CZ020B;27;CZ020;CZ-20
CZ-26211;CZ;Česko;26211;Rosovice;Příbram;Středočeský kraj;541206;3211;CZ020B;27;CZ020;CZ-20
CZ-26212;CZ;Česko;26212;Obořiště;Příbram;Středočeský kraj;540951;3211;CZ020B;27;CZ020;CZ-20
CZ-26213;CZ;Česko;26213;Nečín;Příbram;Středočeský kraj;540811;3211;CZ020B;27;CZ020;CZ-20
CZ-26214;CZ;Česko;26214;Hřiměždice;Příbram;Středočeský kraj;540285;3211;CZ020B;27;CZ020;CZ-20
CZ-26215;CZ;Česko;26215;Borotice;Příbram;Středočeský kraj;539970;3211;CZ020B;27;CZ020;CZ-20
CZ-26221;CZ;Česko;26221;Obecnice;Příbram;Středočeský kraj;540935;3211;CZ020B;27;CZ020;CZ-20
CZ-26222;CZ;Česko;26222;Hluboš;Příbram;Středočeský kraj;540242;3211;CZ020B;27;CZ020;CZ-20
CZ-26223;CZ;Česko;26223;Jince;Příbram;Středočeský kraj;540404;3211;CZ020B;27;CZ020;CZ-20
CZ-26225;CZ;Česko;26225;Pičín;Příbram;Středočeský kraj;541052;3211;CZ020B;27;CZ020;CZ-20
CZ-26231;CZ;Česko;26231;Milín;Příbram;Středočeský kraj;540757;3211;CZ020B;27;CZ020;CZ-20
CZ-26232;CZ;Česko;26232;Pečice;Příbram;Středočeský kraj;541028;3211;CZ020B;27;CZ020;CZ-20
CZ-26241;CZ;Česko;26241;Bohutín;Příbram;Středočeský kraj;539953;3211;CZ020B;27;CZ020;CZ-20
CZ-26242;CZ;Česko;26242;Rožmitál pod Třemšínem;Příbram;Středočeský kraj;541231;3211;CZ020B;27;CZ020;CZ-20
CZ-26243;CZ;Česko;26243;Věšín;Příbram;Středočeský kraj;541508;3211;CZ020B;27;CZ020;CZ-20
CZ-26244;CZ;Česko;26244;Hvožďany;Příbram;Středočeský kraj;540315;3211;CZ020B;27;CZ020;CZ-20
CZ-26251;CZ;Česko;26251;Dublovice;Příbram;Středočeský kraj;540218;3211;CZ020B;27;CZ020;CZ-20
CZ-26252;CZ;Česko;26252;Vysoký Chlumec;Příbram;Středočeský kraj;541591;3211;CZ020B;27;CZ020;CZ-20
CZ-26255;CZ;Česko;26255;Petrovice;Příbram;Středočeský kraj;541044;3211;CZ020B;27;CZ020;CZ-20
CZ-26256;CZ;Česko;26256;Krásná Hora nad Vltavou;Příbram;Středočeský kraj;540552;3211;CZ020B;27;CZ020;CZ-20
CZ-26261;CZ;Česko;26261;Višňová;Příbram;Středočeský kraj;541516;3211;CZ020B;27;CZ020;CZ-20
CZ-26262;CZ;Česko;26262;Dolní Hbity;Příbram;Středočeský kraj;540129;3211;CZ020B;27;CZ020;CZ-20
CZ-26263;CZ;Česko;26263;Kamýk nad Vltavou;Příbram;Středočeský kraj;540439;3211;CZ020B;27;CZ020;CZ-20
CZ-26272;CZ;Česko;26272;Březnice;Příbram;Středočeský kraj;540013;3211;CZ020B;27;CZ020;CZ-20
CZ-26281;CZ;Česko;26281;Tochovice;Příbram;Středočeský kraj;541427;3211;CZ020B;27;CZ020;CZ-20
CZ-26284;CZ;Česko;26284;Kozárovice;Příbram;Středočeský kraj;540536;3211;CZ020B;27;CZ020;CZ-20
CZ-26285;CZ;Česko;26285;Drahenice;Příbram;Středočeský kraj;599298;3211;CZ020B;27;CZ020;CZ-20
CZ-26291;CZ;Česko;26291;Kosova Hora;Příbram;Středočeský kraj;540498;3211;CZ020B;27;CZ020;CZ-20
CZ-26293;CZ;Česko;26293;Nalžovice;Příbram;Středočeský kraj;540790;3211;CZ020B;27;CZ020;CZ-20
CZ-26301;CZ;Česko;26301;Dobříš;Příbram;Středočeský kraj;540111;3211;CZ020B;27;CZ020;CZ-20
CZ-26401;CZ;Česko;26401;Sedlčany;Příbram;Středočeský kraj;541281;3211;CZ020B;27;CZ020;CZ-20
CZ-26601;CZ;Česko;26601;Beroun;Beroun;Středočeský kraj;531057;3202;CZ0202;27;CZ020;CZ-20
CZ-26701;CZ;Česko;26701;Králův Dvůr;Beroun;Středočeský kraj;533203;3202;CZ0202;27;CZ020;CZ-20
CZ-26703;CZ;Česko;26703;Hudlice;Beroun;Středočeský kraj;531227;3202;CZ0202;27;CZ020;CZ-20
CZ-26705;CZ;Česko;26705;Nižbor;Beroun;Středočeský kraj;531596;3202;CZ0202;27;CZ020;CZ-20
CZ-26706;CZ;Česko;26706;Hýskov;Beroun;Středočeský kraj;531243;3202;CZ0202;27;CZ020;CZ-20
CZ-26707;CZ;Česko;26707;Chyňava;Beroun;Středočeský kraj;531294;3202;CZ0202;27;CZ020;CZ-20
CZ-26711;CZ;Česko;26711;Vráž;Beroun;Středočeský kraj;531944;3202;CZ0202;27;CZ020;CZ-20
CZ-26712;CZ;Česko;26712;Loděnice;Beroun;Středočeský kraj;531464;3202;CZ0202;27;CZ020;CZ-20
CZ-26716;CZ;Česko;26716;Vysoký Újezd;Beroun;Středočeský kraj;531961;3202;CZ0202;27;CZ020;CZ-20
CZ-26717;CZ;Česko;26717;Mořina;Beroun;Středočeský kraj;531545;3202;CZ0202;27;CZ020;CZ-20
CZ-26718;CZ;Česko;26718;Hlásná Třebaň;Beroun;Středočeský kraj;531171;3202;CZ0202;27;CZ020;CZ-20
CZ-26721;CZ;Česko;26721;Tmaň;Beroun;Středočeský kraj;531855;3202;CZ0202;27;CZ020;CZ-20
CZ-26722;CZ;Česko;26722;Suchomasty;Beroun;Středočeský kraj;531782;3202;CZ0202;27;CZ020;CZ-20
CZ-26723;CZ;Česko;26723;Lochovice;Beroun;Středočeský kraj;531472;3202;CZ0202;27;CZ020;CZ-20
CZ-26724;CZ;Česko;26724;Hostomice;Beroun;Středočeský kraj;531201;3202;CZ0202;27;CZ020;CZ-20
CZ-26725;CZ;Česko;26725;Osov;Beroun;Středočeský kraj;531642;3202;CZ0202;27;CZ020;CZ-20
CZ-26726;CZ;Česko;26726;Všeradice;Beroun;Středočeský kraj;531952;3202;CZ0202;27;CZ020;CZ-20
CZ-26727;CZ;Česko;26727;Liteň;Beroun;Středočeský kraj;531456;3202;CZ0202;27;CZ020;CZ-20
CZ-26728;CZ;Česko;26728;Svinaře;Beroun;Středočeský kraj;531812;3202;CZ0202;27;CZ020;CZ-20
CZ-26729;CZ;Česko;26729;Zadní Třebaň;Beroun;Středočeský kraj;531979;3202;CZ0202;27;CZ020;CZ-20
CZ-26741;CZ;Česko;26741;Kublov;Beroun;Středočeský kraj;531375;3202;CZ0202;27;CZ020;CZ-20
CZ-26742;CZ;Česko;26742;Broumy;Beroun;Středočeský kraj;531081;3202;CZ0202;27;CZ020;CZ-20
CZ-26743;CZ;Česko;26743;Bzová;Beroun;Středočeský kraj;531120;3202;CZ0202;27;CZ020;CZ-20
CZ-26751;CZ;Česko;26751;Zdice;Beroun;Středočeský kraj;532011;3202;CZ0202;27;CZ020;CZ-20
CZ-26753;CZ;Česko;26753;Žebrák;Beroun;Středočeský kraj;532029;3202;CZ0202;27;CZ020;CZ-20
CZ-26754;CZ;Česko;26754;Praskolesy;Beroun;Středočeský kraj;531693;3202;CZ0202;27;CZ020;CZ-20
CZ-26761;CZ;Česko;26761;Cerhovice;Beroun;Středočeský kraj;531138;3202;CZ0202;27;CZ020;CZ-20
CZ-26762;CZ;Česko;26762;Komárov;Beroun;Středočeský kraj;531324;3202;CZ0202;27;CZ020;CZ-20
CZ-26763;CZ;Česko;26763;Zaječov;Beroun;Středočeský kraj;531995;3202;CZ0202;27;CZ020;CZ-20
CZ-26764;CZ;Česko;26764;Olešná;Beroun;Středočeský kraj;531626;3202;CZ0202;27;CZ020;CZ-20
CZ-26801;CZ;Česko;26801;Hořovice;Beroun;Středočeský kraj;531189;3202;CZ0202;27;CZ020;CZ-20
CZ-26901;CZ;Česko;26901;Rakovník;Rakovník;Středočeský kraj;541656;3212;CZ020C;27;CZ020;CZ-20
CZ-27001;CZ;Česko;27001;Kněževes;Rakovník;Středočeský kraj;541877;3212;CZ020C;27;CZ020;CZ-20
CZ-27002;CZ;Česko;27002;Kolešovice;Rakovník;Středočeský kraj;541893;3212;CZ020C;27;CZ020;CZ-20
CZ-27004;CZ;Česko;27004;Hořovičky;Rakovník;Středočeský kraj;541737;3212;CZ020C;27;CZ020;CZ-20
CZ-27006;CZ;Česko;27006;Kounov;Rakovník;Středočeský kraj;541907;3212;CZ020C;27;CZ020;CZ-20
CZ-27007;CZ;Česko;27007;Mutějovice;Rakovník;Středočeský kraj;542121;3212;CZ020C;27;CZ020;CZ-20
CZ-27008;CZ;Česko;27008;Hředle;Rakovník;Středočeský kraj;541770;3212;CZ020C;27;CZ020;CZ-20
CZ-27009;CZ;Česko;27009;Krupá;Rakovník;Středočeský kraj;541966;3212;CZ020C;27;CZ020;CZ-20
CZ-27021;CZ;Česko;27021;Pavlíkov;Rakovník;Středočeský kraj;544248;3212;CZ020C;27;CZ020;CZ-20
CZ-27023;CZ;Česko;27023;Křivoklát;Rakovník;Středočeský kraj;541982;3212;CZ020C;27;CZ020;CZ-20
CZ-27024;CZ;Česko;27024;Sýkořice;Rakovník;Středočeský kraj;542466;3212;CZ020C;27;CZ020;CZ-20
CZ-27031;CZ;Česko;27031;Senomaty;Rakovník;Středočeský kraj;542377;3212;CZ020C;27;CZ020;CZ-20
CZ-27032;CZ;Česko;27032;Oráčov;Rakovník;Středočeský kraj;542202;3212;CZ020C;27;CZ020;CZ-20
CZ-27033;CZ;Česko;27033;Jesenice;Rakovník;Středočeský kraj;541834;3212;CZ020C;27;CZ020;CZ-20
CZ-27034;CZ;Česko;27034;Čistá;Rakovník;Středočeský kraj;541699;3212;CZ020C;27;CZ020;CZ-20
CZ-27035;CZ;Česko;27035;Zavidov;Rakovník;Středočeský kraj;542601;3212;CZ020C;27;CZ020;CZ-20
CZ-27036;CZ;Česko;27036;Lubná;Rakovník;Středočeský kraj;542032;3212;CZ020C;27;CZ020;CZ-20
CZ-27041;CZ;Česko;27041;Slabce;Rakovník;Středočeský kraj;542415;3212;CZ020C;27;CZ020;CZ-20
CZ-27042;CZ;Česko;27042;Skryje;Rakovník;Středočeský kraj;542385;3212;CZ020C;27;CZ020;CZ-20
CZ-27051;CZ;Česko;27051;Lužná;Rakovník;Středočeský kraj;542041;3212;CZ020C;27;CZ020;CZ-20
CZ-27052;CZ;Česko;27052;Lišany;Rakovník;Středočeský kraj;542016;3212;CZ020C;27;CZ020;CZ-20
CZ-27053;CZ;Česko;27053;Krušovice;Rakovník;Středočeský kraj;541974;3212;CZ020C;27;CZ020;CZ-20
CZ-27054;CZ;Česko;27054;Řevničov;Rakovník;Středočeský kraj;542351;3212;CZ020C;27;CZ020;CZ-20
CZ-27055;CZ;Česko;27055;Pochvalov;Rakovník;Středočeský kraj;542237;3212;CZ020C;27;CZ020;CZ-20
CZ-27061;CZ;Česko;27061;Lány;Kladno;Středočeský kraj;541991;3203;CZ0203;27;CZ020;CZ-20
CZ-27062;CZ;Česko;27062;Rynholec;Rakovník;Středočeský kraj;542334;3212;CZ020C;27;CZ020;CZ-20
CZ-27064;CZ;Česko;27064;Mšec;Rakovník;Středočeský kraj;542105;3212;CZ020C;27;CZ020;CZ-20
CZ-27065;CZ;Česko;27065;Srbeč;Rakovník;Středočeský kraj;542431;3212;CZ020C;27;CZ020;CZ-20
CZ-27101;CZ;Česko;27101;Nové Strašecí;Rakovník;Středočeský kraj;542164;3212;CZ020C;27;CZ020;CZ-20
CZ-27201;CZ;Česko;27201;Kladno;Kladno;Středočeský kraj;532053;3203;CZ0203;27;CZ020;CZ-20
CZ-27203;CZ;Česko;27203;Kladno;Kladno;Středočeský kraj;532053;3203;CZ0203;27;CZ020;CZ-20
CZ-27204;CZ;Česko;27204;Kladno;Kladno;Středočeský kraj;532053;3203;CZ0203;27;CZ020;CZ-20
CZ-27301;CZ;Česko;27301;Kamenné Žehrovice;Kladno;Středočeský kraj;532452;3203;CZ0203;27;CZ020;CZ-20
CZ-27302;CZ;Česko;27302;Tuchlovice;Kladno;Středočeský kraj;532983;3203;CZ0203;27;CZ020;CZ-20
CZ-27303;CZ;Česko;27303;Stochov;Kladno;Středočeský kraj;532860;3203;CZ0203;27;CZ020;CZ-20
CZ-27304;CZ;Česko;27304;Kačice;Kladno;Středočeský kraj;532444;3203;CZ0203;27;CZ020;CZ-20
CZ-27305;CZ;Česko;27305;Smečno;Kladno;Středočeský kraj;532835;3203;CZ0203;27;CZ020;CZ-20
CZ-27306;CZ;Česko;27306;Libušín;Kladno;Středočeský kraj;532576;3203;CZ0203;27;CZ020;CZ-20
CZ-27307;CZ;Česko;27307;Vinařice;Kladno;Středočeský kraj;533050;3203;CZ0203;27;CZ020;CZ-20
CZ-27308;CZ;Česko;27308;Pchery;Kladno;Středočeský kraj;532720;3203;CZ0203;27;CZ020;CZ-20
CZ-27309;CZ;Česko;27309;Kladno;Kladno;Středočeský kraj;532053;3203;CZ0203;27;CZ020;CZ-20
CZ-27321;CZ;Česko;27321;Hobšovice;Kladno;Středočeský kraj;513075;3203;CZ0203;27;CZ020;CZ-20
CZ-27322;CZ;Česko;27322;Hospozín;Kladno;Středočeský kraj;532339;3203;CZ0203;27;CZ020;CZ-20
CZ-27323;CZ;Česko;27323;Černuc;Kladno;Středočeský kraj;532207;3203;CZ0203;27;CZ020;CZ-20
CZ-27324;CZ;Česko;27324;Velvary;Kladno;Středočeský kraj;533041;3203;CZ0203;27;CZ020;CZ-20
CZ-27325;CZ;Česko;27325;Zvoleněves;Kladno;Středočeský kraj;533122;3203;CZ0203;27;CZ020;CZ-20
CZ-27326;CZ;Česko;27326;Olovnice;Mělník;Středočeský kraj;532673;3206;CZ0206;27;CZ020;CZ-20
CZ-27327;CZ;Česko;27327;Otvovice;Kladno;Středočeský kraj;532681;3203;CZ0203;27;CZ020;CZ-20
CZ-27328;CZ;Česko;27328;Zákolany;Kladno;Středočeský kraj;533092;3203;CZ0203;27;CZ020;CZ-20
CZ-27329;CZ;Česko;27329;Koleč;Kladno;Středočeský kraj;532495;3203;CZ0203;27;CZ020;CZ-20
CZ-27341;CZ;Česko;27341;Brandýsek;Kladno;Středočeský kraj;532118;3203;CZ0203;27;CZ020;CZ-20
CZ-27342;CZ;Česko;27342;Stehelčeves;Kladno;Středočeský kraj;532851;3203;CZ0203;27;CZ020;CZ-20
CZ-27343;CZ;Česko;27343;Buštěhrad;Kladno;Středočeský kraj;532169;3203;CZ0203;27;CZ020;CZ-20
CZ-27345;CZ;Česko;27345;Hřebeč;Kladno;Středočeský kraj;532371;3203;CZ0203;27;CZ020;CZ-20
CZ-27351;CZ;Česko;27351;Unhošť;Kladno;Středočeský kraj;533017;3203;CZ0203;27;CZ020;CZ-20
CZ-27353;CZ;Česko;27353;Hostouň;Kladno;Středočeský kraj;532347;3203;CZ0203;27;CZ020;CZ-20
CZ-27354;CZ;Česko;27354;Lidice;Kladno;Středočeský kraj;532584;3203;CZ0203;27;CZ020;CZ-20
CZ-27361;CZ;Česko;27361;Velká Dobrá;Kladno;Středočeský kraj;533025;3203;CZ0203;27;CZ020;CZ-20
CZ-27362;CZ;Česko;27362;Družec;Kladno;Středočeský kraj;532274;3203;CZ0203;27;CZ020;CZ-20
CZ-27363;CZ;Česko;27363;Bratronice;Kladno;Středočeský kraj;532142;3203;CZ0203;27;CZ020;CZ-20
CZ-27364;CZ;Česko;27364;Doksy;Kladno;Středočeský kraj;532223;3203;CZ0203;27;CZ020;CZ-20
CZ-27371;CZ;Česko;27371;Zlonice;Kladno;Středočeský kraj;533114;3203;CZ0203;27;CZ020;CZ-20
CZ-27372;CZ;Česko;27372;Jarpice;Kladno;Středočeský kraj;532401;3203;CZ0203;27;CZ020;CZ-20
CZ-27373;CZ;Česko;27373;Vraný;Kladno;Středočeský kraj;533068;3203;CZ0203;27;CZ020;CZ-20
CZ-27374;CZ;Česko;27374;Klobuky;Kladno;Středočeský kraj;532461;3203;CZ0203;27;CZ020;CZ-20
CZ-27375;CZ;Česko;27375;Třebíz;Kladno;Středočeský kraj;532967;3203;CZ0203;27;CZ020;CZ-20
CZ-27376;CZ;Česko;27376;Pozdeň;Kladno;Středočeský kraj;532762;3203;CZ0203;27;CZ020;CZ-20
CZ-27377;CZ;Česko;27377;Malíkovice;Kladno;Středočeský kraj;532657;3203;CZ0203;27;CZ020;CZ-20
CZ-27378;CZ;Česko;27378;Řisuty;Kladno;Středočeský kraj;532797;3203;CZ0203;27;CZ020;CZ-20
CZ-27379;CZ;Česko;27379;Tuřany;Kladno;Středočeský kraj;532177;3203;CZ0203;27;CZ020;CZ-20
CZ-27401;CZ;Česko;27401;Slaný;Kladno;Středočeský kraj;532819;3203;CZ0203;27;CZ020;CZ-20
CZ-27601;CZ;Česko;27601;Mělník;Mělník;Středočeský kraj;534676;3206;CZ0206;27;CZ020;CZ-20
CZ-27701;CZ;Česko;27701;Dolní Beřkovice;Mělník;Středočeský kraj;534765;3206;CZ0206;27;CZ020;CZ-20
CZ-27703;CZ;Česko;27703;Horní Počaply;Mělník;Středočeský kraj;534790;3206;CZ0206;27;CZ020;CZ-20
CZ-27704;CZ;Česko;27704;Cítov;Mělník;Středočeský kraj;534731;3206;CZ0206;27;CZ020;CZ-20
CZ-27705;CZ;Česko;27705;Spomyšl;Mělník;Středočeský kraj;535192;3206;CZ0206;27;CZ020;CZ-20
CZ-27706;CZ;Česko;27706;Lužec nad Vltavou;Mělník;Středočeský kraj;535028;3206;CZ0206;27;CZ020;CZ-20
CZ-27707;CZ;Česko;27707;Vraňany;Mělník;Středočeský kraj;535303;3206;CZ0206;27;CZ020;CZ-20
CZ-27708;CZ;Česko;27708;Ledčice;Mělník;Středočeský kraj;534978;3206;CZ0206;27;CZ020;CZ-20
CZ-27711;CZ;Česko;27711;Neratovice;Mělník;Středočeský kraj;535087;3206;CZ0206;27;CZ020;CZ-20
CZ-27713;CZ;Česko;27713;Kostelec nad Labem;Mělník;Středočeský kraj;534935;3206;CZ0206;27;CZ020;CZ-20
CZ-27714;CZ;Česko;27714;Dřísy;Praha-východ;Středočeský kraj;534781;3209;CZ0209;27;CZ020;CZ-20
CZ-27715;CZ;Česko;27715;Tišice;Mělník;Středočeský kraj;535222;3206;CZ0206;27;CZ020;CZ-20
CZ-27716;CZ;Česko;27716;Všetaty;Mělník;Středočeský kraj;535320;3206;CZ0206;27;CZ020;CZ-20
CZ-27721;CZ;Česko;27721;Liběchov;Mělník;Středočeský kraj;535001;3206;CZ0206;27;CZ020;CZ-20
CZ-27723;CZ;Česko;27723;Kokořín;Mělník;Středočeský kraj;534901;3206;CZ0206;27;CZ020;CZ-20
CZ-27724;CZ;Česko;27724;Vysoká;Mělník;Středočeský kraj;535338;3206;CZ0206;27;CZ020;CZ-20
CZ-27731;CZ;Česko;27731;Velký Borek;Mělník;Středočeský kraj;535265;3206;CZ0206;27;CZ020;CZ-20
CZ-27732;CZ;Česko;27732;Byšice;Mělník;Středočeský kraj;534722;3206;CZ0206;27;CZ020;CZ-20
CZ-27733;CZ;Česko;27733;Řepín;Mělník;Středočeský kraj;535168;3206;CZ0206;27;CZ020;CZ-20
CZ-27734;CZ;Česko;27734;Střemy;Mělník;Středočeský kraj;535214;3206;CZ0206;27;CZ020;CZ-20
CZ-27735;CZ;Česko;27735;Mšeno;Mělník;Středočeský kraj;535052;3206;CZ0206;27;CZ020;CZ-20
CZ-27736;CZ;Česko;27736;Lobeč;Mělník;Středočeský kraj;531677;3206;CZ0206;27;CZ020;CZ-20
CZ-27737;CZ;Česko;27737;Chorušice;Mělník;Středočeský kraj;534838;3206;CZ0206;27;CZ020;CZ-20
CZ-27738;CZ;Česko;27738;Mělnické Vtelno;Mělník;Středočeský kraj;535044;3206;CZ0206;27;CZ020;CZ-20
CZ-27741;CZ;Česko;27741;Kly;Mělník;Středočeský kraj;534897;3206;CZ0206;27;CZ020;CZ-20
CZ-27742;CZ;Česko;27742;Obříství;Mělník;Středočeský kraj;535133;3206;CZ0206;27;CZ020;CZ-20
CZ-27743;CZ;Česko;27743;Chlumín;Mělník;Středočeský kraj;534820;3206;CZ0206;27;CZ020;CZ-20
CZ-27744;CZ;Česko;27744;Zlosyň;Mělník;Středočeský kraj;535389;3206;CZ0206;27;CZ020;CZ-20
CZ-27745;CZ;Česko;27745;Úžice;Mělník;Středočeský kraj;535257;3206;CZ0206;27;CZ020;CZ-20
CZ-27746;CZ;Česko;27746;Veltrusy;Mělník;Středočeský kraj;535273;3206;CZ0206;27;CZ020;CZ-20
CZ-27751;CZ;Česko;27751;Nelahozeves;Mělník;Středočeský kraj;535079;3206;CZ0206;27;CZ020;CZ-20
CZ-27752;CZ;Česko;27752;Nová Ves;Mělník;Středočeský kraj;535117;3206;CZ0206;27;CZ020;CZ-20
CZ-27801;CZ;Česko;27801;Kralupy nad Vltavou;Mělník;Středočeský kraj;534951;3206;CZ0206;27;CZ020;CZ-20
CZ-28002;CZ;Česko;28002;Kolín;Kolín;Středočeský kraj;533165;3204;CZ0204;27;CZ020;CZ-20
CZ-28101;CZ;Česko;28101;Velim;Kolín;Středočeský kraj;533831;3204;CZ0204;27;CZ020;CZ-20
CZ-28102;CZ;Česko;28102;Cerhenice;Kolín;Středočeský kraj;533246;3204;CZ0204;27;CZ020;CZ-20
CZ-28103;CZ;Česko;28103;Radim;Kolín;Středočeský kraj;533629;3204;CZ0204;27;CZ020;CZ-20
CZ-28104;CZ;Česko;28104;Plaňany;Kolín;Středočeský kraj;533581;3204;CZ0204;27;CZ020;CZ-20
CZ-28106;CZ;Česko;28106;Vitice;Kolín;Středočeský kraj;533866;3204;CZ0204;27;CZ020;CZ-20
CZ-28107;CZ;Česko;28107;Svojšice;Kolín;Středočeský kraj;533726;3204;CZ0204;27;CZ020;CZ-20
CZ-28121;CZ;Česko;28121;Červené Pečky;Kolín;Středočeský kraj;533262;3204;CZ0204;27;CZ020;CZ-20
CZ-28123;CZ;Česko;28123;Starý Kolín;Kolín;Středočeský kraj;533700;3204;CZ0204;27;CZ020;CZ-20
CZ-28125;CZ;Česko;28125;Konárovice;Kolín;Středočeský kraj;533394;3204;CZ0204;27;CZ020;CZ-20
CZ-28126;CZ;Česko;28126;Týnec nad Labem;Kolín;Středočeský kraj;533807;3204;CZ0204;27;CZ020;CZ-20
CZ-28127;CZ;Česko;28127;Krakovany;Kolín;Středočeský kraj;533441;3204;CZ0204;27;CZ020;CZ-20
CZ-28128;CZ;Česko;28128;Radovesnice II;Kolín;Středočeský kraj;533645;3204;CZ0204;27;CZ020;CZ-20
CZ-28129;CZ;Česko;28129;Žiželice;Kolín;Středočeský kraj;533947;3204;CZ0204;27;CZ020;CZ-20
CZ-28130;CZ;Česko;28130;Ohaře;Kolín;Středočeský kraj;533556;3204;CZ0204;27;CZ020;CZ-20
CZ-28141;CZ;Česko;28141;Ratboř;Kolín;Středočeský kraj;533653;3204;CZ0204;27;CZ020;CZ-20
CZ-28143;CZ;Česko;28143;Bečváry;Kolín;Středočeský kraj;533181;3204;CZ0204;27;CZ020;CZ-20
CZ-28144;CZ;Česko;28144;Zásmuky;Kolín;Středočeský kraj;533921;3204;CZ0204;27;CZ020;CZ-20
CZ-28146;CZ;Česko;28146;Horní Kruty;Kolín;Středočeský kraj;533327;3204;CZ0204;27;CZ020;CZ-20
CZ-28151;CZ;Česko;28151;Velký Osek;Kolín;Středočeský kraj;533840;3204;CZ0204;27;CZ020;CZ-20
CZ-28161;CZ;Česko;28161;Kouřim;Kolín;Středočeský kraj;533424;3204;CZ0204;27;CZ020;CZ-20
CZ-28162;CZ;Česko;28162;Oleška;Praha-východ;Středočeský kraj;533564;3209;CZ0209;27;CZ020;CZ-20
CZ-28163;CZ;Česko;28163;Kostelec nad Černými lesy;Praha-východ;Středočeský kraj;533416;3209;CZ0209;27;CZ020;CZ-20
CZ-28166;CZ;Česko;28166;Jevany;Praha-východ;Středočeský kraj;533378;3209;CZ0209;27;CZ020;CZ-20
CZ-28167;CZ;Česko;28167;Stříbrná Skalice;Praha-východ;Středočeský kraj;533718;3209;CZ0209;27;CZ020;CZ-20
CZ-28171;CZ;Česko;28171;Rostoklaty;Kolín;Středočeský kraj;533661;3204;CZ0204;27;CZ020;CZ-20
CZ-28201;CZ;Česko;28201;Český Brod;Kolín;Středočeský kraj;533271;3204;CZ0204;27;CZ020;CZ-20
CZ-28401;CZ;Česko;28401;Kutná Hora;Kutná Hora;Středočeský kraj;533955;3205;CZ0205;27;CZ020;CZ-20
CZ-28403;CZ;Česko;28403;Kutná Hora;Kutná Hora;Středočeský kraj;533955;3205;CZ0205;27;CZ020;CZ-20
CZ-28404;CZ;Česko;28404;Kutná Hora;Kutná Hora;Středočeský kraj;533955;3205;CZ0205;27;CZ020;CZ-20
CZ-28501;CZ;Česko;28501;Miskovice;Kutná Hora;Středočeský kraj;534200;3205;CZ0205;27;CZ020;CZ-20
CZ-28502;CZ;Česko;28502;Suchdol;Kutná Hora;Středočeský kraj;534439;3205;CZ0205;27;CZ020;CZ-20
CZ-28504;CZ;Česko;28504;Uhlířské Janovice;Kutná Hora;Středočeský kraj;534498;3205;CZ0205;27;CZ020;CZ-20
CZ-28506;CZ;Česko;28506;Sázava;Benešov;Středočeský kraj;534382;3201;CZ0201;27;CZ020;CZ-20
CZ-28507;CZ;Česko;28507;Rataje nad Sázavou;Kutná Hora;Středočeský kraj;534358;3205;CZ0205;27;CZ020;CZ-20
CZ-28509;CZ;Česko;28509;Kácov;Kutná Hora;Středočeský kraj;534129;3205;CZ0205;27;CZ020;CZ-20
CZ-28510;CZ;Česko;28510;Čestín;Kutná Hora;Středočeský kraj;534030;3205;CZ0205;27;CZ020;CZ-20
CZ-28511;CZ;Česko;28511;Nepoměřice;Kutná Hora;Středočeský kraj;534226;3205;CZ0205;27;CZ020;CZ-20
CZ-28521;CZ;Česko;28521;Zbraslavice;Kutná Hora;Středočeský kraj;534617;3205;CZ0205;27;CZ020;CZ-20
CZ-28522;CZ;Česko;28522;Zruč nad Sázavou;Kutná Hora;Středočeský kraj;534633;3205;CZ0205;27;CZ020;CZ-20
CZ-28523;CZ;Česko;28523;Vlastějovice;Kutná Hora;Středočeský kraj;534561;3205;CZ0205;27;CZ020;CZ-20
CZ-28525;CZ;Česko;28525;Bohdaneč;Kutná Hora;Středočeský kraj;533980;3205;CZ0205;27;CZ020;CZ-20
CZ-28531;CZ;Česko;28531;Nové Dvory;Kutná Hora;Středočeský kraj;534242;3205;CZ0205;27;CZ020;CZ-20
CZ-28532;CZ;Česko;28532;Hlízov;Kutná Hora;Středočeský kraj;531197;3205;CZ0205;27;CZ020;CZ-20
CZ-28533;CZ;Česko;28533;Církvice;Kutná Hora;Středočeský kraj;533998;3205;CZ0205;27;CZ020;CZ-20
CZ-28541;CZ;Česko;28541;Malešov;Kutná Hora;Středočeský kraj;534188;3205;CZ0205;27;CZ020;CZ-20
CZ-28542;CZ;Česko;28542;Červené Janovice;Kutná Hora;Středočeský kraj;534021;3205;CZ0205;27;CZ020;CZ-20
CZ-28543;CZ;Česko;28543;Paběnice;Kutná Hora;Středočeský kraj;531278;3205;CZ0205;27;CZ020;CZ-20
CZ-28545;CZ;Česko;28545;Kluky;Kutná Hora;Středočeský kraj;534137;3205;CZ0205;27;CZ020;CZ-20
CZ-28546;CZ;Česko;28546;Úmonín;Kutná Hora;Středočeský kraj;534501;3205;CZ0205;27;CZ020;CZ-20
CZ-28547;CZ;Česko;28547;Křesetice;Kutná Hora;Středočeský kraj;534161;3205;CZ0205;27;CZ020;CZ-20
CZ-28561;CZ;Česko;28561;Žleby;Kutná Hora;Středočeský kraj;534668;3205;CZ0205;27;CZ020;CZ-20
CZ-28562;CZ;Česko;28562;Hostovlice;Kutná Hora;Středočeský kraj;534064;3205;CZ0205;27;CZ020;CZ-20
CZ-28563;CZ;Česko;28563;Tupadly;Kutná Hora;Středočeský kraj;534480;3205;CZ0205;27;CZ020;CZ-20
CZ-28564;CZ;Česko;28564;Vlkaneč;Kutná Hora;Středočeský kraj;534579;3205;CZ0205;27;CZ020;CZ-20
CZ-28565;CZ;Česko;28565;Zbýšov;Kutná Hora;Středočeský kraj;534625;3205;CZ0205;27;CZ020;CZ-20
CZ-28571;CZ;Česko;28571;Vrdy;Kutná Hora;Středočeský kraj;534587;3205;CZ0205;27;CZ020;CZ-20
CZ-28572;CZ;Česko;28572;Bílé Podolí;Kutná Hora;Středočeský kraj;533971;3205;CZ0205;27;CZ020;CZ-20
CZ-28573;CZ;Česko;28573;Horušice;Kutná Hora;Středočeský kraj;531481;3205;CZ0205;27;CZ020;CZ-20
CZ-28574;CZ;Česko;28574;Záboří nad Labem;Kutná Hora;Středočeský kraj;534595;3205;CZ0205;27;CZ020;CZ-20
CZ-28575;CZ;Česko;28575;Žehušice;Kutná Hora;Středočeský kraj;534650;3205;CZ0205;27;CZ020;CZ-20
CZ-28576;CZ;Česko;28576;Chotusice;Kutná Hora;Středočeský kraj;534102;3205;CZ0205;27;CZ020;CZ-20
CZ-28601;CZ;Česko;28601;Čáslav;Kutná Hora;Středočeský kraj;534005;3205;CZ0205;27;CZ020;CZ-20
CZ-28802;CZ;Česko;28802;Nymburk;Nymburk;Středočeský kraj;537004;3208;CZ0208;27;CZ020;CZ-20
CZ-28901;CZ;Česko;28901;Dymokury;Nymburk;Středočeský kraj;537128;3208;CZ0208;27;CZ020;CZ-20
CZ-28902;CZ;Česko;28902;Kněžice;Nymburk;Středočeský kraj;537292;3208;CZ0208;27;CZ020;CZ-20
CZ-28903;CZ;Česko;28903;Městec Králové;Nymburk;Středočeský kraj;537489;3208;CZ0208;27;CZ020;CZ-20
CZ-28904;CZ;Česko;28904;Opočnice;Nymburk;Středočeský kraj;537578;3208;CZ0208;27;CZ020;CZ-20
CZ-28905;CZ;Česko;28905;Žehuň;Kolín;Středočeský kraj;538035;3204;CZ0204;27;CZ020;CZ-20
CZ-28906;CZ;Česko;28906;Sány;Nymburk;Středočeský kraj;537772;3208;CZ0208;27;CZ020;CZ-20
CZ-28907;CZ;Česko;28907;Libice nad Cidlinou;Nymburk;Středočeský kraj;537438;3208;CZ0208;27;CZ020;CZ-20
CZ-28908;CZ;Česko;28908;Běrunice;Nymburk;Středočeský kraj;537021;3208;CZ0208;27;CZ020;CZ-20
CZ-28911;CZ;Česko;28911;Pečky;Kolín;Středočeský kraj;537641;3204;CZ0204;27;CZ020;CZ-20
CZ-28912;CZ;Česko;28912;Sadská;Nymburk;Středočeský kraj;537764;3208;CZ0208;27;CZ020;CZ-20
CZ-28913;CZ;Česko;28913;Hořátev;Nymburk;Středočeský kraj;537152;3208;CZ0208;27;CZ020;CZ-20
CZ-28914;CZ;Česko;28914;Poříčany;Kolín;Středočeský kraj;537705;3204;CZ0204;27;CZ020;CZ-20
CZ-28915;CZ;Česko;28915;Kounice;Nymburk;Středočeský kraj;537357;3208;CZ0208;27;CZ020;CZ-20
CZ-28916;CZ;Česko;28916;Přerov nad Labem;Nymburk;Středočeský kraj;537721;3208;CZ0208;27;CZ020;CZ-20
CZ-28917;CZ;Česko;28917;Semice;Nymburk;Středočeský kraj;537781;3208;CZ0208;27;CZ020;CZ-20
CZ-28921;CZ;Česko;28921;Kostomlaty nad Labem;Nymburk;Středočeský kraj;537331;3208;CZ0208;27;CZ020;CZ-20
CZ-28922;CZ;Česko;28922;Lysá nad Labem;Nymburk;Středočeský kraj;537454;3208;CZ0208;27;CZ020;CZ-20
CZ-28923;CZ;Česko;28923;Milovice;Nymburk;Středočeský kraj;537501;3208;CZ0208;27;CZ020;CZ-20
CZ-28924;CZ;Česko;28924;Milovice;Nymburk;Středočeský kraj;537501;3208;CZ0208;27;CZ020;CZ-20
CZ-28925;CZ;Česko;28925;Straky;Nymburk;Středočeský kraj;537853;3208;CZ0208;27;CZ020;CZ-20
CZ-28926;CZ;Česko;28926;Stará Lysá;Nymburk;Středočeský kraj;537837;3208;CZ0208;27;CZ020;CZ-20
CZ-28931;CZ;Česko;28931;Bobnice;Nymburk;Středočeský kraj;537039;3208;CZ0208;27;CZ020;CZ-20
CZ-28932;CZ;Česko;28932;Hrubý Jeseník;Nymburk;Středočeský kraj;599638;3208;CZ0208;27;CZ020;CZ-20
CZ-28933;CZ;Česko;28933;Křinec;Nymburk;Středočeský kraj;537411;3208;CZ0208;27;CZ020;CZ-20
CZ-28934;CZ;Česko;28934;Rožďalovice;Nymburk;Středočeský kraj;537756;3208;CZ0208;27;CZ020;CZ-20
CZ-28935;CZ;Česko;28935;Košík;Nymburk;Středočeský kraj;537349;3208;CZ0208;27;CZ020;CZ-20
CZ-28936;CZ;Česko;28936;Mcely;Nymburk;Středočeský kraj;537462;3208;CZ0208;27;CZ020;CZ-20
CZ-28937;CZ;Česko;28937;Loučeň;Nymburk;Středočeský kraj;537446;3208;CZ0208;27;CZ020;CZ-20
CZ-28941;CZ;Česko;28941;Pňov-Předhradí;Kolín;Středočeský kraj;537675;3204;CZ0204;27;CZ020;CZ-20
CZ-29001;CZ;Česko;29001;Poděbrady;Nymburk;Středočeský kraj;537683;3208;CZ0208;27;CZ020;CZ-20
CZ-29301;CZ;Česko;29301;Mladá Boleslav;Mladá Boleslav;Středočeský kraj;535419;3207;CZ0207;27;CZ020;CZ-20
CZ-29306;CZ;Česko;29306;Kosmonosy;Mladá Boleslav;Středočeský kraj;570826;3207;CZ0207;27;CZ020;CZ-20
CZ-29307;CZ;Česko;29307;Hrdlořezy;Mladá Boleslav;Středočeský kraj;535869;3207;CZ0207;27;CZ020;CZ-20
CZ-29401;CZ;Česko;29401;Bakov nad Jizerou;Mladá Boleslav;Středočeský kraj;535427;3207;CZ0207;27;CZ020;CZ-20
CZ-29402;CZ;Česko;29402;Kněžmost;Mladá Boleslav;Středočeský kraj;536041;3207;CZ0207;27;CZ020;CZ-20
CZ-29403;CZ;Česko;29403;Obruby;Mladá Boleslav;Středočeský kraj;536407;3207;CZ0207;27;CZ020;CZ-20
CZ-29404;CZ;Česko;29404;Dolní Bousov;Mladá Boleslav;Středočeský kraj;535702;3207;CZ0207;27;CZ020;CZ-20
CZ-29405;CZ;Česko;29405;Dlouhá Lhota;Mladá Boleslav;Středočeský kraj;535656;3207;CZ0207;27;CZ020;CZ-20
CZ-29406;CZ;Česko;29406;Březno;Mladá Boleslav;Středočeský kraj;535583;3207;CZ0207;27;CZ020;CZ-20
CZ-29411;CZ;Česko;29411;Žďár;Mladá Boleslav;Středočeský kraj;536971;3207;CZ0207;27;CZ020;CZ-20
CZ-29412;CZ;Česko;29412;Žďár;Mladá Boleslav;Středočeský kraj;536971;3207;CZ0207;27;CZ020;CZ-20
CZ-29413;CZ;Česko;29413;Chocnějovice;Mladá Boleslav;Středočeský kraj;535923;3207;CZ0207;27;CZ020;CZ-20
CZ-29414;CZ;Česko;29414;Jivina;Mladá Boleslav;Středočeský kraj;535974;3207;CZ0207;27;CZ020;CZ-20
CZ-29415;CZ;Česko;29415;Klášter Hradiště nad Jizerou;Mladá Boleslav;Středočeský kraj;536024;3207;CZ0207;27;CZ020;CZ-20
CZ-29421;CZ;Česko;29421;Bělá pod Bezdězem;Mladá Boleslav;Středočeský kraj;535443;3207;CZ0207;27;CZ020;CZ-20
CZ-29423;CZ;Česko;29423;Čistá;Mladá Boleslav;Středočeský kraj;535630;3207;CZ0207;27;CZ020;CZ-20
CZ-29424;CZ;Česko;29424;Březovice;Mladá Boleslav;Středočeský kraj;599514;3207;CZ0207;27;CZ020;CZ-20
CZ-29425;CZ;Česko;29425;Katusice;Mladá Boleslav;Středočeský kraj;536008;3207;CZ0207;27;CZ020;CZ-20
CZ-29426;CZ;Česko;29426;Skalsko;Mladá Boleslav;Středočeský kraj;536636;3207;CZ0207;27;CZ020;CZ-20
CZ-29427;CZ;Česko;29427;Velké Všelisy;Mladá Boleslav;Středočeský kraj;536857;3207;CZ0207;27;CZ020;CZ-20
CZ-29428;CZ;Česko;29428;Chotětov;Mladá Boleslav;Středočeský kraj;535931;3207;CZ0207;27;CZ020;CZ-20
CZ-29429;CZ;Česko;29429;Bezno;Mladá Boleslav;Středočeský kraj;535478;3207;CZ0207;27;CZ020;CZ-20
CZ-29430;CZ;Česko;29430;Niměřice;Mladá Boleslav;Středočeský kraj;571121;3207;CZ0207;27;CZ020;CZ-20
CZ-29431;CZ;Česko;29431;Písková Lhota;Mladá Boleslav;Středočeský kraj;536440;3207;CZ0207;27;CZ020;CZ-20
CZ-29441;CZ;Česko;29441;Dobrovice;Mladá Boleslav;Středočeský kraj;535672;3207;CZ0207;27;CZ020;CZ-20
CZ-29442;CZ;Česko;29442;Luštěnice;Mladá Boleslav;Středočeský kraj;536270;3207;CZ0207;27;CZ020;CZ-20
CZ-29443;CZ;Česko;29443;Čachovice;Mladá Boleslav;Středočeský kraj;535621;3207;CZ0207;27;CZ020;CZ-20
CZ-29445;CZ;Česko;29445;Jabkenice;Mladá Boleslav;Středočeský kraj;535966;3207;CZ0207;27;CZ020;CZ-20
CZ-29446;CZ;Česko;29446;Semčice;Mladá Boleslav;Středočeský kraj;536610;3207;CZ0207;27;CZ020;CZ-20
CZ-29447;CZ;Česko;29447;Ledce;Mladá Boleslav;Středočeský kraj;536202;3207;CZ0207;27;CZ020;CZ-20
CZ-29448;CZ;Česko;29448;Domousnice;Mladá Boleslav;Středočeský kraj;535745;3207;CZ0207;27;CZ020;CZ-20
CZ-29471;CZ;Česko;29471;Benátky nad Jizerou;Mladá Boleslav;Středočeský kraj;535451;3207;CZ0207;27;CZ020;CZ-20
CZ-29473;CZ;Česko;29473;Brodce;Mladá Boleslav;Středočeský kraj;535559;3207;CZ0207;27;CZ020;CZ-20
CZ-29474;CZ;Česko;29474;Skorkov;Mladá Boleslav;Středočeský kraj;557030;3207;CZ0207;27;CZ020;CZ-20
CZ-29475;CZ;Česko;29475;Sojovice;Mladá Boleslav;Středočeský kraj;536661;3207;CZ0207;27;CZ020;CZ-20
CZ-29476;CZ;Česko;29476;Sudovo Hlavno;Praha-východ;Středočeský kraj;571954;3209;CZ0209;27;CZ020;CZ-20
CZ-29477;CZ;Česko;29477;Mečeříž;Mladá Boleslav;Středočeský kraj;565644;3207;CZ0207;27;CZ020;CZ-20
CZ-29478;CZ;Česko;29478;Dolní Slivno;Mladá Boleslav;Středočeský kraj;535729;3207;CZ0207;27;CZ020;CZ-20
CZ-29479;CZ;Česko;29479;Kropáčova Vrutice;Mladá Boleslav;Středočeský kraj;536181;3207;CZ0207;27;CZ020;CZ-20
CZ-29501;CZ;Česko;29501;Mnichovo Hradiště;Mladá Boleslav;Středočeský kraj;536326;3207;CZ0207;27;CZ020;CZ-20
CZ-30100;CZ;Česko;30100;Plzeň;Plzeň-město;Plzeňský kraj;554791;3405;CZ0323;43;CZ032;CZ-32
CZ-31200;CZ;Česko;31200;Plzeň;Plzeň-město;Plzeňský kraj;554791;3405;CZ0323;43;CZ032;CZ-32
CZ-31600;CZ;Česko;31600;Plzeň;Plzeň-město;Plzeňský kraj;554791;3405;CZ0323;43;CZ032;CZ-32
CZ-31800;CZ;Česko;31800;Plzeň;Plzeň-město;Plzeňský kraj;554791;3405;CZ0323;43;CZ032;CZ-32
CZ-32100;CZ;Česko;32100;Plzeň;Plzeň-město;Plzeňský kraj;554791;3405;CZ0323;43;CZ032;CZ-32
CZ-32200;CZ;Česko;32200;Plzeň;Plzeň-město;Plzeňský kraj;554791;3405;CZ0323;43;CZ032;CZ-32
CZ-32300;CZ;Česko;32300;Plzeň;Plzeň-město;Plzeňský kraj;554791;3405;CZ0323;43;CZ032;CZ-32
CZ-32600;CZ;Česko;32600;Plzeň;Plzeň-město;Plzeňský kraj;554791;3405;CZ0323;43;CZ032;CZ-32
CZ-33001;CZ;Česko;33001;Kyšice;Plzeň-město;Plzeňský kraj;559130;3405;CZ0323;43;CZ032;CZ-32
CZ-33002;CZ;Česko;33002;Dýšina;Plzeň-město;Plzeňský kraj;558851;3405;CZ0323;43;CZ032;CZ-32
CZ-33003;CZ;Česko;33003;Chrást;Plzeň-město;Plzeňský kraj;558966;3405;CZ0323;43;CZ032;CZ-32
CZ-33005;CZ;Česko;33005;Dobříč;Plzeň-sever;Plzeňský kraj;558770;3407;CZ0325;43;CZ032;CZ-32
CZ-33007;CZ;Česko;33007;Druztová;Plzeň-sever;Plzeňský kraj;558834;3407;CZ0325;43;CZ032;CZ-32
CZ-33008;CZ;Česko;33008;Zruč-Senec;Plzeň-sever;Plzeňský kraj;559679;3407;CZ0325;43;CZ032;CZ-32
CZ-33011;CZ;Česko;33011;Třemošná;Plzeň-sever;Plzeňský kraj;559521;3407;CZ0325;43;CZ032;CZ-32
CZ-33012;CZ;Česko;33012;Horní Bříza;Plzeň-sever;Plzeňský kraj;558885;3407;CZ0325;43;CZ032;CZ-32
CZ-33013;CZ;Česko;33013;Trnová;Plzeň-sever;Plzeňský kraj;559504;3407;CZ0325;43;CZ032;CZ-32
CZ-33014;CZ;Česko;33014;Ledce;Plzeň-sever;Plzeňský kraj;559148;3407;CZ0325;43;CZ032;CZ-32
CZ-33016;CZ;Česko;33016;Všeruby;Plzeň-sever;Plzeňský kraj;559628;3407;CZ0325;43;CZ032;CZ-32
CZ-33017;CZ;Česko;33017;Chotíkov;Plzeň-sever;Plzeňský kraj;558940;3407;CZ0325;43;CZ032;CZ-32
CZ-33021;CZ;Česko;33021;Líně;Plzeň-sever;Plzeňský kraj;559164;3407;CZ0325;43;CZ032;CZ-32
CZ-33022;CZ;Česko;33022;Zbůch;Plzeň-sever;Plzeňský kraj;559661;3407;CZ0325;43;CZ032;CZ-32
CZ-33023;CZ;Česko;33023;Nýřany;Plzeň-sever;Plzeňský kraj;559300;3407;CZ0325;43;CZ032;CZ-32
CZ-33024;CZ;Česko;33024;Heřmanova Huť;Plzeň-sever;Plzeňský kraj;558869;3407;CZ0325;43;CZ032;CZ-32
CZ-33025;CZ;Česko;33025;Blatnice;Plzeň-sever;Plzeňský kraj;558672;3407;CZ0325;43;CZ032;CZ-32
CZ-33026;CZ;Česko;33026;Tlučná;Plzeň-sever;Plzeňský kraj;559491;3407;CZ0325;43;CZ032;CZ-32
CZ-33027;CZ;Česko;33027;Vejprnice;Plzeň-sever;Plzeňský kraj;559580;3407;CZ0325;43;CZ032;CZ-32
CZ-33032;CZ;Česko;33032;Bdeněves;Plzeň-sever;Plzeňský kraj;566756;3407;CZ0325;43;CZ032;CZ-32
CZ-33033;CZ;Česko;33033;Pňovany;Plzeň-sever;Plzeňský kraj;559377;3407;CZ0325;43;CZ032;CZ-32
CZ-33035;CZ;Česko;33035;Líšťany;Plzeň-sever;Plzeňský kraj;559172;3407;CZ0325;43;CZ032;CZ-32
CZ-33036;CZ;Česko;33036;Čerňovice;Plzeň-sever;Plzeňský kraj;530328;3407;CZ0325;43;CZ032;CZ-32
CZ-33038;CZ;Česko;33038;Úněšov;Plzeň-sever;Plzeňský kraj;559563;3407;CZ0325;43;CZ032;CZ-32
CZ-33040;CZ;Česko;33040;Úterý;Plzeň-sever;Plzeňský kraj;559571;3407;CZ0325;43;CZ032;CZ-32
CZ-33041;CZ;Česko;33041;Bezvěrov;Plzeň-sever;Plzeňský kraj;558656;3407;CZ0325;43;CZ032;CZ-32
CZ-33101;CZ;Česko;33101;Plasy;Plzeň-sever;Plzeňský kraj;559351;3407;CZ0325;43;CZ032;CZ-32
CZ-33141;CZ;Česko;33141;Kralovice;Plzeň-sever;Plzeňský kraj;559075;3407;CZ0325;43;CZ032;CZ-32
CZ-33144;CZ;Česko;33144;Kožlany;Plzeň-sever;Plzeňský kraj;559067;3407;CZ0325;43;CZ032;CZ-32
CZ-33151;CZ;Česko;33151;Kaznějov;Plzeň-sever;Plzeňský kraj;559008;3407;CZ0325;43;CZ032;CZ-32
CZ-33152;CZ;Česko;33152;Horní Bělá;Plzeň-sever;Plzeňský kraj;558877;3407;CZ0325;43;CZ032;CZ-32
CZ-33162;CZ;Česko;33162;Manětín;Plzeň-sever;Plzeňský kraj;559202;3407;CZ0325;43;CZ032;CZ-32
CZ-33165;CZ;Česko;33165;Žihle;Plzeň-sever;Plzeňský kraj;559695;3407;CZ0325;43;CZ032;CZ-32
CZ-33201;CZ;Česko;33201;Tymákov;Plzeň-město;Plzeňský kraj;558460;3405;CZ0323;43;CZ032;CZ-32
CZ-33202;CZ;Česko;33202;Starý Plzenec;Plzeň-město;Plzeňský kraj;558371;3405;CZ0323;43;CZ032;CZ-32
CZ-33203;CZ;Česko;33203;Šťáhlavy;Plzeň-město;Plzeňský kraj;558427;3405;CZ0323;43;CZ032;CZ-32
CZ-33204;CZ;Česko;33204;Losiná;Plzeň-město;Plzeňský kraj;558001;3405;CZ0323;43;CZ032;CZ-32
CZ-33205;CZ;Česko;33205;Chválenice;Plzeň-město;Plzeňský kraj;557846;3405;CZ0323;43;CZ032;CZ-32
CZ-33207;CZ;Česko;33207;Střížovice;Plzeň-jih;Plzeňský kraj;558401;3406;CZ0324;43;CZ032;CZ-32
CZ-33209;CZ;Česko;33209;Štěnovice;Plzeň-jih;Plzeňský kraj;558435;3406;CZ0324;43;CZ032;CZ-32
CZ-33211;CZ;Česko;33211;Hradec;Plzeň-jih;Plzeňský kraj;557731;3406;CZ0324;43;CZ032;CZ-32
CZ-33214;CZ;Česko;33214;Chotěšov;Plzeň-jih;Plzeňský kraj;557838;3406;CZ0324;43;CZ032;CZ-32
CZ-33301;CZ;Česko;33301;Stod;Plzeň-jih;Plzeňský kraj;558389;3406;CZ0324;43;CZ032;CZ-32
CZ-33401;CZ;Česko;33401;Přeštice;Plzeň-jih;Plzeňský kraj;558249;3406;CZ0324;43;CZ032;CZ-32
CZ-33441;CZ;Česko;33441;Dobřany;Plzeň-jih;Plzeňský kraj;557676;3406;CZ0324;43;CZ032;CZ-32
CZ-33442;CZ;Česko;33442;Chlumčany;Plzeň-jih;Plzeňský kraj;557781;3406;CZ0324;43;CZ032;CZ-32
CZ-33443;CZ;Česko;33443;Dnešice;Plzeň-jih;Plzeňský kraj;557668;3406;CZ0324;43;CZ032;CZ-32
CZ-33444;CZ;Česko;33444;Dolní Lukavice;Plzeň-jih;Plzeňský kraj;557684;3406;CZ0324;43;CZ032;CZ-32
CZ-33452;CZ;Česko;33452;Merklín;Plzeň-jih;Plzeňský kraj;558044;3406;CZ0324;43;CZ032;CZ-32
CZ-33453;CZ;Česko;33453;Roupov;Plzeň-jih;Plzeňský kraj;558290;3406;CZ0324;43;CZ032;CZ-32
CZ-33454;CZ;Česko;33454;Lužany;Plzeň-jih;Plzeňský kraj;558028;3406;CZ0324;43;CZ032;CZ-32
CZ-33455;CZ;Česko;33455;Horšice;Plzeň-jih;Plzeňský kraj;557722;3406;CZ0324;43;CZ032;CZ-32
CZ-33501;CZ;Česko;33501;Nepomuk;Plzeň-jih;Plzeňský kraj;558109;3406;CZ0324;43;CZ032;CZ-32
CZ-33503;CZ;Česko;33503;Nepomuk;Plzeň-jih;Plzeňský kraj;558109;3406;CZ0324;43;CZ032;CZ-32
CZ-33541;CZ;Česko;33541;Vrčeň;Plzeň-jih;Plzeňský kraj;558559;3406;CZ0324;43;CZ032;CZ-32
CZ-33543;CZ;Česko;33543;Mladý Smolivec;Plzeň-jih;Plzeňský kraj;558061;3406;CZ0324;43;CZ032;CZ-32
CZ-33544;CZ;Česko;33544;Kasejovice;Plzeň-jih;Plzeňský kraj;557862;3406;CZ0324;43;CZ032;CZ-32
CZ-33546;CZ;Česko;33546;Oselce;Plzeň-jih;Plzeňský kraj;558184;3406;CZ0324;43;CZ032;CZ-32
CZ-33547;CZ;Česko;33547;Nekvasovy;Plzeň-jih;Plzeňský kraj;558095;3406;CZ0324;43;CZ032;CZ-32
CZ-33551;CZ;Česko;33551;Měcholupy;Plzeň-jih;Plzeňský kraj;539716;3406;CZ0324;43;CZ032;CZ-32
CZ-33554;CZ;Česko;33554;Žinkovy;Plzeň-jih;Plzeňský kraj;558630;3406;CZ0324;43;CZ032;CZ-32
CZ-33555;CZ;Česko;33555;Neurazy;Plzeň-jih;Plzeňský kraj;558125;3406;CZ0324;43;CZ032;CZ-32
CZ-33561;CZ;Česko;33561;Spálené Poříčí;Plzeň-jih;Plzeňský kraj;558362;3406;CZ0324;43;CZ032;CZ-32
CZ-33563;CZ;Česko;33563;Nové Mitrovice;Plzeň-jih;Plzeňský kraj;558176;3406;CZ0324;43;CZ032;CZ-32
CZ-33564;CZ;Česko;33564;Čížkov;Plzeň-jih;Plzeňský kraj;557650;3406;CZ0324;43;CZ032;CZ-32
CZ-33601;CZ;Česko;33601;Blovice;Plzeň-jih;Plzeňský kraj;557587;3406;CZ0324;43;CZ032;CZ-32
CZ-33701;CZ;Česko;33701;Rokycany;Rokycany;Plzeňský kraj;559717;3408;CZ0326;43;CZ032;CZ-32
CZ-33801;CZ;Česko;33801;Holoubkov;Rokycany;Plzeňský kraj;559814;3408;CZ0326;43;CZ032;CZ-32
CZ-33805;CZ;Česko;33805;Mýto;Rokycany;Plzeňský kraj;560014;3408;CZ0326;43;CZ032;CZ-32
CZ-33806;CZ;Česko;33806;Cheznovice;Rokycany;Plzeňský kraj;559857;3408;CZ0326;43;CZ032;CZ-32
CZ-33808;CZ;Česko;33808;Zbiroh;Rokycany;Plzeňský kraj;560260;3408;CZ0326;43;CZ032;CZ-32
CZ-33821;CZ;Česko;33821;Osek;Rokycany;Plzeňský kraj;560057;3408;CZ0326;43;CZ032;CZ-32
CZ-33822;CZ;Česko;33822;Volduchy;Rokycany;Plzeňský kraj;560251;3408;CZ0326;43;CZ032;CZ-32
CZ-33824;CZ;Česko;33824;Břasy;Rokycany;Plzeňský kraj;559725;3408;CZ0326;43;CZ032;CZ-32
CZ-33828;CZ;Česko;33828;Radnice;Rokycany;Plzeňský kraj;560120;3408;CZ0326;43;CZ032;CZ-32
CZ-33841;CZ;Česko;33841;Klabava;Rokycany;Plzeňský kraj;559911;3408;CZ0326;43;CZ032;CZ-32
CZ-33842;CZ;Česko;33842;Hrádek;Rokycany;Plzeňský kraj;559822;3408;CZ0326;43;CZ032;CZ-32
CZ-33843;CZ;Česko;33843;Mirošov;Rokycany;Plzeňský kraj;559997;3408;CZ0326;43;CZ032;CZ-32
CZ-33844;CZ;Česko;33844;Dobřív;Rokycany;Plzeňský kraj;559776;3408;CZ0326;43;CZ032;CZ-32
CZ-33845;CZ;Česko;33845;Strašice;Rokycany;Plzeňský kraj;560162;3408;CZ0326;43;CZ032;CZ-32
CZ-33901;CZ;Česko;33901;Klatovy;Klatovy;Plzeňský kraj;555771;3404;CZ0322;43;CZ032;CZ-32
CZ-34004;CZ;Česko;34004;Železná Ruda;Klatovy;Plzeňský kraj;557528;3404;CZ0322;43;CZ032;CZ-32
CZ-34012;CZ;Česko;34012;Švihov;Klatovy;Plzeňský kraj;557200;3404;CZ0322;43;CZ032;CZ-32
CZ-34021;CZ;Česko;34021;Janovice nad Úhlavou;Klatovy;Plzeňský kraj;556394;3404;CZ0322;43;CZ032;CZ-32
CZ-34022;CZ;Česko;34022;Nýrsko;Klatovy;Plzeňský kraj;556831;3404;CZ0322;43;CZ032;CZ-32
CZ-34034;CZ;Česko;34034;Plánice;Klatovy;Plzeňský kraj;556955;3404;CZ0322;43;CZ032;CZ-32
CZ-34101;CZ;Česko;34101;Horažďovice;Klatovy;Plzeňský kraj;556254;3404;CZ0322;43;CZ032;CZ-32
CZ-34142;CZ;Česko;34142;Kolinec;Klatovy;Plzeňský kraj;556467;3404;CZ0322;43;CZ032;CZ-32
CZ-34192;CZ;Česko;34192;Kašperské Hory;Klatovy;Plzeňský kraj;556432;3404;CZ0322;43;CZ032;CZ-32
CZ-34201;CZ;Česko;34201;Sušice;Klatovy;Plzeňský kraj;557153;3404;CZ0322;43;CZ032;CZ-32
CZ-34401;CZ;Česko;34401;Domažlice;Domažlice;Plzeňský kraj;553425;3401;CZ0321;43;CZ032;CZ-32
CZ-34501;CZ;Česko;34501;Mrákov;Domažlice;Plzeňský kraj;553981;3401;CZ0321;43;CZ032;CZ-32
CZ-34502;CZ;Česko;34502;Kout na Šumavě;Domažlice;Plzeňský kraj;553824;3401;CZ0321;43;CZ032;CZ-32
CZ-34506;CZ;Česko;34506;Kdyně;Domažlice;Plzeňský kraj;553786;3401;CZ0321;43;CZ032;CZ-32
CZ-34507;CZ;Česko;34507;Všeruby;Domažlice;Plzeňský kraj;554456;3401;CZ0321;43;CZ032;CZ-32
CZ-34509;CZ;Česko;34509;Pocinovice;Domažlice;Plzeňský kraj;554120;3401;CZ0321;43;CZ032;CZ-32
CZ-34521;CZ;Česko;34521;Meclov;Domažlice;Plzeňský kraj;553913;3401;CZ0321;43;CZ032;CZ-32
CZ-34522;CZ;Česko;34522;Poběžovice;Domažlice;Plzeňský kraj;554111;3401;CZ0321;43;CZ032;CZ-32
CZ-34525;CZ;Česko;34525;Hostouň;Domažlice;Plzeňský kraj;553689;3401;CZ0321;43;CZ032;CZ-32
CZ-34526;CZ;Česko;34526;Bělá nad Radbuzou;Domažlice;Plzeňský kraj;553441;3401;CZ0321;43;CZ032;CZ-32
CZ-34532;CZ;Česko;34532;Česká Kubice;Domažlice;Plzeňský kraj;553549;3401;CZ0321;43;CZ032;CZ-32
CZ-34533;CZ;Česko;34533;Chodov;Domažlice;Plzeňský kraj;553735;3401;CZ0321;43;CZ032;CZ-32
CZ-34534;CZ;Česko;34534;Klenčí pod Čerchovem;Domažlice;Plzeňský kraj;553794;3401;CZ0321;43;CZ032;CZ-32
CZ-34535;CZ;Česko;34535;Postřekov;Domažlice;Plzeňský kraj;554138;3401;CZ0321;43;CZ032;CZ-32
CZ-34543;CZ;Česko;34543;Koloveč;Domažlice;Plzeňský kraj;553816;3401;CZ0321;43;CZ032;CZ-32
CZ-34545;CZ;Česko;34545;Blížejov;Domažlice;Plzeňský kraj;553450;3401;CZ0321;43;CZ032;CZ-32
CZ-34561;CZ;Česko;34561;Staňkov;Domažlice;Plzeňský kraj;554294;3401;CZ0321;43;CZ032;CZ-32
CZ-34562;CZ;Česko;34562;Holýšov;Plzeň-jih;Plzeňský kraj;553654;3406;CZ0324;43;CZ032;CZ-32
CZ-34601;CZ;Česko;34601;Horšovský Týn;Domažlice;Plzeňský kraj;553671;3401;CZ0321;43;CZ032;CZ-32
CZ-34701;CZ;Česko;34701;Tachov;Tachov;Plzeňský kraj;560715;3410;CZ0327;43;CZ032;CZ-32
CZ-34801;CZ;Česko;34801;Staré Sedliště;Tachov;Plzeňský kraj;561185;3410;CZ0327;43;CZ032;CZ-32
CZ-34802;CZ;Česko;34802;Bor;Tachov;Plzeňský kraj;560758;3410;CZ0327;43;CZ032;CZ-32
CZ-34806;CZ;Česko;34806;Přimda;Tachov;Plzeňský kraj;561151;3410;CZ0327;43;CZ032;CZ-32
CZ-34813;CZ;Česko;34813;Chodová Planá;Tachov;Plzeňský kraj;560901;3410;CZ0327;43;CZ032;CZ-32
CZ-34815;CZ;Česko;34815;Planá;Tachov;Plzeňský kraj;561134;3410;CZ0327;43;CZ032;CZ-32
CZ-34901;CZ;Česko;34901;Stříbro;Tachov;Plzeňský kraj;561215;3410;CZ0327;43;CZ032;CZ-32
CZ-34952;CZ;Česko;34952;Konstantinovy Lázně;Tachov;Plzeňský kraj;560952;3410;CZ0327;43;CZ032;CZ-32
CZ-34953;CZ;Česko;34953;Bezdružice;Tachov;Plzeňský kraj;560740;3410;CZ0327;43;CZ032;CZ-32
CZ-34958;CZ;Česko;34958;Černošín;Tachov;Plzeňský kraj;560812;3410;CZ0327;43;CZ032;CZ-32
CZ-34961;CZ;Česko;34961;Kladruby;Tachov;Plzeňský kraj;560928;3410;CZ0327;43;CZ032;CZ-32
CZ-35002;CZ;Česko;35002;Cheb;Cheb;Karlovarský kraj;554481;3402;CZ0411;51;CZ041;CZ-41
CZ-35101;CZ;Česko;35101;Františkovy Lázně;Cheb;Karlovarský kraj;554529;3402;CZ0411;51;CZ041;CZ-41
CZ-35124;CZ;Česko;35124;Hranice;Cheb;Karlovarský kraj;554553;3402;CZ0411;51;CZ041;CZ-41
CZ-35131;CZ;Česko;35131;Libá;Cheb;Karlovarský kraj;554618;3402;CZ0411;51;CZ041;CZ-41
CZ-35132;CZ;Česko;35132;Hazlov;Cheb;Karlovarský kraj;554545;3402;CZ0411;51;CZ041;CZ-41
CZ-35134;CZ;Česko;35134;Skalná;Cheb;Karlovarský kraj;554812;3402;CZ0411;51;CZ041;CZ-41
CZ-35135;CZ;Česko;35135;Plesná;Cheb;Karlovarský kraj;554740;3402;CZ0411;51;CZ041;CZ-41
CZ-35137;CZ;Česko;35137;Luby;Cheb;Karlovarský kraj;554634;3402;CZ0411;51;CZ041;CZ-41
CZ-35201;CZ;Česko;35201;Aš;Cheb;Karlovarský kraj;554499;3402;CZ0411;51;CZ041;CZ-41
CZ-35301;CZ;Česko;35301;Mariánské Lázně;Cheb;Karlovarský kraj;554642;3402;CZ0411;51;CZ041;CZ-41
CZ-35491;CZ;Česko;35491;Lázně Kynžvart;Cheb;Karlovarský kraj;554600;3402;CZ0411;51;CZ041;CZ-41
CZ-35493;CZ;Česko;35493;Dolní Žandov;Cheb;Karlovarský kraj;554502;3402;CZ0411;51;CZ041;CZ-41
CZ-35601;CZ;Česko;35601;Sokolov;Sokolov;Karlovarský kraj;560286;3409;CZ0413;51;CZ041;CZ-41
CZ-35604;CZ;Česko;35604;Dolní Rychnov;Sokolov;Karlovarský kraj;538591;3409;CZ0413;51;CZ041;CZ-41
CZ-35701;CZ;Česko;35701;Rotava;Sokolov;Karlovarský kraj;560600;3409;CZ0413;51;CZ041;CZ-41
CZ-35703;CZ;Česko;35703;Svatava;Sokolov;Karlovarský kraj;538434;3409;CZ0413;51;CZ041;CZ-41
CZ-35707;CZ;Česko;35707;Oloví;Sokolov;Karlovarský kraj;560588;3409;CZ0413;51;CZ041;CZ-41
CZ-35708;CZ;Česko;35708;Krajková;Sokolov;Karlovarský kraj;560456;3409;CZ0413;51;CZ041;CZ-41
CZ-35709;CZ;Česko;35709;Habartov;Sokolov;Karlovarský kraj;560359;3409;CZ0413;51;CZ041;CZ-41
CZ-35731;CZ;Česko;35731;Horní Slavkov;Sokolov;Karlovarský kraj;560367;3409;CZ0413;51;CZ041;CZ-41
CZ-35733;CZ;Česko;35733;Loket;Sokolov;Karlovarský kraj;560537;3409;CZ0413;51;CZ041;CZ-41
CZ-35734;CZ;Česko;35734;Nové Sedlo;Sokolov;Karlovarský kraj;560570;3409;CZ0413;51;CZ041;CZ-41
CZ-35735;CZ;Česko;35735;Chodov;Sokolov;Karlovarský kraj;560383;3409;CZ0413;51;CZ041;CZ-41
CZ-35751;CZ;Česko;35751;Kynšperk nad Ohří;Sokolov;Karlovarský kraj;560499;3409;CZ0413;51;CZ041;CZ-41
CZ-35755;CZ;Česko;35755;Bukovany;Sokolov;Karlovarský kraj;560316;3409;CZ0413;51;CZ041;CZ-41
CZ-35801;CZ;Česko;35801;Kraslice;Sokolov;Karlovarský kraj;560472;3409;CZ0413;51;CZ041;CZ-41
CZ-36001;CZ;Česko;36001;Karlovy Vary;Karlovy Vary;Karlovarský kraj;554961;3403;CZ0412;51;CZ041;CZ-41
CZ-36004;CZ;Česko;36004;Karlovy Vary;Karlovy Vary;Karlovarský kraj;554961;3403;CZ0412;51;CZ041;CZ-41
CZ-36005;CZ;Česko;36005;Karlovy Vary;Karlovy Vary;Karlovarský kraj;554961;3403;CZ0412;51;CZ041;CZ-41
CZ-36006;CZ;Česko;36006;Karlovy Vary;Karlovy Vary;Karlovarský kraj;554961;3403;CZ0412;51;CZ041;CZ-41
CZ-36007;CZ;Česko;36007;Karlovy Vary;Karlovy Vary;Karlovarský kraj;554961;3403;CZ0412;51;CZ041;CZ-41
CZ-36010;CZ;Česko;36010;Karlovy Vary;Karlovy Vary;Karlovarský kraj;554961;3403;CZ0412;51;CZ041;CZ-41
CZ-36017;CZ;Česko;36017;Karlovy Vary;Karlovy Vary;Karlovarský kraj;554961;3403;CZ0412;51;CZ041;CZ-41
CZ-36018;CZ;Česko;36018;Karlovy Vary;Karlovy Vary;Karlovarský kraj;554961;3403;CZ0412;51;CZ041;CZ-41
CZ-36221;CZ;Česko;36221;Nejdek;Karlovy Vary;Karlovarský kraj;555380;3403;CZ0412;51;CZ041;CZ-41
CZ-36222;CZ;Česko;36222;Nejdek;Karlovy Vary;Karlovarský kraj;555380;3403;CZ0412;51;CZ041;CZ-41
CZ-36225;CZ;Česko;36225;Nová Role;Karlovy Vary;Karlovarský kraj;555398;3403;CZ0412;51;CZ041;CZ-41
CZ-36233;CZ;Česko;36233;Hroznětín;Karlovy Vary;Karlovarský kraj;555185;3403;CZ0412;51;CZ041;CZ-41
CZ-36234;CZ;Česko;36234;Merklín;Karlovy Vary;Karlovarský kraj;555363;3403;CZ0412;51;CZ041;CZ-41
CZ-36235;CZ;Česko;36235;Abertamy;Karlovy Vary;Karlovarský kraj;554979;3403;CZ0412;51;CZ041;CZ-41
CZ-36236;CZ;Česko;36236;Pernink;Karlovy Vary;Karlovarský kraj;555452;3403;CZ0412;51;CZ041;CZ-41
CZ-36251;CZ;Česko;36251;Jáchymov;Karlovy Vary;Karlovarský kraj;555215;3403;CZ0412;51;CZ041;CZ-41
CZ-36262;CZ;Česko;36262;Boží Dar;Karlovy Vary;Karlovarský kraj;506486;3403;CZ0412;51;CZ041;CZ-41
CZ-36263;CZ;Česko;36263;Dalovice;Karlovy Vary;Karlovarský kraj;537918;3403;CZ0412;51;CZ041;CZ-41
CZ-36272;CZ;Česko;36272;Kyselka;Karlovy Vary;Karlovarský kraj;555347;3403;CZ0412;51;CZ041;CZ-41
CZ-36273;CZ;Česko;36273;Vojkovice;Karlovy Vary;Karlovarský kraj;555738;3403;CZ0412;51;CZ041;CZ-41
CZ-36301;CZ;Česko;36301;Ostrov;Karlovy Vary;Karlovarský kraj;555428;3403;CZ0412;51;CZ041;CZ-41
CZ-36401;CZ;Česko;36401;Toužim;Karlovy Vary;Karlovarský kraj;555657;3403;CZ0412;51;CZ041;CZ-41
CZ-36452;CZ;Česko;36452;Žlutice;Karlovy Vary;Karlovarský kraj;555762;3403;CZ0412;51;CZ041;CZ-41
CZ-36453;CZ;Česko;36453;Chyše;Karlovy Vary;Karlovarský kraj;555207;3403;CZ0412;51;CZ041;CZ-41
CZ-36461;CZ;Česko;36461;Teplá;Cheb;Karlovarský kraj;555631;3402;CZ0411;51;CZ041;CZ-41
CZ-36464;CZ;Česko;36464;Bečov nad Teplou;Karlovy Vary;Karlovarský kraj;554995;3403;CZ0412;51;CZ041;CZ-41
CZ-36471;CZ;Česko;36471;Bochov;Karlovy Vary;Karlovarský kraj;555029;3403;CZ0412;51;CZ041;CZ-41
CZ-37001;CZ;Česko;37001;České Budějovice;České Budějovice;Jihočeský kraj;544256;3301;CZ0311;35;CZ031;CZ-31
CZ-37004;CZ;Česko;37004;České Budějovice;České Budějovice;Jihočeský kraj;544256;3301;CZ0311;35;CZ031;CZ-31
CZ-37005;CZ;Česko;37005;České Budějovice;České Budějovice;Jihočeský kraj;544256;3301;CZ0311;35;CZ031;CZ-31
CZ-37006;CZ;Česko;37006;České Budějovice;České Budějovice;Jihočeský kraj;544256;3301;CZ0311;35;CZ031;CZ-31
CZ-37007;CZ;Česko;37007;České Budějovice;České Budějovice;Jihočeský kraj;544256;3301;CZ0311;35;CZ031;CZ-31
CZ-37008;CZ;Česko;37008;České Budějovice;České Budějovice;Jihočeský kraj;544256;3301;CZ0311;35;CZ031;CZ-31
CZ-37010;CZ;Česko;37010;České Budějovice;České Budějovice;Jihočeský kraj;544256;3301;CZ0311;35;CZ031;CZ-31
CZ-37011;CZ;Česko;37011;České Budějovice;České Budějovice;Jihočeský kraj;544256;3301;CZ0311;35;CZ031;CZ-31
CZ-37301;CZ;Česko;37301;Temelín;České Budějovice;Jihočeský kraj;545155;3301;CZ0311;35;CZ031;CZ-31
CZ-37302;CZ;Česko;37302;Všemyslice;České Budějovice;Jihočeský kraj;545287;3301;CZ0311;35;CZ031;CZ-31
CZ-37304;CZ;Česko;37304;Chrášťany;České Budějovice;Jihočeský kraj;544591;3301;CZ0311;35;CZ031;CZ-31
CZ-37305;CZ;Česko;37305;Temelín;České Budějovice;Jihočeský kraj;545155;3301;CZ0311;35;CZ031;CZ-31
CZ-37311;CZ;Česko;37311;Ledenice;České Budějovice;Jihočeský kraj;544736;3301;CZ0311;35;CZ031;CZ-31
CZ-37312;CZ;Česko;37312;Borovany;České Budějovice;Jihočeský kraj;544281;3301;CZ0311;35;CZ031;CZ-31
CZ-37314;CZ;Česko;37314;Komařice;České Budějovice;Jihočeský kraj;535877;3301;CZ0311;35;CZ031;CZ-31
CZ-37315;CZ;Česko;37315;Nová Ves;České Budějovice;Jihočeský kraj;535648;3301;CZ0311;35;CZ031;CZ-31
CZ-37316;CZ;Česko;37316;Dobrá Voda u Českých Budějovic;České Budějovice;Jihočeský kraj;535206;3301;CZ0311;35;CZ031;CZ-31
CZ-37321;CZ;Česko;37321;Slavče;České Budějovice;Jihočeský kraj;545023;3301;CZ0311;35;CZ031;CZ-31
CZ-37322;CZ;Česko;37322;Ločenice;České Budějovice;Jihočeský kraj;544809;3301;CZ0311;35;CZ031;CZ-31
CZ-37323;CZ;Česko;37323;Svatý Jan nad Malší;České Budějovice;Jihočeský kraj;545104;3301;CZ0311;35;CZ031;CZ-31
CZ-37324;CZ;Česko;37324;Římov;České Budějovice;Jihočeský kraj;545007;3301;CZ0311;35;CZ031;CZ-31
CZ-37331;CZ;Česko;37331;Olešnice;České Budějovice;Jihočeský kraj;544884;3301;CZ0311;35;CZ031;CZ-31
CZ-37332;CZ;Česko;37332;Jílovice;České Budějovice;Jihočeský kraj;544639;3301;CZ0311;35;CZ031;CZ-31
CZ-37333;CZ;Česko;37333;Nové Hrady;České Budějovice;Jihočeský kraj;544868;3301;CZ0311;35;CZ031;CZ-31
CZ-37335;CZ;Česko;37335;Horní Stropnice;České Budějovice;Jihočeský kraj;544515;3301;CZ0311;35;CZ031;CZ-31
CZ-37336;CZ;Česko;37336;Horní Stropnice;České Budějovice;Jihočeský kraj;544515;3301;CZ0311;35;CZ031;CZ-31
CZ-37341;CZ;Česko;37341;Hluboká nad Vltavou;České Budějovice;Jihočeský kraj;544485;3301;CZ0311;35;CZ031;CZ-31
CZ-37343;CZ;Česko;37343;Hluboká nad Vltavou;České Budějovice;Jihočeský kraj;544485;3301;CZ0311;35;CZ031;CZ-31
CZ-37344;CZ;Česko;37344;Zliv;České Budějovice;Jihočeský kraj;545341;3301;CZ0311;35;CZ031;CZ-31
CZ-37346;CZ;Česko;37346;Pištín;České Budějovice;Jihočeský kraj;535991;3301;CZ0311;35;CZ031;CZ-31
CZ-37347;CZ;Česko;37347;Sedlec;České Budějovice;Jihočeský kraj;545015;3301;CZ0311;35;CZ031;CZ-31
CZ-37348;CZ;Česko;37348;Dívčice;České Budějovice;Jihočeský kraj;544361;3301;CZ0311;35;CZ031;CZ-31
CZ-37349;CZ;Česko;37349;Mydlovary;České Budějovice;Jihočeský kraj;535281;3301;CZ0311;35;CZ031;CZ-31
CZ-37350;CZ;Česko;37350;Olešník;České Budějovice;Jihočeský kraj;544892;3301;CZ0311;35;CZ031;CZ-31
CZ-37351;CZ;Česko;37351;Dříteň;České Budějovice;Jihočeský kraj;544426;3301;CZ0311;35;CZ031;CZ-31
CZ-37361;CZ;Česko;37361;Hrdějovice;České Budějovice;Jihočeský kraj;544558;3301;CZ0311;35;CZ031;CZ-31
CZ-37362;CZ;Česko;37362;Chotýčany;České Budějovice;Jihočeský kraj;535907;3301;CZ0311;35;CZ031;CZ-31
CZ-37363;CZ;Česko;37363;Ševětín;České Budějovice;Jihočeský kraj;545121;3301;CZ0311;35;CZ031;CZ-31
CZ-37364;CZ;Česko;37364;Dynín;České Budějovice;Jihočeský kraj;544451;3301;CZ0311;35;CZ031;CZ-31
CZ-37365;CZ;Česko;37365;Dolní Bukovsko;České Budějovice;Jihočeský kraj;544388;3301;CZ0311;35;CZ031;CZ-31
CZ-37366;CZ;Česko;37366;Žimutice;České Budějovice;Jihočeský kraj;545384;3301;CZ0311;35;CZ031;CZ-31
CZ-37367;CZ;Česko;37367;Borek;České Budějovice;Jihočeský kraj;544272;3301;CZ0311;35;CZ031;CZ-31
CZ-37371;CZ;Česko;37371;Rudolfov;České Budějovice;Jihočeský kraj;544981;3301;CZ0311;35;CZ031;CZ-31
CZ-37372;CZ;Česko;37372;Lišov;České Budějovice;Jihočeský kraj;544779;3301;CZ0311;35;CZ031;CZ-31
CZ-37373;CZ;Česko;37373;Štěpánovice;České Budějovice;Jihočeský kraj;545139;3301;CZ0311;35;CZ031;CZ-31
CZ-37381;CZ;Česko;37381;Kamenný Újezd;České Budějovice;Jihočeský kraj;544663;3301;CZ0311;35;CZ031;CZ-31
CZ-37382;CZ;Česko;37382;Včelná;České Budějovice;Jihočeský kraj;545228;3301;CZ0311;35;CZ031;CZ-31
CZ-37384;CZ;Česko;37384;Dubné;České Budějovice;Jihočeský kraj;544442;3301;CZ0311;35;CZ031;CZ-31
CZ-37401;CZ;Česko;37401;Trhové Sviny;České Budějovice;Jihočeský kraj;545171;3301;CZ0311;35;CZ031;CZ-31
CZ-37501;CZ;Česko;37501;Týn nad Vltavou;České Budějovice;Jihočeský kraj;545201;3301;CZ0311;35;CZ031;CZ-31
CZ-37701;CZ;Česko;37701;Jindřichův Hradec;Jindřichův Hradec;Jihočeský kraj;545881;3303;CZ0313;35;CZ031;CZ-31
CZ-37801;CZ;Česko;37801;Lásenice;Jindřichův Hradec;Jihočeský kraj;546623;3303;CZ0313;35;CZ031;CZ-31
CZ-37802;CZ;Česko;37802;Stráž nad Nežárkou;Jindřichův Hradec;Jihočeský kraj;547221;3303;CZ0313;35;CZ031;CZ-31
CZ-37803;CZ;Česko;37803;Majdalena;Jindřichův Hradec;Jihočeský kraj;546712;3303;CZ0313;35;CZ031;CZ-31
CZ-37804;CZ;Česko;37804;Chlum u Třeboně;Jindřichův Hradec;Jihočeský kraj;546461;3303;CZ0313;35;CZ031;CZ-31
CZ-37806;CZ;Česko;37806;Suchdol nad Lužnicí;Jindřichův Hradec;Jihočeský kraj;547280;3303;CZ0313;35;CZ031;CZ-31
CZ-37807;CZ;Česko;37807;Rapšach;Jindřichův Hradec;Jihočeský kraj;547069;3303;CZ0313;35;CZ031;CZ-31
CZ-37808;CZ;Česko;37808;Dvory nad Lužnicí;Jindřichův Hradec;Jihočeský kraj;509141;3303;CZ0313;35;CZ031;CZ-31
CZ-37809;CZ;Česko;37809;Nová Ves nad Lužnicí;Jindřichův Hradec;Jihočeský kraj;562360;3303;CZ0313;35;CZ031;CZ-31
CZ-37810;CZ;Česko;37810;České Velenice;Jindřichův Hradec;Jihočeský kraj;546089;3303;CZ0313;35;CZ031;CZ-31
CZ-37816;CZ;Česko;37816;Lomnice nad Lužnicí;Jindřichův Hradec;Jihočeský kraj;546674;3303;CZ0313;35;CZ031;CZ-31
CZ-37817;CZ;Česko;37817;Novosedly nad Nežárkou;Jindřichův Hradec;Jihočeský kraj;546844;3303;CZ0313;35;CZ031;CZ-31
CZ-37818;CZ;Česko;37818;Stříbřec;Jindřichův Hradec;Jihočeský kraj;547247;3303;CZ0313;35;CZ031;CZ-31
CZ-37821;CZ;Česko;37821;Kardašova Řečice;Jindřichův Hradec;Jihočeský kraj;546542;3303;CZ0313;35;CZ031;CZ-31
CZ-37824;CZ;Česko;37824;Pluhův Žďár;Jindřichův Hradec;Jihočeský kraj;546968;3303;CZ0313;35;CZ031;CZ-31
CZ-37825;CZ;Česko;37825;Deštná;Jindřichův Hradec;Jihočeský kraj;546151;3303;CZ0313;35;CZ031;CZ-31
CZ-37826;CZ;Česko;37826;Lodhéřov;Jindřichův Hradec;Jihočeský kraj;546666;3303;CZ0313;35;CZ031;CZ-31
CZ-37831;CZ;Česko;37831;Horní Pěna;Jindřichův Hradec;Jihočeský kraj;546364;3303;CZ0313;35;CZ031;CZ-31
CZ-37832;CZ;Česko;37832;Číměř;Jindřichův Hradec;Jihočeský kraj;546101;3303;CZ0313;35;CZ031;CZ-31
CZ-37833;CZ;Česko;37833;Nová Bystřice;Jindřichův Hradec;Jihočeský kraj;546798;3303;CZ0313;35;CZ031;CZ-31
CZ-37841;CZ;Česko;37841;Jarošov nad Nežárkou;Jindřichův Hradec;Jihočeský kraj;546500;3303;CZ0313;35;CZ031;CZ-31
CZ-37842;CZ;Česko;37842;Nová Včelnice;Jindřichův Hradec;Jihočeský kraj;546801;3303;CZ0313;35;CZ031;CZ-31
CZ-37843;CZ;Česko;37843;Horní Radouň;Jindřichův Hradec;Jihočeský kraj;546381;3303;CZ0313;35;CZ031;CZ-31
CZ-37846;CZ;Česko;37846;Roseč;Jindřichův Hradec;Jihočeský kraj;508004;3303;CZ0313;35;CZ031;CZ-31
CZ-37852;CZ;Česko;37852;Blažejov;Jindřichův Hradec;Jihočeský kraj;561711;3303;CZ0313;35;CZ031;CZ-31
CZ-37853;CZ;Česko;37853;Strmilov;Jindřichův Hradec;Jihočeský kraj;547239;3303;CZ0313;35;CZ031;CZ-31
CZ-37855;CZ;Česko;37855;Popelín;Jindřichův Hradec;Jihočeský kraj;546992;3303;CZ0313;35;CZ031;CZ-31
CZ-37856;CZ;Česko;37856;Studená;Jindřichův Hradec;Jihočeský kraj;547263;3303;CZ0313;35;CZ031;CZ-31
CZ-37861;CZ;Česko;37861;Člunek;Jindřichův Hradec;Jihočeský kraj;561703;3303;CZ0313;35;CZ031;CZ-31
CZ-37862;CZ;Česko;37862;Kunžak;Jindřichův Hradec;Jihočeský kraj;546615;3303;CZ0313;35;CZ031;CZ-31
CZ-37871;CZ;Česko;37871;Staré Hobzí;Jindřichův Hradec;Jihočeský kraj;547204;3303;CZ0313;35;CZ031;CZ-31
CZ-37872;CZ;Česko;37872;Písečné;Jindřichův Hradec;Jihočeský kraj;546917;3303;CZ0313;35;CZ031;CZ-31
CZ-37873;CZ;Česko;37873;Dešná;Jindřichův Hradec;Jihočeský kraj;546143;3303;CZ0313;35;CZ031;CZ-31
CZ-37881;CZ;Česko;37881;Slavonice;Jindřichův Hradec;Jihočeský kraj;547166;3303;CZ0313;35;CZ031;CZ-31
CZ-37882;CZ;Česko;37882;Staré Město pod Landštejnem;Jindřichův Hradec;Jihočeský kraj;547212;3303;CZ0313;35;CZ031;CZ-31
CZ-37883;CZ;Česko;37883;Český Rudolec;Jindřichův Hradec;Jihočeský kraj;546097;3303;CZ0313;35;CZ031;CZ-31
CZ-37891;CZ;Česko;37891;Budíškovice;Jindřichův Hradec;Jihočeský kraj;546038;3303;CZ0313;35;CZ031;CZ-31
CZ-37892;CZ;Česko;37892;Budeč;Jindřichův Hradec;Jihočeský kraj;546020;3303;CZ0313;35;CZ031;CZ-31
CZ-37901;CZ;Česko;37901;Třeboň;Jindřichův Hradec;Jihočeský kraj;547336;3303;CZ0313;35;CZ031;CZ-31
CZ-38001;CZ;Česko;38001;Dačice;Jindřichův Hradec;Jihočeský kraj;546127;3303;CZ0313;35;CZ031;CZ-31
CZ-38101;CZ;Česko;38101;Český Krumlov;Český Krumlov;Jihočeský kraj;545392;3302;CZ0312;35;CZ031;CZ-31
CZ-38201;CZ;Česko;38201;Dolní Třebonín;Český Krumlov;Jihočeský kraj;545473;3302;CZ0312;35;CZ031;CZ-31
CZ-38202;CZ;Česko;38202;Zlatá Koruna;Český Krumlov;Jihočeský kraj;545864;3302;CZ0312;35;CZ031;CZ-31
CZ-38203;CZ;Česko;38203;Křemže;Český Krumlov;Jihočeský kraj;545571;3302;CZ0312;35;CZ031;CZ-31
CZ-38206;CZ;Česko;38206;Brloh;Český Krumlov;Jihočeský kraj;545431;3302;CZ0312;35;CZ031;CZ-31
CZ-38208;CZ;Česko;38208;Chvalšiny;Český Krumlov;Jihočeský kraj;545546;3302;CZ0312;35;CZ031;CZ-31
CZ-38211;CZ;Česko;38211;Větřní;Český Krumlov;Jihočeský kraj;545830;3302;CZ0312;35;CZ031;CZ-31
CZ-38216;CZ;Česko;38216;Světlík;Český Krumlov;Jihočeský kraj;545813;3302;CZ0312;35;CZ031;CZ-31
CZ-38218;CZ;Česko;38218;Rožmberk nad Vltavou;Český Krumlov;Jihočeský kraj;545767;3302;CZ0312;35;CZ031;CZ-31
CZ-38221;CZ;Česko;38221;Kájov;Český Krumlov;Jihočeský kraj;545554;3302;CZ0312;35;CZ031;CZ-31
CZ-38222;CZ;Česko;38222;Hořice na Šumavě;Český Krumlov;Jihočeský kraj;545520;3302;CZ0312;35;CZ031;CZ-31
CZ-38223;CZ;Česko;38223;Černá v Pošumaví;Český Krumlov;Jihočeský kraj;545457;3302;CZ0312;35;CZ031;CZ-31
CZ-38226;CZ;Česko;38226;Horní Planá;Český Krumlov;Jihočeský kraj;545511;3302;CZ0312;35;CZ031;CZ-31
CZ-38229;CZ;Česko;38229;Polná na Šumavě;Český Krumlov;Jihočeský kraj;500194;3302;CZ0312;35;CZ031;CZ-31
CZ-38232;CZ;Česko;38232;Velešín;Český Krumlov;Jihočeský kraj;545821;3302;CZ0312;35;CZ031;CZ-31
CZ-38241;CZ;Česko;38241;Kaplice;Český Krumlov;Jihočeský kraj;545562;3302;CZ0312;35;CZ031;CZ-31
CZ-38242;CZ;Česko;38242;Střítež;Český Krumlov;Jihočeský kraj;551538;3302;CZ0312;35;CZ031;CZ-31
CZ-38272;CZ;Česko;38272;Dolní Dvořiště;Český Krumlov;Jihočeský kraj;545465;3302;CZ0312;35;CZ031;CZ-31
CZ-38273;CZ;Česko;38273;Vyšší Brod;Český Krumlov;Jihočeský kraj;545848;3302;CZ0312;35;CZ031;CZ-31
CZ-38276;CZ;Česko;38276;Loučovice;Český Krumlov;Jihočeský kraj;545601;3302;CZ0312;35;CZ031;CZ-31
CZ-38278;CZ;Česko;38278;Lipno nad Vltavou;Český Krumlov;Jihočeský kraj;545597;3302;CZ0312;35;CZ031;CZ-31
CZ-38279;CZ;Česko;38279;Frymburk;Český Krumlov;Jihočeský kraj;545481;3302;CZ0312;35;CZ031;CZ-31
CZ-38281;CZ;Česko;38281;Besednice;Český Krumlov;Jihočeský kraj;545414;3302;CZ0312;35;CZ031;CZ-31
CZ-38282;CZ;Česko;38282;Benešov nad Černou;Český Krumlov;Jihočeský kraj;545406;3302;CZ0312;35;CZ031;CZ-31
CZ-38283;CZ;Česko;38283;Pohorská Ves;Český Krumlov;Jihočeský kraj;545694;3302;CZ0312;35;CZ031;CZ-31
CZ-38291;CZ;Česko;38291;Malonty;Český Krumlov;Jihočeský kraj;545619;3302;CZ0312;35;CZ031;CZ-31
CZ-38292;CZ;Česko;38292;Rožmitál na Šumavě;Český Krumlov;Jihočeský kraj;545775;3302;CZ0312;35;CZ031;CZ-31
CZ-38293;CZ;Česko;38293;Horní Dvořiště;Český Krumlov;Jihočeský kraj;545503;3302;CZ0312;35;CZ031;CZ-31
CZ-38301;CZ;Česko;38301;Prachatice;Prachatice;Jihočeský kraj;550094;3306;CZ0315;35;CZ031;CZ-31
CZ-38401;CZ;Česko;38401;Nebahovy;Prachatice;Jihočeský kraj;550434;3306;CZ0315;35;CZ031;CZ-31
CZ-38402;CZ;Česko;38402;Lhenice;Prachatice;Jihočeský kraj;550361;3306;CZ0315;35;CZ031;CZ-31
CZ-38403;CZ;Česko;38403;Ktiš;Prachatice;Jihočeský kraj;550329;3306;CZ0315;35;CZ031;CZ-31
CZ-38404;CZ;Česko;38404;Chroboly;Prachatice;Jihočeský kraj;550264;3306;CZ0315;35;CZ031;CZ-31
CZ-38411;CZ;Česko;38411;Netolice;Prachatice;Jihočeský kraj;550442;3306;CZ0315;35;CZ031;CZ-31
CZ-38421;CZ;Česko;38421;Husinec;Prachatice;Jihočeský kraj;550230;3306;CZ0315;35;CZ031;CZ-31
CZ-38422;CZ;Česko;38422;Vlachovo Březí;Prachatice;Jihočeský kraj;550663;3306;CZ0315;35;CZ031;CZ-31
CZ-38425;CZ;Česko;38425;Dub;Prachatice;Jihočeský kraj;550183;3306;CZ0315;35;CZ031;CZ-31
CZ-38426;CZ;Česko;38426;Strunkovice nad Blanicí;Prachatice;Jihočeský kraj;550540;3306;CZ0315;35;CZ031;CZ-31
CZ-38427;CZ;Česko;38427;Vitějovice;Prachatice;Jihočeský kraj;550655;3306;CZ0315;35;CZ031;CZ-31
CZ-38432;CZ;Česko;38432;Lažiště;Prachatice;Jihočeský kraj;550345;3306;CZ0315;35;CZ031;CZ-31
CZ-38433;CZ;Česko;38433;Záblatí;Prachatice;Jihočeský kraj;550680;3306;CZ0315;35;CZ031;CZ-31
CZ-38441;CZ;Česko;38441;Zbytiny;Prachatice;Jihočeský kraj;550701;3306;CZ0315;35;CZ031;CZ-31
CZ-38442;CZ;Česko;38442;Lenora;Prachatice;Jihočeský kraj;550353;3306;CZ0315;35;CZ031;CZ-31
CZ-38443;CZ;Česko;38443;Strážný;Prachatice;Jihočeský kraj;550531;3306;CZ0315;35;CZ031;CZ-31
CZ-38444;CZ;Česko;38444;Stožec;Prachatice;Jihočeský kraj;550523;3306;CZ0315;35;CZ031;CZ-31
CZ-38451;CZ;Česko;38451;Volary;Prachatice;Jihočeský kraj;550671;3306;CZ0315;35;CZ031;CZ-31
CZ-38462;CZ;Česko;38462;Nová Pec;Prachatice;Jihočeský kraj;550451;3306;CZ0315;35;CZ031;CZ-31
CZ-38471;CZ;Česko;38471;Šumavské Hoštice;Prachatice;Jihočeský kraj;550574;3306;CZ0315;35;CZ031;CZ-31
CZ-38472;CZ;Česko;38472;Zdíkov;Prachatice;Jihočeský kraj;550728;3306;CZ0315;35;CZ031;CZ-31
CZ-38473;CZ;Česko;38473;Stachy;Prachatice;Jihočeský kraj;550515;3306;CZ0315;35;CZ031;CZ-31
CZ-38481;CZ;Česko;38481;Čkyně;Prachatice;Jihočeský kraj;550167;3306;CZ0315;35;CZ031;CZ-31
CZ-38486;CZ;Česko;38486;Vacov;Prachatice;Jihočeský kraj;550621;3306;CZ0315;35;CZ031;CZ-31
CZ-38491;CZ;Česko;38491;Horní Vltavice;Prachatice;Jihočeský kraj;550205;3306;CZ0315;35;CZ031;CZ-31
CZ-38492;CZ;Česko;38492;Borová Lada;Prachatice;Jihočeský kraj;545902;3306;CZ0315;35;CZ031;CZ-31
CZ-38493;CZ;Česko;38493;Kvilda;Prachatice;Jihočeský kraj;550337;3306;CZ0315;35;CZ031;CZ-31
CZ-38501;CZ;Česko;38501;Vimperk;Prachatice;Jihočeský kraj;550647;3306;CZ0315;35;CZ031;CZ-31
CZ-38601;CZ;Česko;38601;Strakonice;Strakonice;Jihočeský kraj;550787;3307;CZ0316;35;CZ031;CZ-31
CZ-38701;CZ;Česko;38701;Volyně;Strakonice;Jihočeský kraj;551970;3307;CZ0316;35;CZ031;CZ-31
CZ-38706;CZ;Česko;38706;Malenice;Strakonice;Jihočeský kraj;551384;3307;CZ0316;35;CZ031;CZ-31
CZ-38711;CZ;Česko;38711;Katovice;Strakonice;Jihočeský kraj;551201;3307;CZ0316;35;CZ031;CZ-31
CZ-38715;CZ;Česko;38715;Střelské Hoštice;Strakonice;Jihočeský kraj;551791;3307;CZ0316;35;CZ031;CZ-31
CZ-38716;CZ;Česko;38716;Volenice;Strakonice;Jihočeský kraj;551961;3307;CZ0316;35;CZ031;CZ-31
CZ-38719;CZ;Česko;38719;Čestice;Strakonice;Jihočeský kraj;550957;3307;CZ0316;35;CZ031;CZ-31
CZ-38731;CZ;Česko;38731;Radomyšl;Strakonice;Jihočeský kraj;551660;3307;CZ0316;35;CZ031;CZ-31
CZ-38732;CZ;Česko;38732;Sedlice;Strakonice;Jihočeský kraj;551716;3307;CZ0316;35;CZ031;CZ-31
CZ-38733;CZ;Česko;38733;Kadov;Strakonice;Jihočeský kraj;551180;3307;CZ0316;35;CZ031;CZ-31
CZ-38734;CZ;Česko;38734;Záboří;Strakonice;Jihočeský kraj;551988;3307;CZ0316;35;CZ031;CZ-31
CZ-38735;CZ;Česko;38735;Doubravice;Strakonice;Jihočeský kraj;550981;3307;CZ0316;35;CZ031;CZ-31
CZ-38736;CZ;Česko;38736;Mečichov;Strakonice;Jihočeský kraj;551392;3307;CZ0316;35;CZ031;CZ-31
CZ-38737;CZ;Česko;38737;Třebohostice;Strakonice;Jihočeský kraj;551899;3307;CZ0316;35;CZ031;CZ-31
CZ-38742;CZ;Česko;38742;Lnáře;Strakonice;Jihočeský kraj;551350;3307;CZ0316;35;CZ031;CZ-31
CZ-38743;CZ;Česko;38743;Bělčice;Strakonice;Jihočeský kraj;550817;3307;CZ0316;35;CZ031;CZ-31
CZ-38751;CZ;Česko;38751;Štěkeň;Strakonice;Jihočeský kraj;551856;3307;CZ0316;35;CZ031;CZ-31
CZ-38752;CZ;Česko;38752;Cehnice;Strakonice;Jihočeský kraj;550906;3307;CZ0316;35;CZ031;CZ-31
CZ-38756;CZ;Česko;38756;Čepřovice;Strakonice;Jihočeský kraj;550949;3307;CZ0316;35;CZ031;CZ-31
CZ-38771;CZ;Česko;38771;Číčenice;Strakonice;Jihočeský kraj;550965;3307;CZ0316;35;CZ031;CZ-31
CZ-38772;CZ;Česko;38772;Libějovice;Strakonice;Jihočeský kraj;551333;3307;CZ0316;35;CZ031;CZ-31
CZ-38773;CZ;Česko;38773;Bavorov;Strakonice;Jihočeský kraj;550809;3307;CZ0316;35;CZ031;CZ-31
CZ-38775;CZ;Česko;38775;Skočice;Strakonice;Jihočeský kraj;551741;3307;CZ0316;35;CZ031;CZ-31
CZ-38801;CZ;Česko;38801;Blatná;Strakonice;Jihočeský kraj;550850;3307;CZ0316;35;CZ031;CZ-31
CZ-38901;CZ;Česko;38901;Vodňany;Strakonice;Jihočeský kraj;551953;3307;CZ0316;35;CZ031;CZ-31
CZ-39001;CZ;Česko;39001;Tábor;Tábor;Jihočeský kraj;552046;3308;CZ0317;35;CZ031;CZ-31
CZ-39002;CZ;Česko;39002;Tábor;Tábor;Jihočeský kraj;552046;3308;CZ0317;35;CZ031;CZ-31
CZ-39003;CZ;Česko;39003;Tábor;Tábor;Jihočeský kraj;552046;3308;CZ0317;35;CZ031;CZ-31
CZ-39005;CZ;Česko;39005;Tábor;Tábor;Jihočeský kraj;552046;3308;CZ0317;35;CZ031;CZ-31
CZ-39101;CZ;Česko;39101;Sezimovo Ústí;Tábor;Jihočeský kraj;553069;3308;CZ0317;35;CZ031;CZ-31
CZ-39102;CZ;Česko;39102;Sezimovo Ústí;Tábor;Jihočeský kraj;553069;3308;CZ0317;35;CZ031;CZ-31
CZ-39111;CZ;Česko;39111;Planá nad Lužnicí;Tábor;Jihočeský kraj;552828;3308;CZ0317;35;CZ031;CZ-31
CZ-39116;CZ;Česko;39116;Myslkovice;Tábor;Jihočeský kraj;552721;3308;CZ0317;35;CZ031;CZ-31
CZ-39117;CZ;Česko;39117;Košice;Tábor;Jihočeský kraj;552585;3308;CZ0317;35;CZ031;CZ-31
CZ-39118;CZ;Česko;39118;Choustník;Tábor;Jihočeský kraj;552470;3308;CZ0317;35;CZ031;CZ-31
CZ-39120;CZ;Česko;39120;Radenín;Tábor;Jihočeský kraj;552917;3308;CZ0317;35;CZ031;CZ-31
CZ-39121;CZ;Česko;39121;Turovec;Tábor;Jihočeský kraj;551601;3308;CZ0317;35;CZ031;CZ-31
CZ-39126;CZ;Česko;39126;Tučapy;Tábor;Jihočeský kraj;553239;3308;CZ0317;35;CZ031;CZ-31
CZ-39127;CZ;Česko;39127;Dírná;Tábor;Jihočeský kraj;552208;3308;CZ0317;35;CZ031;CZ-31
CZ-39131;CZ;Česko;39131;Dražice;Tábor;Jihočeský kraj;552283;3308;CZ0317;35;CZ031;CZ-31
CZ-39132;CZ;Česko;39132;Jistebnice;Tábor;Jihočeský kraj;552534;3308;CZ0317;35;CZ031;CZ-31
CZ-39133;CZ;Česko;39133;Jistebnice;Tábor;Jihočeský kraj;552534;3308;CZ0317;35;CZ031;CZ-31
CZ-39135;CZ;Česko;39135;Borotín;Tábor;Jihočeský kraj;552101;3308;CZ0317;35;CZ031;CZ-31
CZ-39136;CZ;Česko;39136;Sudoměřice u Tábora;Tábor;Jihočeský kraj;553174;3308;CZ0317;35;CZ031;CZ-31
CZ-39137;CZ;Česko;39137;Chotoviny;Tábor;Jihočeský kraj;552461;3308;CZ0317;35;CZ031;CZ-31
CZ-39142;CZ;Česko;39142;Ratibořské Hory;Tábor;Jihočeský kraj;552992;3308;CZ0317;35;CZ031;CZ-31
CZ-39143;CZ;Česko;39143;Mladá Vožice;Tábor;Jihočeský kraj;552704;3308;CZ0317;35;CZ031;CZ-31
CZ-39152;CZ;Česko;39152;Smilovy Hory;Tábor;Jihočeský kraj;553123;3308;CZ0317;35;CZ031;CZ-31
CZ-39153;CZ;Česko;39153;Vodice;Tábor;Jihočeský kraj;553328;3308;CZ0317;35;CZ031;CZ-31
CZ-39155;CZ;Česko;39155;Chýnov;Tábor;Jihočeský kraj;552496;3308;CZ0317;35;CZ031;CZ-31
CZ-39156;CZ;Česko;39156;Tábor;Tábor;Jihočeský kraj;552046;3308;CZ0317;35;CZ031;CZ-31
CZ-39161;CZ;Česko;39161;Opařany;Tábor;Jihočeský kraj;552801;3308;CZ0317;35;CZ031;CZ-31
CZ-39162;CZ;Česko;39162;Stádlec;Tábor;Jihočeský kraj;553140;3308;CZ0317;35;CZ031;CZ-31
CZ-39165;CZ;Česko;39165;Bechyně;Tábor;Jihočeský kraj;552054;3308;CZ0317;35;CZ031;CZ-31
CZ-39171;CZ;Česko;39171;Březnice;Tábor;Jihočeský kraj;552135;3308;CZ0317;35;CZ031;CZ-31
CZ-39172;CZ;Česko;39172;Sudoměřice u Bechyně;Tábor;Jihočeský kraj;553166;3308;CZ0317;35;CZ031;CZ-31
CZ-39173;CZ;Česko;39173;Hlavatce;Tábor;Jihočeský kraj;552321;3308;CZ0317;35;CZ031;CZ-31
CZ-39174;CZ;Česko;39174;Želeč;Tábor;Jihočeský kraj;553417;3308;CZ0317;35;CZ031;CZ-31
CZ-39175;CZ;Česko;39175;Malšice;Tábor;Jihočeský kraj;552666;3308;CZ0317;35;CZ031;CZ-31
CZ-39176;CZ;Česko;39176;Slapy;Tábor;Jihočeský kraj;599042;3308;CZ0317;35;CZ031;CZ-31
CZ-39181;CZ;Česko;39181;Veselí nad Lužnicí;Tábor;Jihočeský kraj;553271;3308;CZ0317;35;CZ031;CZ-31
CZ-39201;CZ;Česko;39201;Soběslav;Tábor;Jihočeský kraj;553131;3308;CZ0317;35;CZ031;CZ-31
CZ-39301;CZ;Česko;39301;Pelhřimov;Pelhřimov;Kraj Vysočina;547492;3304;CZ0633;108;CZ063;CZ-63
CZ-39401;CZ;Česko;39401;Rynárec;Pelhřimov;Kraj Vysočina;562009;3304;CZ0633;108;CZ063;CZ-63
CZ-39403;CZ;Česko;39403;Horní Cerekev;Pelhřimov;Kraj Vysočina;547913;3304;CZ0633;108;CZ063;CZ-63
CZ-39404;CZ;Česko;39404;Nový Rychnov;Pelhřimov;Kraj Vysočina;548464;3304;CZ0633;108;CZ063;CZ-63
CZ-39405;CZ;Česko;39405;Vyskytná;Pelhřimov;Kraj Vysočina;549142;3304;CZ0633;108;CZ063;CZ-63
CZ-39409;CZ;Česko;39409;Kojčice;Pelhřimov;Kraj Vysočina;598712;3304;CZ0633;108;CZ063;CZ-63
CZ-39411;CZ;Česko;39411;Cetoraz;Pelhřimov;Kraj Vysočina;547662;3304;CZ0633;108;CZ063;CZ-63
CZ-39412;CZ;Česko;39412;Obrataň;Pelhřimov;Kraj Vysočina;548472;3304;CZ0633;108;CZ063;CZ-63
CZ-39413;CZ;Česko;39413;Kámen;Pelhřimov;Kraj Vysočina;548103;3304;CZ0633;108;CZ063;CZ-63
CZ-39414;CZ;Česko;39414;Leskovice;Pelhřimov;Kraj Vysočina;548235;3304;CZ0633;108;CZ063;CZ-63
CZ-39415;CZ;Česko;39415;Nová Cerekev;Pelhřimov;Kraj Vysočina;548456;3304;CZ0633;108;CZ063;CZ-63
CZ-39421;CZ;Česko;39421;Hořepník;Pelhřimov;Kraj Vysočina;547948;3304;CZ0633;108;CZ063;CZ-63
CZ-39422;CZ;Česko;39422;Košetice;Pelhřimov;Kraj Vysočina;548171;3304;CZ0633;108;CZ063;CZ-63
CZ-39424;CZ;Česko;39424;Křešín;Pelhřimov;Kraj Vysočina;548227;3304;CZ0633;108;CZ063;CZ-63
CZ-39426;CZ;Česko;39426;Lukavec;Pelhřimov;Kraj Vysočina;548332;3304;CZ0633;108;CZ063;CZ-63
CZ-39427;CZ;Česko;39427;Vyklantice;Pelhřimov;Kraj Vysočina;549134;3304;CZ0633;108;CZ063;CZ-63
CZ-39428;CZ;Česko;39428;Velká Chyška;Pelhřimov;Kraj Vysočina;549011;3304;CZ0633;108;CZ063;CZ-63
CZ-39443;CZ;Česko;39443;Mladé Bříště;Pelhřimov;Kraj Vysočina;548383;3304;CZ0633;108;CZ063;CZ-63
CZ-39444;CZ;Česko;39444;Želiv;Pelhřimov;Kraj Vysočina;549215;3304;CZ0633;108;CZ063;CZ-63
CZ-39445;CZ;Česko;39445;Křelovice;Pelhřimov;Kraj Vysočina;548219;3304;CZ0633;108;CZ063;CZ-63
CZ-39446;CZ;Česko;39446;Červená Řečice;Pelhřimov;Kraj Vysočina;547778;3304;CZ0633;108;CZ063;CZ-63
CZ-39451;CZ;Česko;39451;Kaliště;Pelhřimov;Kraj Vysočina;548090;3304;CZ0633;108;CZ063;CZ-63
CZ-39452;CZ;Česko;39452;Kejžlice;Pelhřimov;Kraj Vysočina;548120;3304;CZ0633;108;CZ063;CZ-63
CZ-39456;CZ;Česko;39456;Senožaty;Pelhřimov;Kraj Vysočina;548774;3304;CZ0633;108;CZ063;CZ-63
CZ-39459;CZ;Česko;39459;Koberovice;Pelhřimov;Kraj Vysočina;548146;3304;CZ0633;108;CZ063;CZ-63
CZ-39461;CZ;Česko;39461;Božejov;Pelhřimov;Kraj Vysočina;547581;3304;CZ0633;108;CZ063;CZ-63
CZ-39462;CZ;Česko;39462;Libkova Voda;Pelhřimov;Kraj Vysočina;598721;3304;CZ0633;108;CZ063;CZ-63
CZ-39463;CZ;Česko;39463;Častrov;Pelhřimov;Kraj Vysočina;547719;3304;CZ0633;108;CZ063;CZ-63
CZ-39464;CZ;Česko;39464;Počátky;Pelhřimov;Kraj Vysočina;548561;3304;CZ0633;108;CZ063;CZ-63
CZ-39468;CZ;Česko;39468;Žirovnice;Pelhřimov;Kraj Vysočina;549231;3304;CZ0633;108;CZ063;CZ-63
CZ-39470;CZ;Česko;39470;Kamenice nad Lipou;Pelhřimov;Kraj Vysočina;548111;3304;CZ0633;108;CZ063;CZ-63
CZ-39491;CZ;Česko;39491;Bohdalín;Pelhřimov;Kraj Vysočina;547549;3304;CZ0633;108;CZ063;CZ-63
CZ-39492;CZ;Česko;39492;Mnich;Pelhřimov;Kraj Vysočina;548391;3304;CZ0633;108;CZ063;CZ-63
CZ-39493;CZ;Česko;39493;Mnich;Pelhřimov;Kraj Vysočina;548391;3304;CZ0633;108;CZ063;CZ-63
CZ-39494;CZ;Česko;39494;Černovice;Pelhřimov;Kraj Vysočina;547760;3304;CZ0633;108;CZ063;CZ-63
CZ-39495;CZ;Česko;39495;Křeč;Pelhřimov;Kraj Vysočina;548201;3304;CZ0633;108;CZ063;CZ-63
CZ-39496;CZ;Česko;39496;Těmice;Pelhřimov;Kraj Vysočina;548936;3304;CZ0633;108;CZ063;CZ-63
CZ-39501;CZ;Česko;39501;Pacov;Pelhřimov;Kraj Vysočina;548511;3304;CZ0633;108;CZ063;CZ-63
CZ-39601;CZ;Česko;39601;Humpolec;Pelhřimov;Kraj Vysočina;547999;3304;CZ0633;108;CZ063;CZ-63
CZ-39701;CZ;Česko;39701;Písek;Písek;Jihočeský kraj;549240;3305;CZ0314;35;CZ031;CZ-31
CZ-39801;CZ;Česko;39801;Mirotice;Písek;Jihočeský kraj;549584;3305;CZ0314;35;CZ031;CZ-31
CZ-39804;CZ;Česko;39804;Čimelice;Písek;Jihočeský kraj;549339;3305;CZ0314;35;CZ031;CZ-31
CZ-39806;CZ;Česko;39806;Mirovice;Písek;Jihočeský kraj;549592;3305;CZ0314;35;CZ031;CZ-31
CZ-39807;CZ;Česko;39807;Orlík nad Vltavou;Písek;Jihočeský kraj;549681;3305;CZ0314;35;CZ031;CZ-31
CZ-39811;CZ;Česko;39811;Protivín;Písek;Jihočeský kraj;549771;3305;CZ0314;35;CZ031;CZ-31
CZ-39815;CZ;Česko;39815;Tálín;Písek;Jihočeský kraj;549932;3305;CZ0314;35;CZ031;CZ-31
CZ-39816;CZ;Česko;39816;Albrechtice nad Vltavou;Písek;Jihočeský kraj;549258;3305;CZ0314;35;CZ031;CZ-31
CZ-39817;CZ;Česko;39817;Albrechtice nad Vltavou;Písek;Jihočeský kraj;549258;3305;CZ0314;35;CZ031;CZ-31
CZ-39818;CZ;Česko;39818;Záhoří;Písek;Jihočeský kraj;550027;3305;CZ0314;35;CZ031;CZ-31
CZ-39819;CZ;Česko;39819;Kluky;Písek;Jihočeský kraj;549495;3305;CZ0314;35;CZ031;CZ-31
CZ-39821;CZ;Česko;39821;Kestřany;Písek;Jihočeský kraj;549487;3305;CZ0314;35;CZ031;CZ-31
CZ-39822;CZ;Česko;39822;Ražice;Písek;Jihočeský kraj;549827;3305;CZ0314;35;CZ031;CZ-31
CZ-39831;CZ;Česko;39831;Čížová;Písek;Jihočeský kraj;549347;3305;CZ0314;35;CZ031;CZ-31
CZ-39832;CZ;Česko;39832;Vráž;Písek;Jihočeský kraj;549991;3305;CZ0314;35;CZ031;CZ-31
CZ-39833;CZ;Česko;39833;Ostrovec;Písek;Jihočeský kraj;549711;3305;CZ0314;35;CZ031;CZ-31
CZ-39834;CZ;Česko;39834;Kučeř;Písek;Jihočeský kraj;549541;3305;CZ0314;35;CZ031;CZ-31
CZ-39835;CZ;Česko;39835;Oslov;Písek;Jihočeský kraj;549703;3305;CZ0314;35;CZ031;CZ-31
CZ-39842;CZ;Česko;39842;Veselíčko;Písek;Jihočeský kraj;549975;3305;CZ0314;35;CZ031;CZ-31
CZ-39843;CZ;Česko;39843;Bernartice;Písek;Jihočeský kraj;549266;3305;CZ0314;35;CZ031;CZ-31
CZ-39847;CZ;Česko;39847;Slabčice;Písek;Jihočeský kraj;549860;3305;CZ0314;35;CZ031;CZ-31
CZ-39848;CZ;Česko;39848;Jetětice;Písek;Jihočeský kraj;549479;3305;CZ0314;35;CZ031;CZ-31
CZ-39851;CZ;Česko;39851;Sepekov;Písek;Jihočeský kraj;549843;3305;CZ0314;35;CZ031;CZ-31
CZ-39852;CZ;Česko;39852;Nadějkov;Tábor;Jihočeský kraj;549631;3308;CZ0317;35;CZ031;CZ-31
CZ-39853;CZ;Česko;39853;Chyšky;Písek;Jihočeský kraj;549452;3305;CZ0314;35;CZ031;CZ-31
CZ-39855;CZ;Česko;39855;Kovářov;Písek;Jihočeský kraj;549517;3305;CZ0314;35;CZ031;CZ-31
CZ-39858;CZ;Česko;39858;Kostelec nad Vltavou;Písek;Jihočeský kraj;549509;3305;CZ0314;35;CZ031;CZ-31
CZ-39859;CZ;Česko;39859;Hrejkovice;Písek;Jihočeský kraj;549428;3305;CZ0314;35;CZ031;CZ-31
CZ-39901;CZ;Česko;39901;Milevsko;Písek;Jihočeský kraj;549576;3305;CZ0314;35;CZ031;CZ-31
CZ-40001;CZ;Česko;40001;Ústí nad Labem;Ústí nad Labem;Ústecký kraj;554804;3510;CZ0427;60;CZ042;CZ-42
CZ-40002;CZ;Česko;40002;Řehlovice;Ústí nad Labem;Ústecký kraj;568201;3510;CZ0427;60;CZ042;CZ-42
CZ-40003;CZ;Česko;40003;Ústí nad Labem;Ústí nad Labem;Ústecký kraj;554804;3510;CZ0427;60;CZ042;CZ-42
CZ-40004;CZ;Česko;40004;Trmice;Ústí nad Labem;Ústecký kraj;553697;3510;CZ0427;60;CZ042;CZ-42
CZ-40007;CZ;Česko;40007;Ústí nad Labem;Ústí nad Labem;Ústecký kraj;554804;3510;CZ0427;60;CZ042;CZ-42
CZ-40010;CZ;Česko;40010;Ústí nad Labem;Ústí nad Labem;Ústecký kraj;554804;3510;CZ0427;60;CZ042;CZ-42
CZ-40011;CZ;Česko;40011;Ústí nad Labem;Ústí nad Labem;Ústecký kraj;554804;3510;CZ0427;60;CZ042;CZ-42
CZ-40301;CZ;Česko;40301;Dolní Zálezly;Ústí nad Labem;Ústecký kraj;567931;3510;CZ0427;60;CZ042;CZ-42
CZ-40302;CZ;Česko;40302;Ústí nad Labem;Ústí nad Labem;Ústecký kraj;554804;3510;CZ0427;60;CZ042;CZ-42
CZ-40313;CZ;Česko;40313;Řehlovice;Ústí nad Labem;Ústecký kraj;568201;3510;CZ0427;60;CZ042;CZ-42
CZ-40317;CZ;Česko;40317;Chabařovice;Ústí nad Labem;Ústecký kraj;568007;3510;CZ0427;60;CZ042;CZ-42
CZ-40321;CZ;Česko;40321;Ústí nad Labem;Ústí nad Labem;Ústecký kraj;554804;3510;CZ0427;60;CZ042;CZ-42
CZ-40322;CZ;Česko;40322;Ústí nad Labem;Ústí nad Labem;Ústecký kraj;554804;3510;CZ0427;60;CZ042;CZ-42
CZ-40323;CZ;Česko;40323;Velké Březno;Ústí nad Labem;Ústecký kraj;568350;3510;CZ0427;60;CZ042;CZ-42
CZ-40327;CZ;Česko;40327;Malečov;Ústí nad Labem;Ústecký kraj;568104;3510;CZ0427;60;CZ042;CZ-42
CZ-40331;CZ;Česko;40331;Ústí nad Labem;Ústí nad Labem;Ústecký kraj;554804;3510;CZ0427;60;CZ042;CZ-42
CZ-40332;CZ;Česko;40332;Povrly;Ústí nad Labem;Ústecký kraj;568155;3510;CZ0427;60;CZ042;CZ-42
CZ-40334;CZ;Česko;40334;Velké Chvojno;Ústí nad Labem;Ústecký kraj;555223;3510;CZ0427;60;CZ042;CZ-42
CZ-40335;CZ;Česko;40335;Libouchec;Ústí nad Labem;Ústecký kraj;568058;3510;CZ0427;60;CZ042;CZ-42
CZ-40336;CZ;Česko;40336;Tisá;Ústí nad Labem;Ústecký kraj;568309;3510;CZ0427;60;CZ042;CZ-42
CZ-40337;CZ;Česko;40337;Petrovice;Ústí nad Labem;Ústecký kraj;568147;3510;CZ0427;60;CZ042;CZ-42
CZ-40338;CZ;Česko;40338;Telnice;Ústí nad Labem;Ústecký kraj;568295;3510;CZ0427;60;CZ042;CZ-42
CZ-40339;CZ;Česko;40339;Chlumec;Ústí nad Labem;Ústecký kraj;568015;3510;CZ0427;60;CZ042;CZ-42
CZ-40340;CZ;Česko;40340;Ústí nad Labem;Ústí nad Labem;Ústecký kraj;554804;3510;CZ0427;60;CZ042;CZ-42
CZ-40502;CZ;Česko;40502;Děčín;Děčín;Ústecký kraj;562335;3502;CZ0421;60;CZ042;CZ-42
CZ-40505;CZ;Česko;40505;Děčín;Děčín;Ústecký kraj;562335;3502;CZ0421;60;CZ042;CZ-42
CZ-40701;CZ;Česko;40701;Jílové;Děčín;Ústecký kraj;562564;3502;CZ0421;60;CZ042;CZ-42
CZ-40702;CZ;Česko;40702;Jílové;Děčín;Ústecký kraj;562564;3502;CZ0421;60;CZ042;CZ-42
CZ-40703;CZ;Česko;40703;Dobkovice;Děčín;Ústecký kraj;562408;3502;CZ0421;60;CZ042;CZ-42
CZ-40711;CZ;Česko;40711;Děčín;Děčín;Ústecký kraj;562335;3502;CZ0421;60;CZ042;CZ-42
CZ-40713;CZ;Česko;40713;Ludvíkovice;Děčín;Ústecký kraj;546496;3502;CZ0421;60;CZ042;CZ-42
CZ-40714;CZ;Česko;40714;Arnoltice;Děčín;Ústecký kraj;562343;3502;CZ0421;60;CZ042;CZ-42
CZ-40715;CZ;Česko;40715;Srbská Kamenice;Děčín;Ústecký kraj;546348;3502;CZ0421;60;CZ042;CZ-42
CZ-40716;CZ;Česko;40716;Jetřichovice;Děčín;Ústecký kraj;562556;3502;CZ0421;60;CZ042;CZ-42
CZ-40717;CZ;Česko;40717;Hřensko;Děčín;Ústecký kraj;562513;3502;CZ0421;60;CZ042;CZ-42
CZ-40721;CZ;Česko;40721;Česká Kamenice;Děčín;Ústecký kraj;562394;3502;CZ0421;60;CZ042;CZ-42
CZ-40722;CZ;Česko;40722;Benešov nad Ploučnicí;Děčín;Ústecký kraj;562351;3502;CZ0421;60;CZ042;CZ-42
CZ-40723;CZ;Česko;40723;Františkov nad Ploučnicí;Děčín;Ústecký kraj;545899;3502;CZ0421;60;CZ042;CZ-42
CZ-40724;CZ;Česko;40724;Valkeřice;Děčín;Ústecký kraj;562874;3502;CZ0421;60;CZ042;CZ-42
CZ-40725;CZ;Česko;40725;Verneřice;Děčín;Ústecký kraj;562921;3502;CZ0421;60;CZ042;CZ-42
CZ-40729;CZ;Česko;40729;Velká Bukovina;Děčín;Ústecký kraj;562891;3502;CZ0421;60;CZ042;CZ-42
CZ-40741;CZ;Česko;40741;Dobrná;Děčín;Ústecký kraj;545783;3502;CZ0421;60;CZ042;CZ-42
CZ-40742;CZ;Česko;40742;Markvartice;Děčín;Ústecký kraj;545678;3502;CZ0421;60;CZ042;CZ-42
CZ-40744;CZ;Česko;40744;Chřibská;Děčín;Ústecký kraj;562530;3502;CZ0421;60;CZ042;CZ-42
CZ-40745;CZ;Česko;40745;Kytlice;Děčín;Ústecký kraj;562645;3502;CZ0421;60;CZ042;CZ-42
CZ-40746;CZ;Česko;40746;Krásná Lípa;Děčín;Ústecký kraj;562611;3502;CZ0421;60;CZ042;CZ-42
CZ-40747;CZ;Česko;40747;Varnsdorf;Děčín;Ústecký kraj;562882;3502;CZ0421;60;CZ042;CZ-42
CZ-40751;CZ;Česko;40751;Rybniště;Děčín;Ústecký kraj;562793;3502;CZ0421;60;CZ042;CZ-42
CZ-40752;CZ;Česko;40752;Varnsdorf;Děčín;Ústecký kraj;562882;3502;CZ0421;60;CZ042;CZ-42
CZ-40753;CZ;Česko;40753;Jiříkov;Děčín;Ústecký kraj;562581;3502;CZ0421;60;CZ042;CZ-42
CZ-40755;CZ;Česko;40755;Dolní Podluží;Děčín;Ústecký kraj;562432;3502;CZ0421;60;CZ042;CZ-42
CZ-40756;CZ;Česko;40756;Jiřetín pod Jedlovou;Děčín;Ústecký kraj;562572;3502;CZ0421;60;CZ042;CZ-42
CZ-40757;CZ;Česko;40757;Horní Podluží;Děčín;Ústecký kraj;562505;3502;CZ0421;60;CZ042;CZ-42
CZ-40760;CZ;Česko;40760;Staré Křečany;Děčín;Ústecký kraj;562823;3502;CZ0421;60;CZ042;CZ-42
CZ-40761;CZ;Česko;40761;Staré Křečany;Děčín;Ústecký kraj;562823;3502;CZ0421;60;CZ042;CZ-42
CZ-40777;CZ;Česko;40777;Šluknov;Děčín;Ústecký kraj;562858;3502;CZ0421;60;CZ042;CZ-42
CZ-40778;CZ;Česko;40778;Velký Šenov;Děčín;Ústecký kraj;562912;3502;CZ0421;60;CZ042;CZ-42
CZ-40779;CZ;Česko;40779;Mikulášovice;Děčín;Ústecký kraj;562751;3502;CZ0421;60;CZ042;CZ-42
CZ-40780;CZ;Česko;40780;Vilémov;Děčín;Ústecký kraj;562947;3502;CZ0421;60;CZ042;CZ-42
CZ-40781;CZ;Česko;40781;Lipová;Děčín;Ústecký kraj;562661;3502;CZ0421;60;CZ042;CZ-42
CZ-40782;CZ;Česko;40782;Dolní Poustevna;Děčín;Ústecký kraj;562441;3502;CZ0421;60;CZ042;CZ-42
CZ-40784;CZ;Česko;40784;Lobendava;Děčín;Ústecký kraj;545708;3502;CZ0421;60;CZ042;CZ-42
CZ-40801;CZ;Česko;40801;Rumburk;Děčín;Ústecký kraj;562777;3502;CZ0421;60;CZ042;CZ-42
CZ-41002;CZ;Česko;41002;Lovosice;Litoměřice;Ústecký kraj;565229;3506;CZ0423;60;CZ042;CZ-42
CZ-41101;CZ;Česko;41101;Žalhostice;Litoměřice;Ústecký kraj;565946;3506;CZ0423;60;CZ042;CZ-42
CZ-41103;CZ;Česko;41103;Libochovany;Litoměřice;Ústecký kraj;565156;3506;CZ0423;60;CZ042;CZ-42
CZ-41108;CZ;Česko;41108;Štětí;Litoměřice;Ústecký kraj;565709;3506;CZ0423;60;CZ042;CZ-42
CZ-41111;CZ;Česko;41111;Sulejovice;Litoměřice;Ústecký kraj;565695;3506;CZ0423;60;CZ042;CZ-42
CZ-41112;CZ;Česko;41112;Čížkovice;Litoměřice;Ústecký kraj;564711;3506;CZ0423;60;CZ042;CZ-42
CZ-41113;CZ;Česko;41113;Třebenice;Litoměřice;Ústecký kraj;565768;3506;CZ0423;60;CZ042;CZ-42
CZ-41114;CZ;Česko;41114;Vlastislav;Litoměřice;Ústecký kraj;565873;3506;CZ0423;60;CZ042;CZ-42
CZ-41115;CZ;Česko;41115;Třebívlice;Litoměřice;Ústecký kraj;565776;3506;CZ0423;60;CZ042;CZ-42
CZ-41116;CZ;Česko;41116;Klapý;Litoměřice;Ústecký kraj;565024;3506;CZ0423;60;CZ042;CZ-42
CZ-41117;CZ;Česko;41117;Libochovice;Litoměřice;Ústecký kraj;565164;3506;CZ0423;60;CZ042;CZ-42
CZ-41118;CZ;Česko;41118;Budyně nad Ohří;Litoměřice;Ústecký kraj;564656;3506;CZ0423;60;CZ042;CZ-42
CZ-41119;CZ;Česko;41119;Mšené-lázně;Litoměřice;Ústecký kraj;565318;3506;CZ0423;60;CZ042;CZ-42
CZ-41120;CZ;Česko;41120;Mšené-lázně;Litoměřice;Ústecký kraj;565318;3506;CZ0423;60;CZ042;CZ-42
CZ-41121;CZ;Česko;41121;Vrbičany;Litoměřice;Ústecký kraj;565903;3506;CZ0423;60;CZ042;CZ-42
CZ-41131;CZ;Česko;41131;Velemín;Litoměřice;Ústecký kraj;565849;3506;CZ0423;60;CZ042;CZ-42
CZ-41132;CZ;Česko;41132;Velemín;Litoměřice;Ústecký kraj;565849;3506;CZ0423;60;CZ042;CZ-42
CZ-41133;CZ;Česko;41133;Prackovice nad Labem;Litoměřice;Ústecký kraj;565458;3506;CZ0423;60;CZ042;CZ-42
CZ-41141;CZ;Česko;41141;Žitenice;Litoměřice;Ústecký kraj;565962;3506;CZ0423;60;CZ042;CZ-42
CZ-41142;CZ;Česko;41142;Ploskovice;Litoměřice;Ústecký kraj;565393;3506;CZ0423;60;CZ042;CZ-42
CZ-41145;CZ;Česko;41145;Úštěk;Litoměřice;Ústecký kraj;565814;3506;CZ0423;60;CZ042;CZ-42
CZ-41146;CZ;Česko;41146;Liběšice;Litoměřice;Ústecký kraj;565121;3506;CZ0423;60;CZ042;CZ-42
CZ-41147;CZ;Česko;41147;Polepy;Litoměřice;Ústecký kraj;565431;3506;CZ0423;60;CZ042;CZ-42
CZ-41148;CZ;Česko;41148;Křešice;Litoměřice;Ústecký kraj;565083;3506;CZ0423;60;CZ042;CZ-42
CZ-41155;CZ;Česko;41155;Terezín;Litoměřice;Ústecký kraj;565717;3506;CZ0423;60;CZ042;CZ-42
CZ-41156;CZ;Česko;41156;Bohušovice nad Ohří;Litoměřice;Ústecký kraj;564591;3506;CZ0423;60;CZ042;CZ-42
CZ-41162;CZ;Česko;41162;Snědovice;Litoměřice;Ústecký kraj;565610;3506;CZ0423;60;CZ042;CZ-42
CZ-41164;CZ;Česko;41164;Vrbice;Litoměřice;Ústecký kraj;565890;3506;CZ0423;60;CZ042;CZ-42
CZ-41171;CZ;Česko;41171;Chodouny;Litoměřice;Ústecký kraj;564923;3506;CZ0423;60;CZ042;CZ-42
CZ-41172;CZ;Česko;41172;Hoštka;Litoměřice;Ústecký kraj;564877;3506;CZ0423;60;CZ042;CZ-42
CZ-41173;CZ;Česko;41173;Štětí;Litoměřice;Ústecký kraj;565709;3506;CZ0423;60;CZ042;CZ-42
CZ-41174;CZ;Česko;41174;Snědovice;Litoměřice;Ústecký kraj;565610;3506;CZ0423;60;CZ042;CZ-42
CZ-41181;CZ;Česko;41181;Brozany nad Ohří;Litoměřice;Ústecký kraj;564621;3506;CZ0423;60;CZ042;CZ-42
CZ-41182;CZ;Česko;41182;Doksany;Litoměřice;Ústecký kraj;564753;3506;CZ0423;60;CZ042;CZ-42
CZ-41183;CZ;Česko;41183;Hrobce;Litoměřice;Ústecký kraj;564893;3506;CZ0423;60;CZ042;CZ-42
CZ-41184;CZ;Česko;41184;Straškov-Vodochody;Litoměřice;Ústecký kraj;565679;3506;CZ0423;60;CZ042;CZ-42
CZ-41185;CZ;Česko;41185;Horní Beřkovice;Litoměřice;Ústecký kraj;564851;3506;CZ0423;60;CZ042;CZ-42
CZ-41186;CZ;Česko;41186;Bechlín;Litoměřice;Ústecký kraj;564575;3506;CZ0423;60;CZ042;CZ-42
CZ-41187;CZ;Česko;41187;Krabčice;Litoměřice;Ústecký kraj;565067;3506;CZ0423;60;CZ042;CZ-42
CZ-41201;CZ;Česko;41201;Litoměřice;Litoměřice;Ústecký kraj;564567;3506;CZ0423;60;CZ042;CZ-42
CZ-41301;CZ;Česko;41301;Roudnice nad Labem;Litoměřice;Ústecký kraj;565555;3506;CZ0423;60;CZ042;CZ-42
CZ-41501;CZ;Česko;41501;Teplice;Teplice;Ústecký kraj;567442;3509;CZ0426;60;CZ042;CZ-42
CZ-41503;CZ;Česko;41503;Teplice;Teplice;Ústecký kraj;567442;3509;CZ0426;60;CZ042;CZ-42
CZ-41510;CZ;Česko;41510;Teplice;Teplice;Ústecký kraj;567442;3509;CZ0426;60;CZ042;CZ-42
CZ-41701;CZ;Česko;41701;Dubí;Teplice;Ústecký kraj;567507;3509;CZ0426;60;CZ042;CZ-42
CZ-41702;CZ;Česko;41702;Dubí;Teplice;Ústecký kraj;567507;3509;CZ0426;60;CZ042;CZ-42
CZ-41703;CZ;Česko;41703;Dubí;Teplice;Ústecký kraj;567507;3509;CZ0426;60;CZ042;CZ-42
CZ-41704;CZ;Česko;41704;Hrob;Teplice;Ústecký kraj;567558;3509;CZ0426;60;CZ042;CZ-42
CZ-41705;CZ;Česko;41705;Osek;Teplice;Ústecký kraj;567779;3509;CZ0426;60;CZ042;CZ-42
CZ-41712;CZ;Česko;41712;Proboštov;Teplice;Ústecký kraj;567787;3509;CZ0426;60;CZ042;CZ-42
CZ-41713;CZ;Česko;41713;Modlany;Teplice;Ústecký kraj;567710;3509;CZ0426;60;CZ042;CZ-42
CZ-41722;CZ;Česko;41722;Háj u Duchcova;Teplice;Ústecký kraj;567523;3509;CZ0426;60;CZ042;CZ-42
CZ-41723;CZ;Česko;41723;Košťany;Teplice;Ústecký kraj;567621;3509;CZ0426;60;CZ042;CZ-42
CZ-41724;CZ;Česko;41724;Jeníkov;Teplice;Ústecký kraj;567582;3509;CZ0426;60;CZ042;CZ-42
CZ-41725;CZ;Česko;41725;Lahošť;Teplice;Ústecký kraj;567647;3509;CZ0426;60;CZ042;CZ-42
CZ-41731;CZ;Česko;41731;Novosedlice;Teplice;Ústecký kraj;567752;3509;CZ0426;60;CZ042;CZ-42
CZ-41741;CZ;Česko;41741;Krupka;Teplice;Ústecký kraj;567639;3509;CZ0426;60;CZ042;CZ-42
CZ-41742;CZ;Česko;41742;Krupka;Teplice;Ústecký kraj;567639;3509;CZ0426;60;CZ042;CZ-42
CZ-41752;CZ;Česko;41752;Hostomice;Teplice;Ústecký kraj;567531;3509;CZ0426;60;CZ042;CZ-42
CZ-41753;CZ;Česko;41753;Světec;Teplice;Ústecký kraj;567841;3509;CZ0426;60;CZ042;CZ-42
CZ-41754;CZ;Česko;41754;Kostomlaty pod Milešovkou;Teplice;Ústecký kraj;567612;3509;CZ0426;60;CZ042;CZ-42
CZ-41757;CZ;Česko;41757;Hrobčice;Teplice;Ústecký kraj;567566;3509;CZ0426;60;CZ042;CZ-42
CZ-41761;CZ;Česko;41761;Bystřany;Teplice;Ústecký kraj;567477;3509;CZ0426;60;CZ042;CZ-42
CZ-41762;CZ;Česko;41762;Rtyně nad Bílinou;Teplice;Ústecký kraj;567809;3509;CZ0426;60;CZ042;CZ-42
CZ-41763;CZ;Česko;41763;Žalany;Teplice;Ústecký kraj;567876;3509;CZ0426;60;CZ042;CZ-42
CZ-41765;CZ;Česko;41765;Ohníč;Teplice;Ústecký kraj;567761;3509;CZ0426;60;CZ042;CZ-42
CZ-41771;CZ;Česko;41771;Zabrušany;Teplice;Ústecký kraj;567868;3509;CZ0426;60;CZ042;CZ-42
CZ-41772;CZ;Česko;41772;Ledvice;Teplice;Ústecký kraj;567655;3509;CZ0426;60;CZ042;CZ-42
CZ-41781;CZ;Česko;41781;Moldava;Teplice;Ústecký kraj;567728;3509;CZ0426;60;CZ042;CZ-42
CZ-41801;CZ;Česko;41801;Bílina;Teplice;Ústecký kraj;567451;3509;CZ0426;60;CZ042;CZ-42
CZ-41804;CZ;Česko;41804;Hrobčice;Teplice;Ústecký kraj;567566;3509;CZ0426;60;CZ042;CZ-42
CZ-41901;CZ;Česko;41901;Duchcov;Teplice;Ústecký kraj;567515;3509;CZ0426;60;CZ042;CZ-42
CZ-43001;CZ;Česko;43001;Chomutov;Chomutov;Ústecký kraj;562971;3503;CZ0422;60;CZ042;CZ-42
CZ-43003;CZ;Česko;43003;Chomutov;Chomutov;Ústecký kraj;562971;3503;CZ0422;60;CZ042;CZ-42
CZ-43004;CZ;Česko;43004;Chomutov;Chomutov;Ústecký kraj;562971;3503;CZ0422;60;CZ042;CZ-42
CZ-43101;CZ;Česko;43101;Spořice;Chomutov;Ústecký kraj;563340;3503;CZ0422;60;CZ042;CZ-42
CZ-43102;CZ;Česko;43102;Málkov;Chomutov;Ústecký kraj;563200;3503;CZ0422;60;CZ042;CZ-42
CZ-43111;CZ;Česko;43111;Jirkov;Chomutov;Ústecký kraj;563099;3503;CZ0422;60;CZ042;CZ-42
CZ-43114;CZ;Česko;43114;Strupčice;Chomutov;Ústecký kraj;563358;3503;CZ0422;60;CZ042;CZ-42
CZ-43115;CZ;Česko;43115;Vrskmaň;Chomutov;Ústecký kraj;563463;3503;CZ0422;60;CZ042;CZ-42
CZ-43121;CZ;Česko;43121;Boleboř;Chomutov;Ústecký kraj;563005;3503;CZ0422;60;CZ042;CZ-42
CZ-43132;CZ;Česko;43132;Kalek;Chomutov;Ústecký kraj;563111;3503;CZ0422;60;CZ042;CZ-42
CZ-43141;CZ;Česko;43141;Údlice;Chomutov;Ústecký kraj;563382;3503;CZ0422;60;CZ042;CZ-42
CZ-43143;CZ;Česko;43143;Hrušovany;Chomutov;Ústecký kraj;563072;3503;CZ0422;60;CZ042;CZ-42
CZ-43144;CZ;Česko;43144;Droužkovice;Chomutov;Ústecký kraj;563056;3503;CZ0422;60;CZ042;CZ-42
CZ-43145;CZ;Česko;43145;Březno;Chomutov;Ústecký kraj;563013;3503;CZ0422;60;CZ042;CZ-42
CZ-43151;CZ;Česko;43151;Klášterec nad Ohří;Chomutov;Ústecký kraj;563129;3503;CZ0422;60;CZ042;CZ-42
CZ-43153;CZ;Česko;43153;Pětipsy;Chomutov;Ústecký kraj;563293;3503;CZ0422;60;CZ042;CZ-42
CZ-43154;CZ;Česko;43154;Vilémov;Chomutov;Ústecký kraj;563439;3503;CZ0422;60;CZ042;CZ-42
CZ-43155;CZ;Česko;43155;Radonice;Chomutov;Ústecký kraj;563323;3503;CZ0422;60;CZ042;CZ-42
CZ-43156;CZ;Česko;43156;Mašťov;Chomutov;Ústecký kraj;563218;3503;CZ0422;60;CZ042;CZ-42
CZ-43157;CZ;Česko;43157;Chbany;Chomutov;Ústecký kraj;563081;3503;CZ0422;60;CZ042;CZ-42
CZ-43158;CZ;Česko;43158;Místo;Chomutov;Ústecký kraj;563242;3503;CZ0422;60;CZ042;CZ-42
CZ-43159;CZ;Česko;43159;Vysoká Pec;Chomutov;Ústecký kraj;563501;3503;CZ0422;60;CZ042;CZ-42
CZ-43163;CZ;Česko;43163;Perštejn;Chomutov;Ústecký kraj;563285;3503;CZ0422;60;CZ042;CZ-42
CZ-43182;CZ;Česko;43182;Hora Svatého Šebestiána;Chomutov;Ústecký kraj;563064;3503;CZ0422;60;CZ042;CZ-42
CZ-43183;CZ;Česko;43183;Výsluní;Chomutov;Ústecký kraj;563498;3503;CZ0422;60;CZ042;CZ-42
CZ-43184;CZ;Česko;43184;Měděnec;Chomutov;Ústecký kraj;563226;3503;CZ0422;60;CZ042;CZ-42
CZ-43186;CZ;Česko;43186;Kovářská;Chomutov;Ústecký kraj;563137;3503;CZ0422;60;CZ042;CZ-42
CZ-43191;CZ;Česko;43191;Vejprty;Chomutov;Ústecký kraj;563404;3503;CZ0422;60;CZ042;CZ-42
CZ-43201;CZ;Česko;43201;Kadaň;Chomutov;Ústecký kraj;563102;3503;CZ0422;60;CZ042;CZ-42
CZ-43401;CZ;Česko;43401;Most;Most;Ústecký kraj;567027;3508;CZ0425;60;CZ042;CZ-42
CZ-43501;CZ;Česko;43501;Havraň;Most;Ústecký kraj;567141;3508;CZ0425;60;CZ042;CZ-42
CZ-43502;CZ;Česko;43502;Most;Most;Ústecký kraj;567027;3508;CZ0425;60;CZ042;CZ-42
CZ-43511;CZ;Česko;43511;Lom;Most;Ústecký kraj;567264;3508;CZ0425;60;CZ042;CZ-42
CZ-43513;CZ;Česko;43513;Meziboří;Most;Ústecký kraj;567311;3508;CZ0425;60;CZ042;CZ-42
CZ-43521;CZ;Česko;43521;Obrnice;Most;Ústecký kraj;567337;3508;CZ0425;60;CZ042;CZ-42
CZ-43522;CZ;Česko;43522;Braňany;Most;Ústecký kraj;567060;3508;CZ0425;60;CZ042;CZ-42
CZ-43524;CZ;Česko;43524;Lužice;Most;Ústecký kraj;567281;3508;CZ0425;60;CZ042;CZ-42
CZ-43526;CZ;Česko;43526;Bečov;Most;Ústecký kraj;567043;3508;CZ0425;60;CZ042;CZ-42
CZ-43532;CZ;Česko;43532;Mariánské Radčice;Most;Ústecký kraj;567302;3508;CZ0425;60;CZ042;CZ-42
CZ-43533;CZ;Česko;43533;Louka u Litvínova;Most;Ústecký kraj;567272;3508;CZ0425;60;CZ042;CZ-42
CZ-43542;CZ;Česko;43542;Litvínov;Most;Ústecký kraj;567256;3508;CZ0425;60;CZ042;CZ-42
CZ-43543;CZ;Česko;43543;Horní Jiřetín;Most;Ústecký kraj;567175;3508;CZ0425;60;CZ042;CZ-42
CZ-43545;CZ;Česko;43545;Nová Ves v Horách;Most;Ústecký kraj;567329;3508;CZ0425;60;CZ042;CZ-42
CZ-43546;CZ;Česko;43546;Hora Svaté Kateřiny;Most;Ústecký kraj;567167;3508;CZ0425;60;CZ042;CZ-42
CZ-43547;CZ;Česko;43547;Brandov;Most;Ústecký kraj;567078;3508;CZ0425;60;CZ042;CZ-42
CZ-43601;CZ;Česko;43601;Litvínov;Most;Ústecký kraj;567256;3508;CZ0425;60;CZ042;CZ-42
CZ-43603;CZ;Česko;43603;Litvínov;Most;Ústecký kraj;567256;3508;CZ0425;60;CZ042;CZ-42
CZ-43801;CZ;Česko;43801;Žatec;Louny;Ústecký kraj;566985;3507;CZ0424;60;CZ042;CZ-42
CZ-43901;CZ;Česko;43901;Černčice;Louny;Ústecký kraj;542628;3507;CZ0424;60;CZ042;CZ-42
CZ-43902;CZ;Česko;43902;Cítoliby;Louny;Ústecký kraj;542571;3507;CZ0424;60;CZ042;CZ-42
CZ-43903;CZ;Česko;43903;Chlumčany;Louny;Ústecký kraj;566233;3507;CZ0424;60;CZ042;CZ-42
CZ-43904;CZ;Česko;43904;Hříškov;Louny;Ústecký kraj;566195;3507;CZ0424;60;CZ042;CZ-42
CZ-43905;CZ;Česko;43905;Panenský Týnec;Louny;Ústecký kraj;566535;3507;CZ0424;60;CZ042;CZ-42
CZ-43906;CZ;Česko;43906;Vrbno nad Lesy;Louny;Ústecký kraj;566926;3507;CZ0424;60;CZ042;CZ-42
CZ-43907;CZ;Česko;43907;Peruc;Louny;Ústecký kraj;566551;3507;CZ0424;60;CZ042;CZ-42
CZ-43908;CZ;Česko;43908;Peruc;Louny;Ústecký kraj;566551;3507;CZ0424;60;CZ042;CZ-42
CZ-43909;CZ;Česko;43909;Slavětín;Louny;Ústecký kraj;566713;3507;CZ0424;60;CZ042;CZ-42
CZ-43914;CZ;Česko;43914;Smolnice;Louny;Ústecký kraj;566721;3507;CZ0424;60;CZ042;CZ-42
CZ-43915;CZ;Česko;43915;Vinařice;Louny;Ústecký kraj;566918;3507;CZ0424;60;CZ042;CZ-42
CZ-43921;CZ;Česko;43921;Koštice;Louny;Ústecký kraj;566284;3507;CZ0424;60;CZ042;CZ-42
CZ-43922;CZ;Česko;43922;Chožov;Louny;Ústecký kraj;566241;3507;CZ0424;60;CZ042;CZ-42
CZ-43923;CZ;Česko;43923;Lenešice;Louny;Ústecký kraj;566322;3507;CZ0424;60;CZ042;CZ-42
CZ-43924;CZ;Česko;43924;Raná;Louny;Ústecký kraj;566659;3507;CZ0424;60;CZ042;CZ-42
CZ-43926;CZ;Česko;43926;Libčeves;Louny;Ústecký kraj;566349;3507;CZ0424;60;CZ042;CZ-42
CZ-43931;CZ;Česko;43931;Měcholupy;Louny;Ústecký kraj;566454;3507;CZ0424;60;CZ042;CZ-42
CZ-43942;CZ;Česko;43942;Postoloprty;Louny;Ústecký kraj;566624;3507;CZ0424;60;CZ042;CZ-42
CZ-43949;CZ;Česko;43949;Staňkovice;Louny;Ústecký kraj;543128;3507;CZ0424;60;CZ042;CZ-42
CZ-43963;CZ;Česko;43963;Liběšice;Louny;Ústecký kraj;566357;3507;CZ0424;60;CZ042;CZ-42
CZ-43965;CZ;Česko;43965;Hřivice;Louny;Ústecký kraj;566217;3507;CZ0424;60;CZ042;CZ-42
CZ-43967;CZ;Česko;43967;Ročov;Louny;Ústecký kraj;566667;3507;CZ0424;60;CZ042;CZ-42
CZ-43968;CZ;Česko;43968;Domoušice;Louny;Ústecký kraj;566152;3507;CZ0424;60;CZ042;CZ-42
CZ-43969;CZ;Česko;43969;Tuchořice;Louny;Ústecký kraj;566853;3507;CZ0424;60;CZ042;CZ-42
CZ-43971;CZ;Česko;43971;Nepomyšl;Louny;Ústecký kraj;566501;3507;CZ0424;60;CZ042;CZ-42
CZ-43972;CZ;Česko;43972;Krásný Dvůr;Louny;Ústecký kraj;566306;3507;CZ0424;60;CZ042;CZ-42
CZ-43975;CZ;Česko;43975;Libočany;Louny;Ústecký kraj;530590;3507;CZ0424;60;CZ042;CZ-42
CZ-43981;CZ;Česko;43981;Kryry;Louny;Ústecký kraj;566314;3507;CZ0424;60;CZ042;CZ-42
CZ-43982;CZ;Česko;43982;Vroutek;Louny;Ústecký kraj;566934;3507;CZ0424;60;CZ042;CZ-42
CZ-43983;CZ;Česko;43983;Lubenec;Louny;Ústecký kraj;566438;3507;CZ0424;60;CZ042;CZ-42
CZ-43984;CZ;Česko;43984;Blatno;Louny;Ústecký kraj;566004;3507;CZ0424;60;CZ042;CZ-42
CZ-43985;CZ;Česko;43985;Petrohrad;Louny;Ústecký kraj;566560;3507;CZ0424;60;CZ042;CZ-42
CZ-43986;CZ;Česko;43986;Kryry;Louny;Ústecký kraj;566314;3507;CZ0424;60;CZ042;CZ-42
CZ-43987;CZ;Česko;43987;Očihov;Louny;Ústecký kraj;566527;3507;CZ0424;60;CZ042;CZ-42
CZ-43988;CZ;Česko;43988;Blšany;Louny;Ústecký kraj;566021;3507;CZ0424;60;CZ042;CZ-42
CZ-44001;CZ;Česko;44001;Louny;Louny;Ústecký kraj;565971;3507;CZ0424;60;CZ042;CZ-42
CZ-44101;CZ;Česko;44101;Podbořany;Louny;Ústecký kraj;566616;3507;CZ0424;60;CZ042;CZ-42
CZ-46001;CZ;Česko;46001;Liberec;Liberec;Liberecký kraj;563889;3505;CZ0513;78;CZ051;CZ-51
CZ-46005;CZ;Česko;46005;Liberec;Liberec;Liberecký kraj;563889;3505;CZ0513;78;CZ051;CZ-51
CZ-46006;CZ;Česko;46006;Liberec;Liberec;Liberecký kraj;563889;3505;CZ0513;78;CZ051;CZ-51
CZ-46007;CZ;Česko;46007;Liberec;Liberec;Liberecký kraj;563889;3505;CZ0513;78;CZ051;CZ-51
CZ-46008;CZ;Česko;46008;Liberec;Liberec;Liberecký kraj;563889;3505;CZ0513;78;CZ051;CZ-51
CZ-46010;CZ;Česko;46010;Liberec;Liberec;Liberecký kraj;563889;3505;CZ0513;78;CZ051;CZ-51
CZ-46014;CZ;Česko;46014;Liberec;Liberec;Liberecký kraj;563889;3505;CZ0513;78;CZ051;CZ-51
CZ-46015;CZ;Česko;46015;Liberec;Liberec;Liberecký kraj;563889;3505;CZ0513;78;CZ051;CZ-51
CZ-46303;CZ;Česko;46303;Stráž nad Nisou;Liberec;Liberecký kraj;544477;3505;CZ0513;78;CZ051;CZ-51
CZ-46311;CZ;Česko;46311;Liberec;Liberec;Liberecký kraj;563889;3505;CZ0513;78;CZ051;CZ-51
CZ-46312;CZ;Česko;46312;Liberec;Liberec;Liberecký kraj;563889;3505;CZ0513;78;CZ051;CZ-51
CZ-46331;CZ;Česko;46331;Chrastava;Liberec;Liberecký kraj;564117;3505;CZ0513;78;CZ051;CZ-51
CZ-46334;CZ;Česko;46334;Hrádek nad Nisou;Liberec;Liberecký kraj;564095;3505;CZ0513;78;CZ051;CZ-51
CZ-46342;CZ;Česko;46342;Hodkovice nad Mohelkou;Liberec;Liberecký kraj;564061;3505;CZ0513;78;CZ051;CZ-51
CZ-46343;CZ;Česko;46343;Český Dub;Liberec;Liberecký kraj;563960;3505;CZ0513;78;CZ051;CZ-51
CZ-46344;CZ;Česko;46344;Paceřice;Liberec;Liberecký kraj;545953;3505;CZ0513;78;CZ051;CZ-51
CZ-46345;CZ;Česko;46345;Čtveřín;Liberec;Liberecký kraj;544531;3505;CZ0513;78;CZ051;CZ-51
CZ-46346;CZ;Česko;46346;Příšovice;Liberec;Liberecký kraj;564354;3505;CZ0513;78;CZ051;CZ-51
CZ-46348;CZ;Česko;46348;Všelibice;Liberec;Liberecký kraj;564532;3505;CZ0513;78;CZ051;CZ-51
CZ-46352;CZ;Česko;46352;Osečná;Liberec;Liberecký kraj;564290;3505;CZ0513;78;CZ051;CZ-51
CZ-46353;CZ;Česko;46353;Rynoltice;Liberec;Liberecký kraj;564397;3505;CZ0513;78;CZ051;CZ-51
CZ-46362;CZ;Česko;46362;Hejnice;Liberec;Liberecký kraj;564044;3505;CZ0513;78;CZ051;CZ-51
CZ-46365;CZ;Česko;46365;Nové Město pod Smrkem;Liberec;Liberecký kraj;564265;3505;CZ0513;78;CZ051;CZ-51
CZ-46373;CZ;Česko;46373;Habartice;Liberec;Liberecký kraj;564036;3505;CZ0513;78;CZ051;CZ-51
CZ-46401;CZ;Česko;46401;Frýdlant;Liberec;Liberecký kraj;564028;3505;CZ0513;78;CZ051;CZ-51
CZ-46601;CZ;Česko;46601;Jablonec nad Nisou;Jablonec nad Nisou;Liberecký kraj;563510;3504;CZ0512;78;CZ051;CZ-51
CZ-46602;CZ;Česko;46602;Jablonec nad Nisou;Jablonec nad Nisou;Liberecký kraj;563510;3504;CZ0512;78;CZ051;CZ-51
CZ-46604;CZ;Česko;46604;Jablonec nad Nisou;Jablonec nad Nisou;Liberecký kraj;563510;3504;CZ0512;78;CZ051;CZ-51
CZ-46605;CZ;Česko;46605;Jablonec nad Nisou;Jablonec nad Nisou;Liberecký kraj;563510;3504;CZ0512;78;CZ051;CZ-51
CZ-46606;CZ;Česko;46606;Jablonec nad Nisou;Jablonec nad Nisou;Liberecký kraj;563510;3504;CZ0512;78;CZ051;CZ-51
CZ-46801;CZ;Česko;46801;Jablonec nad Nisou;Jablonec nad Nisou;Liberecký kraj;563510;3504;CZ0512;78;CZ051;CZ-51
CZ-46802;CZ;Česko;46802;Rychnov u Jablonce nad Nisou;Jablonec nad Nisou;Liberecký kraj;563790;3504;CZ0512;78;CZ051;CZ-51
CZ-46803;CZ;Česko;46803;Rádlo;Jablonec nad Nisou;Liberecký kraj;563781;3504;CZ0512;78;CZ051;CZ-51
CZ-46804;CZ;Česko;46804;Jablonec nad Nisou;Jablonec nad Nisou;Liberecký kraj;563510;3504;CZ0512;78;CZ051;CZ-51
CZ-46811;CZ;Česko;46811;Janov nad Nisou;Jablonec nad Nisou;Liberecký kraj;563595;3504;CZ0512;78;CZ051;CZ-51
CZ-46812;CZ;Česko;46812;Bedřichov;Jablonec nad Nisou;Liberecký kraj;563536;3504;CZ0512;78;CZ051;CZ-51
CZ-46821;CZ;Česko;46821;Pěnčín;Jablonec nad Nisou;Liberecký kraj;563749;3504;CZ0512;78;CZ051;CZ-51
CZ-46822;CZ;Česko;46822;Železný Brod;Jablonec nad Nisou;Liberecký kraj;563871;3504;CZ0512;78;CZ051;CZ-51
CZ-46824;CZ;Česko;46824;Držkov;Jablonec nad Nisou;Liberecký kraj;563561;3504;CZ0512;78;CZ051;CZ-51
CZ-46825;CZ;Česko;46825;Zásada;Jablonec nad Nisou;Liberecký kraj;563854;3504;CZ0512;78;CZ051;CZ-51
CZ-46826;CZ;Česko;46826;Pěnčín;Jablonec nad Nisou;Liberecký kraj;563749;3504;CZ0512;78;CZ051;CZ-51
CZ-46827;CZ;Česko;46827;Nová Ves nad Nisou;Jablonec nad Nisou;Liberecký kraj;563731;3504;CZ0512;78;CZ051;CZ-51
CZ-46833;CZ;Česko;46833;Jenišovice;Jablonec nad Nisou;Liberecký kraj;563609;3504;CZ0512;78;CZ051;CZ-51
CZ-46841;CZ;Česko;46841;Tanvald;Jablonec nad Nisou;Liberecký kraj;563820;3504;CZ0512;78;CZ051;CZ-51
CZ-46843;CZ;Česko;46843;Albrechtice v Jizerských horách;Jablonec nad Nisou;Liberecký kraj;563528;3504;CZ0512;78;CZ051;CZ-51
CZ-46844;CZ;Česko;46844;Josefův Důl;Jablonec nad Nisou;Liberecký kraj;563633;3504;CZ0512;78;CZ051;CZ-51
CZ-46845;CZ;Česko;46845;Velké Hamry;Jablonec nad Nisou;Liberecký kraj;563838;3504;CZ0512;78;CZ051;CZ-51
CZ-46846;CZ;Česko;46846;Plavy;Jablonec nad Nisou;Liberecký kraj;563757;3504;CZ0512;78;CZ051;CZ-51
CZ-46847;CZ;Česko;46847;Zlatá Olešnice;Jablonec nad Nisou;Liberecký kraj;563862;3504;CZ0512;78;CZ051;CZ-51
CZ-46848;CZ;Česko;46848;Kořenov;Jablonec nad Nisou;Liberecký kraj;563668;3504;CZ0512;78;CZ051;CZ-51
CZ-46849;CZ;Česko;46849;Kořenov;Jablonec nad Nisou;Liberecký kraj;563668;3504;CZ0512;78;CZ051;CZ-51
CZ-46850;CZ;Česko;46850;Kořenov;Jablonec nad Nisou;Liberecký kraj;563668;3504;CZ0512;78;CZ051;CZ-51
CZ-46851;CZ;Česko;46851;Smržovka;Jablonec nad Nisou;Liberecký kraj;563811;3504;CZ0512;78;CZ051;CZ-51
CZ-46861;CZ;Česko;46861;Desná;Jablonec nad Nisou;Liberecký kraj;563552;3504;CZ0512;78;CZ051;CZ-51
CZ-46871;CZ;Česko;46871;Lučany nad Nisou;Jablonec nad Nisou;Liberecký kraj;563692;3504;CZ0512;78;CZ051;CZ-51
CZ-47001;CZ;Česko;47001;Česká Lípa;Česká Lípa;Liberecký kraj;561380;3501;CZ0511;78;CZ051;CZ-51
CZ-47002;CZ;Česko;47002;Holany;Česká Lípa;Liberecký kraj;561584;3501;CZ0511;78;CZ051;CZ-51
CZ-47006;CZ;Česko;47006;Česká Lípa;Česká Lípa;Liberecký kraj;561380;3501;CZ0511;78;CZ051;CZ-51
CZ-47101;CZ;Česko;47101;Zahrádky;Česká Lípa;Liberecký kraj;562246;3501;CZ0511;78;CZ051;CZ-51
CZ-47102;CZ;Česko;47102;Stvolínky;Česká Lípa;Liberecký kraj;562114;3501;CZ0511;78;CZ051;CZ-51
CZ-47103;CZ;Česko;47103;Kravaře;Česká Lípa;Liberecký kraj;561720;3501;CZ0511;78;CZ051;CZ-51
CZ-47104;CZ;Česko;47104;Blíževedly;Česká Lípa;Liberecký kraj;561410;3501;CZ0511;78;CZ051;CZ-51
CZ-47105;CZ;Česko;47105;Žandov;Česká Lípa;Liberecký kraj;562297;3501;CZ0511;78;CZ051;CZ-51
CZ-47106;CZ;Česko;47106;Horní Police;Česká Lípa;Liberecký kraj;561606;3501;CZ0511;78;CZ051;CZ-51
CZ-47107;CZ;Česko;47107;Žandov;Česká Lípa;Liberecký kraj;562297;3501;CZ0511;78;CZ051;CZ-51
CZ-47108;CZ;Česko;47108;Stružnice;Česká Lípa;Liberecký kraj;562106;3501;CZ0511;78;CZ051;CZ-51
CZ-47111;CZ;Česko;47111;Horní Libchava;Česká Lípa;Liberecký kraj;561592;3501;CZ0511;78;CZ051;CZ-51
CZ-47112;CZ;Česko;47112;Volfartice;Česká Lípa;Liberecký kraj;562220;3501;CZ0511;78;CZ051;CZ-51
CZ-47113;CZ;Česko;47113;Nový Oldřichov;Česká Lípa;Liberecký kraj;561878;3501;CZ0511;78;CZ051;CZ-51
CZ-47114;CZ;Česko;47114;Kamenický Šenov;Česká Lípa;Liberecký kraj;561681;3501;CZ0511;78;CZ051;CZ-51
CZ-47115;CZ;Česko;47115;Prysk;Česká Lípa;Liberecký kraj;561991;3501;CZ0511;78;CZ051;CZ-51
CZ-47116;CZ;Česko;47116;Polevsko;Česká Lípa;Liberecký kraj;561959;3501;CZ0511;78;CZ051;CZ-51
CZ-47117;CZ;Česko;47117;Skalice u České Lípy;Česká Lípa;Liberecký kraj;562025;3501;CZ0511;78;CZ051;CZ-51
CZ-47118;CZ;Česko;47118;Nový Bor;Česká Lípa;Liberecký kraj;561860;3501;CZ0511;78;CZ051;CZ-51
CZ-47121;CZ;Česko;47121;Česká Lípa;Česká Lípa;Liberecký kraj;561380;3501;CZ0511;78;CZ051;CZ-51
CZ-47123;CZ;Česko;47123;Zákupy;Česká Lípa;Liberecký kraj;562262;3501;CZ0511;78;CZ051;CZ-51
CZ-47124;CZ;Česko;47124;Mimoň;Česká Lípa;Liberecký kraj;561835;3501;CZ0511;78;CZ051;CZ-51
CZ-47125;CZ;Česko;47125;Jablonné v Podještědí;Liberec;Liberecký kraj;561631;3505;CZ0513;78;CZ051;CZ-51
CZ-47126;CZ;Česko;47126;Dubnice;Česká Lípa;Liberecký kraj;561541;3501;CZ0511;78;CZ051;CZ-51
CZ-47127;CZ;Česko;47127;Stráž pod Ralskem;Česká Lípa;Liberecký kraj;562092;3501;CZ0511;78;CZ051;CZ-51
CZ-47128;CZ;Česko;47128;Hamr na Jezeře;Česká Lípa;Liberecký kraj;544337;3501;CZ0511;78;CZ051;CZ-51
CZ-47129;CZ;Česko;47129;Brniště;Česká Lípa;Liberecký kraj;561444;3501;CZ0511;78;CZ051;CZ-51
CZ-47141;CZ;Česko;47141;Dubá;Česká Lípa;Liberecký kraj;561533;3501;CZ0511;78;CZ051;CZ-51
CZ-47151;CZ;Česko;47151;Svor;Česká Lípa;Liberecký kraj;562131;3501;CZ0511;78;CZ051;CZ-51
CZ-47152;CZ;Česko;47152;Sloup v Čechách;Česká Lípa;Liberecký kraj;562050;3501;CZ0511;78;CZ051;CZ-51
CZ-47153;CZ;Česko;47153;Svojkov;Česká Lípa;Liberecký kraj;546283;3501;CZ0511;78;CZ051;CZ-51
CZ-47154;CZ;Česko;47154;Cvikov;Česká Lípa;Liberecký kraj;561479;3501;CZ0511;78;CZ051;CZ-51
CZ-47155;CZ;Česko;47155;Kunratice u Cvikova;Česká Lípa;Liberecký kraj;561746;3501;CZ0511;78;CZ051;CZ-51
CZ-47156;CZ;Česko;47156;Mařenice;Česká Lípa;Liberecký kraj;561827;3501;CZ0511;78;CZ051;CZ-51
CZ-47157;CZ;Česko;47157;Krompach;Česká Lípa;Liberecký kraj;561738;3501;CZ0511;78;CZ051;CZ-51
CZ-47158;CZ;Česko;47158;Cvikov;Česká Lípa;Liberecký kraj;561479;3501;CZ0511;78;CZ051;CZ-51
CZ-47161;CZ;Česko;47161;Jestřebí;Česká Lípa;Liberecký kraj;561665;3501;CZ0511;78;CZ051;CZ-51
CZ-47162;CZ;Česko;47162;Okna;Česká Lípa;Liberecký kraj;561886;3501;CZ0511;78;CZ051;CZ-51
CZ-47163;CZ;Česko;47163;Doksy;Česká Lípa;Liberecký kraj;561495;3501;CZ0511;78;CZ051;CZ-51
CZ-47167;CZ;Česko;47167;Provodín;Česká Lípa;Liberecký kraj;561983;3501;CZ0511;78;CZ051;CZ-51
CZ-47201;CZ;Česko;47201;Doksy;Česká Lípa;Liberecký kraj;561495;3501;CZ0511;78;CZ051;CZ-51
CZ-47301;CZ;Česko;47301;Nový Bor;Česká Lípa;Liberecký kraj;561860;3501;CZ0511;78;CZ051;CZ-51
CZ-50002;CZ;Česko;50002;Hradec Králové;Hradec Králové;Královéhradecký kraj;569810;3602;CZ0521;86;CZ052;CZ-52
CZ-50003;CZ;Česko;50003;Hradec Králové;Hradec Králové;Královéhradecký kraj;569810;3602;CZ0521;86;CZ052;CZ-52
CZ-50004;CZ;Česko;50004;Hradec Králové;Hradec Králové;Královéhradecký kraj;569810;3602;CZ0521;86;CZ052;CZ-52
CZ-50006;CZ;Česko;50006;Hradec Králové;Hradec Králové;Královéhradecký kraj;569810;3602;CZ0521;86;CZ052;CZ-52
CZ-50008;CZ;Česko;50008;Hradec Králové;Hradec Králové;Královéhradecký kraj;569810;3602;CZ0521;86;CZ052;CZ-52
CZ-50009;CZ;Česko;50009;Hradec Králové;Hradec Králové;Královéhradecký kraj;569810;3602;CZ0521;86;CZ052;CZ-52
CZ-50011;CZ;Česko;50011;Hradec Králové;Hradec Králové;Královéhradecký kraj;569810;3602;CZ0521;86;CZ052;CZ-52
CZ-50012;CZ;Česko;50012;Hradec Králové;Hradec Králové;Královéhradecký kraj;569810;3602;CZ0521;86;CZ052;CZ-52
CZ-50301;CZ;Česko;50301;Hradec Králové;Hradec Králové;Královéhradecký kraj;569810;3602;CZ0521;86;CZ052;CZ-52
CZ-50302;CZ;Česko;50302;Předměřice nad Labem;Hradec Králové;Královéhradecký kraj;570672;3602;CZ0521;86;CZ052;CZ-52
CZ-50303;CZ;Česko;50303;Smiřice;Hradec Králové;Královéhradecký kraj;570877;3602;CZ0521;86;CZ052;CZ-52
CZ-50304;CZ;Česko;50304;Černožice;Hradec Králové;Královéhradecký kraj;569925;3602;CZ0521;86;CZ052;CZ-52
CZ-50305;CZ;Česko;50305;Lužany;Hradec Králové;Královéhradecký kraj;570354;3602;CZ0521;86;CZ052;CZ-52
CZ-50306;CZ;Česko;50306;Hořiněves;Hradec Králové;Královéhradecký kraj;570044;3602;CZ0521;86;CZ052;CZ-52
CZ-50311;CZ;Česko;50311;Hradec Králové;Hradec Králové;Královéhradecký kraj;569810;3602;CZ0521;86;CZ052;CZ-52
CZ-50312;CZ;Česko;50312;Všestary;Hradec Králové;Královéhradecký kraj;571091;3602;CZ0521;86;CZ052;CZ-52
CZ-50313;CZ;Česko;50313;Dohalice;Hradec Králové;Královéhradecký kraj;569976;3602;CZ0521;86;CZ052;CZ-52
CZ-50314;CZ;Česko;50314;Stračov;Hradec Králové;Královéhradecký kraj;570958;3602;CZ0521;86;CZ052;CZ-52
CZ-50315;CZ;Česko;50315;Nechanice;Hradec Králové;Královéhradecký kraj;570451;3602;CZ0521;86;CZ052;CZ-52
CZ-50316;CZ;Česko;50316;Dolní Přím;Hradec Králové;Královéhradecký kraj;569984;3602;CZ0521;86;CZ052;CZ-52
CZ-50321;CZ;Česko;50321;Stěžery;Hradec Králové;Královéhradecký kraj;570931;3602;CZ0521;86;CZ052;CZ-52
CZ-50322;CZ;Česko;50322;Libčany;Hradec Králové;Královéhradecký kraj;570249;3602;CZ0521;86;CZ052;CZ-52
CZ-50323;CZ;Česko;50323;Boharyně;Hradec Králové;Královéhradecký kraj;569887;3602;CZ0521;86;CZ052;CZ-52
CZ-50324;CZ;Česko;50324;Kratonohy;Hradec Králové;Královéhradecký kraj;570206;3602;CZ0521;86;CZ052;CZ-52
CZ-50325;CZ;Česko;50325;Dobřenice;Hradec Králové;Královéhradecký kraj;569968;3602;CZ0521;86;CZ052;CZ-52
CZ-50326;CZ;Česko;50326;Osice;Hradec Králové;Královéhradecký kraj;570532;3602;CZ0521;86;CZ052;CZ-52
CZ-50327;CZ;Česko;50327;Lhota pod Libčany;Hradec Králové;Královéhradecký kraj;570231;3602;CZ0521;86;CZ052;CZ-52
CZ-50331;CZ;Česko;50331;Vysoká nad Labem;Hradec Králové;Královéhradecký kraj;571113;3602;CZ0521;86;CZ052;CZ-52
CZ-50332;CZ;Česko;50332;Hradec Králové;Hradec Králové;Královéhradecký kraj;569810;3602;CZ0521;86;CZ052;CZ-52
CZ-50333;CZ;Česko;50333;Praskačka;Hradec Králové;Královéhradecký kraj;570656;3602;CZ0521;86;CZ052;CZ-52
CZ-50341;CZ;Česko;50341;Hradec Králové;Hradec Králové;Královéhradecký kraj;569810;3602;CZ0521;86;CZ052;CZ-52
CZ-50343;CZ;Česko;50343;Černilov;Hradec Králové;Královéhradecký kraj;569917;3602;CZ0521;86;CZ052;CZ-52
CZ-50344;CZ;Česko;50344;Libřice;Hradec Králové;Královéhradecký kraj;570273;3602;CZ0521;86;CZ052;CZ-52
CZ-50346;CZ;Česko;50346;Třebechovice pod Orebem;Hradec Králové;Královéhradecký kraj;571041;3602;CZ0521;86;CZ052;CZ-52
CZ-50351;CZ;Česko;50351;Chlumec nad Cidlinou;Hradec Králové;Královéhradecký kraj;570109;3602;CZ0521;86;CZ052;CZ-52
CZ-50352;CZ;Česko;50352;Skřivany;Hradec Králové;Královéhradecký kraj;570834;3602;CZ0521;86;CZ052;CZ-52
CZ-50353;CZ;Česko;50353;Smidary;Hradec Králové;Královéhradecký kraj;570869;3602;CZ0521;86;CZ052;CZ-52
CZ-50354;CZ;Česko;50354;Ohnišťany;Hradec Králové;Královéhradecký kraj;570516;3602;CZ0521;86;CZ052;CZ-52
CZ-50355;CZ;Česko;50355;Petrovice;Hradec Králové;Královéhradecký kraj;570567;3602;CZ0521;86;CZ052;CZ-52
CZ-50356;CZ;Česko;50356;Hlušice;Hradec Králové;Královéhradecký kraj;570001;3602;CZ0521;86;CZ052;CZ-52
CZ-50357;CZ;Česko;50357;Starý Bydžov;Hradec Králové;Královéhradecký kraj;573132;3602;CZ0521;86;CZ052;CZ-52
CZ-50361;CZ;Česko;50361;Lovčice;Hradec Králové;Královéhradecký kraj;570320;3602;CZ0521;86;CZ052;CZ-52
CZ-50362;CZ;Česko;50362;Lužec nad Cidlinou;Hradec Králové;Královéhradecký kraj;570362;3602;CZ0521;86;CZ052;CZ-52
CZ-50363;CZ;Česko;50363;Nepolisy;Hradec Králové;Královéhradecký kraj;570478;3602;CZ0521;86;CZ052;CZ-52
CZ-50364;CZ;Česko;50364;Měník;Hradec Králové;Královéhradecký kraj;570397;3602;CZ0521;86;CZ052;CZ-52
CZ-50365;CZ;Česko;50365;Kosičky;Hradec Králové;Královéhradecký kraj;570184;3602;CZ0521;86;CZ052;CZ-52
CZ-50366;CZ;Česko;50366;Káranice;Hradec Králové;Královéhradecký kraj;570150;3602;CZ0521;86;CZ052;CZ-52
CZ-50401;CZ;Česko;50401;Nový Bydžov;Hradec Králové;Královéhradecký kraj;570508;3602;CZ0521;86;CZ052;CZ-52
CZ-50601;CZ;Česko;50601;Jičín;Jičín;Královéhradecký kraj;572659;3604;CZ0522;86;CZ052;CZ-52
CZ-50702;CZ;Česko;50702;Žeretice;Jičín;Královéhradecký kraj;573833;3604;CZ0522;86;CZ052;CZ-52
CZ-50703;CZ;Česko;50703;Vysoké Veselí;Jičín;Královéhradecký kraj;573809;3604;CZ0522;86;CZ052;CZ-52
CZ-50704;CZ;Česko;50704;Třtěnice;Jičín;Královéhradecký kraj;573639;3604;CZ0522;86;CZ052;CZ-52
CZ-50705;CZ;Česko;50705;Konecchlumí;Jičín;Královéhradecký kraj;573051;3604;CZ0522;86;CZ052;CZ-52
CZ-50706;CZ;Česko;50706;Lužany;Jičín;Královéhradecký kraj;573159;3604;CZ0522;86;CZ052;CZ-52
CZ-50707;CZ;Česko;50707;Úlibice;Jičín;Královéhradecký kraj;573698;3604;CZ0522;86;CZ052;CZ-52
CZ-50711;CZ;Česko;50711;Valdice;Jičín;Královéhradecký kraj;573701;3604;CZ0522;86;CZ052;CZ-52
CZ-50712;CZ;Česko;50712;Radim;Jičín;Královéhradecký kraj;573370;3604;CZ0522;86;CZ052;CZ-52
CZ-50713;CZ;Česko;50713;Železnice;Jičín;Královéhradecký kraj;573825;3604;CZ0522;86;CZ052;CZ-52
CZ-50715;CZ;Česko;50715;Libuň;Jičín;Královéhradecký kraj;573124;3604;CZ0522;86;CZ052;CZ-52
CZ-50721;CZ;Česko;50721;Veliš;Jičín;Královéhradecký kraj;573728;3604;CZ0522;86;CZ052;CZ-52
CZ-50722;CZ;Česko;50722;Střevač;Jičín;Královéhradecký kraj;573540;3604;CZ0522;86;CZ052;CZ-52
CZ-50723;CZ;Česko;50723;Libáň;Jičín;Královéhradecký kraj;573108;3604;CZ0522;86;CZ052;CZ-52
CZ-50724;CZ;Česko;50724;Dětenice;Jičín;Královéhradecký kraj;572829;3604;CZ0522;86;CZ052;CZ-52
CZ-50731;CZ;Česko;50731;Jičíněves;Jičín;Královéhradecký kraj;573001;3604;CZ0522;86;CZ052;CZ-52
CZ-50732;CZ;Česko;50732;Kopidlno;Jičín;Královéhradecký kraj;573060;3604;CZ0522;86;CZ052;CZ-52
CZ-50733;CZ;Česko;50733;Vršce;Jičín;Královéhradecký kraj;573795;3604;CZ0522;86;CZ052;CZ-52
CZ-50734;CZ;Česko;50734;Žlunice;Jičín;Královéhradecký kraj;573850;3604;CZ0522;86;CZ052;CZ-52
CZ-50742;CZ;Česko;50742;Markvartice;Jičín;Královéhradecký kraj;573167;3604;CZ0522;86;CZ052;CZ-52
CZ-50743;CZ;Česko;50743;Sobotka;Jičín;Královéhradecký kraj;573493;3604;CZ0522;86;CZ052;CZ-52
CZ-50744;CZ;Česko;50744;Libošovice;Jičín;Královéhradecký kraj;573116;3604;CZ0522;86;CZ052;CZ-52
CZ-50745;CZ;Česko;50745;Mladějov;Jičín;Královéhradecký kraj;573205;3604;CZ0522;86;CZ052;CZ-52
CZ-50752;CZ;Česko;50752;Ostroměř;Jičín;Královéhradecký kraj;573272;3604;CZ0522;86;CZ052;CZ-52
CZ-50753;CZ;Česko;50753;Chomutice;Jičín;Královéhradecký kraj;572969;3604;CZ0522;86;CZ052;CZ-52
CZ-50754;CZ;Česko;50754;Podhorní Újezd a Vojice;Jičín;Královéhradecký kraj;573311;3604;CZ0522;86;CZ052;CZ-52
CZ-50758;CZ;Česko;50758;Mlázovice;Jičín;Královéhradecký kraj;573213;3604;CZ0522;86;CZ052;CZ-52
CZ-50759;CZ;Česko;50759;Šárovcova Lhota;Jičín;Královéhradecký kraj;573256;3604;CZ0522;86;CZ052;CZ-52
CZ-50771;CZ;Česko;50771;Miletín;Jičín;Královéhradecký kraj;573175;3604;CZ0522;86;CZ052;CZ-52
CZ-50773;CZ;Česko;50773;Dobrá Voda u Hořic;Jičín;Královéhradecký kraj;572837;3604;CZ0522;86;CZ052;CZ-52
CZ-50777;CZ;Česko;50777;Cerekvice nad Bystřicí;Jičín;Královéhradecký kraj;572781;3604;CZ0522;86;CZ052;CZ-52
CZ-50781;CZ;Česko;50781;Lázně Bělohrad;Jičín;Královéhradecký kraj;573094;3604;CZ0522;86;CZ052;CZ-52
CZ-50782;CZ;Česko;50782;Pecka;Jičín;Královéhradecký kraj;573299;3604;CZ0522;86;CZ052;CZ-52
CZ-50791;CZ;Česko;50791;Stará Paka;Jičín;Královéhradecký kraj;573507;3604;CZ0522;86;CZ052;CZ-52
CZ-50792;CZ;Česko;50792;Úbislavice;Jičín;Královéhradecký kraj;573655;3604;CZ0522;86;CZ052;CZ-52
CZ-50801;CZ;Česko;50801;Hořice;Jičín;Královéhradecký kraj;572926;3604;CZ0522;86;CZ052;CZ-52
CZ-50901;CZ;Česko;50901;Nová Paka;Jičín;Královéhradecký kraj;573248;3604;CZ0522;86;CZ052;CZ-52
CZ-51101;CZ;Česko;51101;Turnov;Semily;Liberecký kraj;577626;3608;CZ0514;78;CZ051;CZ-51
CZ-51201;CZ;Česko;51201;Slaná;Semily;Liberecký kraj;577529;3608;CZ0514;78;CZ051;CZ-51
CZ-51202;CZ;Česko;51202;Košťálov;Semily;Liberecký kraj;577235;3608;CZ0514;78;CZ051;CZ-51
CZ-51203;CZ;Česko;51203;Libštát;Semily;Liberecký kraj;577294;3608;CZ0514;78;CZ051;CZ-51
CZ-51204;CZ;Česko;51204;Mříčná;Semily;Liberecký kraj;577332;3608;CZ0514;78;CZ051;CZ-51
CZ-51206;CZ;Česko;51206;Benešov u Semil;Semily;Liberecký kraj;576999;3608;CZ0514;78;CZ051;CZ-51
CZ-51211;CZ;Česko;51211;Vysoké nad Jizerou;Semily;Liberecký kraj;577693;3608;CZ0514;78;CZ051;CZ-51
CZ-51212;CZ;Česko;51212;Jesenný;Semily;Liberecký kraj;577171;3608;CZ0514;78;CZ051;CZ-51
CZ-51213;CZ;Česko;51213;Bozkov;Semily;Liberecký kraj;577006;3608;CZ0514;78;CZ051;CZ-51
CZ-51231;CZ;Česko;51231;Roztoky u Jilemnice;Semily;Liberecký kraj;577499;3608;CZ0514;78;CZ051;CZ-51
CZ-51232;CZ;Česko;51232;Martinice v Krkonoších;Semily;Liberecký kraj;573418;3608;CZ0514;78;CZ051;CZ-51
CZ-51233;CZ;Česko;51233;Studenec;Semily;Liberecký kraj;577553;3608;CZ0514;78;CZ051;CZ-51
CZ-51234;CZ;Česko;51234;Horka u Staré Paky;Semily;Liberecký kraj;574201;3608;CZ0514;78;CZ051;CZ-51
CZ-51235;CZ;Česko;51235;Čistá u Horek;Semily;Liberecký kraj;577057;3608;CZ0514;78;CZ051;CZ-51
CZ-51236;CZ;Česko;51236;Horní Branná;Semily;Liberecký kraj;577120;3608;CZ0514;78;CZ051;CZ-51
CZ-51237;CZ;Česko;51237;Benecko;Semily;Liberecký kraj;576981;3608;CZ0514;78;CZ051;CZ-51
CZ-51238;CZ;Česko;51238;Vítkovice;Semily;Liberecký kraj;577669;3608;CZ0514;78;CZ051;CZ-51
CZ-51241;CZ;Česko;51241;Víchová nad Jizerou;Semily;Liberecký kraj;577651;3608;CZ0514;78;CZ051;CZ-51
CZ-51242;CZ;Česko;51242;Poniklá;Semily;Liberecký kraj;577405;3608;CZ0514;78;CZ051;CZ-51
CZ-51243;CZ;Česko;51243;Jablonec nad Jizerou;Semily;Liberecký kraj;577162;3608;CZ0514;78;CZ051;CZ-51
CZ-51244;CZ;Česko;51244;Rokytnice nad Jizerou;Semily;Liberecký kraj;577456;3608;CZ0514;78;CZ051;CZ-51
CZ-51245;CZ;Česko;51245;Rokytnice nad Jizerou;Semily;Liberecký kraj;577456;3608;CZ0514;78;CZ051;CZ-51
CZ-51246;CZ;Česko;51246;Harrachov;Jablonec nad Nisou;Liberecký kraj;577081;3504;CZ0512;78;CZ051;CZ-51
CZ-51247;CZ;Česko;51247;Paseky nad Jizerou;Semily;Liberecký kraj;547476;3608;CZ0514;78;CZ051;CZ-51
CZ-51251;CZ;Česko;51251;Lomnice nad Popelkou;Semily;Liberecký kraj;577308;3608;CZ0514;78;CZ051;CZ-51
CZ-51252;CZ;Česko;51252;Veselá;Semily;Liberecký kraj;577642;3608;CZ0514;78;CZ051;CZ-51
CZ-51253;CZ;Česko;51253;Tatobity;Semily;Liberecký kraj;577596;3608;CZ0514;78;CZ051;CZ-51
CZ-51261;CZ;Česko;51261;Přepeře;Semily;Liberecký kraj;577413;3608;CZ0514;78;CZ051;CZ-51
CZ-51263;CZ;Česko;51263;Rovensko pod Troskami;Semily;Liberecký kraj;577472;3608;CZ0514;78;CZ051;CZ-51
CZ-51264;CZ;Česko;51264;Vyskeř;Semily;Liberecký kraj;577685;3608;CZ0514;78;CZ051;CZ-51
CZ-51265;CZ;Česko;51265;Všeň;Semily;Liberecký kraj;577677;3608;CZ0514;78;CZ051;CZ-51
CZ-51271;CZ;Česko;51271;Nová Ves nad Popelkou;Semily;Liberecký kraj;577341;3608;CZ0514;78;CZ051;CZ-51
CZ-51301;CZ;Česko;51301;Semily;Semily;Liberecký kraj;576964;3608;CZ0514;78;CZ051;CZ-51
CZ-51401;CZ;Česko;51401;Jilemnice;Semily;Liberecký kraj;577197;3608;CZ0514;78;CZ051;CZ-51
CZ-51601;CZ;Česko;51601;Rychnov nad Kněžnou;Rychnov nad Kněžnou;Královéhradecký kraj;576069;3607;CZ0524;86;CZ052;CZ-52
CZ-51603;CZ;Česko;51603;Lukavice;Rychnov nad Kněžnou;Královéhradecký kraj;576492;3607;CZ0524;86;CZ052;CZ-52
CZ-51701;CZ;Česko;51701;Solnice;Rychnov nad Kněžnou;Královéhradecký kraj;576808;3607;CZ0524;86;CZ052;CZ-52
CZ-51702;CZ;Česko;51702;Kvasiny;Rychnov nad Kněžnou;Královéhradecký kraj;576425;3607;CZ0524;86;CZ052;CZ-52
CZ-51703;CZ;Česko;51703;Skuhrov nad Bělou;Rychnov nad Kněžnou;Královéhradecký kraj;576778;3607;CZ0524;86;CZ052;CZ-52
CZ-51704;CZ;Česko;51704;Černíkovice;Rychnov nad Kněžnou;Královéhradecký kraj;576204;3607;CZ0524;86;CZ052;CZ-52
CZ-51711;CZ;Česko;51711;Javornice;Rychnov nad Kněžnou;Královéhradecký kraj;576336;3607;CZ0524;86;CZ052;CZ-52
CZ-51712;CZ;Česko;51712;Liberk;Rychnov nad Kněžnou;Královéhradecký kraj;576450;3607;CZ0524;86;CZ052;CZ-52
CZ-51721;CZ;Česko;51721;Týniště nad Orlicí;Rychnov nad Kněžnou;Královéhradecký kraj;576859;3607;CZ0524;86;CZ052;CZ-52
CZ-51722;CZ;Česko;51722;Albrechtice nad Orlicí;Rychnov nad Kněžnou;Královéhradecký kraj;576077;3607;CZ0524;86;CZ052;CZ-52
CZ-51723;CZ;Česko;51723;Žďár nad Orlicí;Rychnov nad Kněžnou;Královéhradecký kraj;576956;3607;CZ0524;86;CZ052;CZ-52
CZ-51724;CZ;Česko;51724;Borohrádek;Rychnov nad Kněžnou;Královéhradecký kraj;576131;3607;CZ0524;86;CZ052;CZ-52
CZ-51725;CZ;Česko;51725;Čermná nad Orlicí;Rychnov nad Kněžnou;Královéhradecký kraj;576191;3607;CZ0524;86;CZ052;CZ-52
CZ-51731;CZ;Česko;51731;Bolehošť;Rychnov nad Kněžnou;Královéhradecký kraj;576123;3607;CZ0524;86;CZ052;CZ-52
CZ-51732;CZ;Česko;51732;Přepychy;Rychnov nad Kněžnou;Královéhradecký kraj;576689;3607;CZ0524;86;CZ052;CZ-52
CZ-51733;CZ;Česko;51733;Trnov;Rychnov nad Kněžnou;Královéhradecký kraj;576824;3607;CZ0524;86;CZ052;CZ-52
CZ-51734;CZ;Česko;51734;Voděrady;Rychnov nad Kněžnou;Královéhradecký kraj;576891;3607;CZ0524;86;CZ052;CZ-52
CZ-51735;CZ;Česko;51735;Lično;Rychnov nad Kněžnou;Královéhradecký kraj;576468;3607;CZ0524;86;CZ052;CZ-52
CZ-51736;CZ;Česko;51736;Olešnice;Rychnov nad Kněžnou;Královéhradecký kraj;576581;3607;CZ0524;86;CZ052;CZ-52
CZ-51741;CZ;Česko;51741;Kostelec nad Orlicí;Rychnov nad Kněžnou;Královéhradecký kraj;576361;3607;CZ0524;86;CZ052;CZ-52
CZ-51742;CZ;Česko;51742;Doudleby nad Orlicí;Rychnov nad Kněžnou;Královéhradecký kraj;576301;3607;CZ0524;86;CZ052;CZ-52
CZ-51743;CZ;Česko;51743;Potštejn;Rychnov nad Kněžnou;Královéhradecký kraj;576671;3607;CZ0524;86;CZ052;CZ-52
CZ-51745;CZ;Česko;51745;Chleny;Rychnov nad Kněžnou;Královéhradecký kraj;576310;3607;CZ0524;86;CZ052;CZ-52
CZ-51750;CZ;Česko;51750;Častolovice;Rychnov nad Kněžnou;Královéhradecký kraj;576182;3607;CZ0524;86;CZ052;CZ-52
CZ-51754;CZ;Česko;51754;Vamberk;Rychnov nad Kněžnou;Královéhradecký kraj;576883;3607;CZ0524;86;CZ052;CZ-52
CZ-51755;CZ;Česko;51755;Rybná nad Zdobnicí;Rychnov nad Kněžnou;Královéhradecký kraj;576727;3607;CZ0524;86;CZ052;CZ-52
CZ-51756;CZ;Česko;51756;Slatina nad Zdobnicí;Rychnov nad Kněžnou;Královéhradecký kraj;576786;3607;CZ0524;86;CZ052;CZ-52
CZ-51757;CZ;Česko;51757;Pěčín;Rychnov nad Kněžnou;Královéhradecký kraj;576620;3607;CZ0524;86;CZ052;CZ-52
CZ-51761;CZ;Česko;51761;Rokytnice v Orlických horách;Rychnov nad Kněžnou;Královéhradecký kraj;576701;3607;CZ0524;86;CZ052;CZ-52
CZ-51764;CZ;Česko;51764;Orlické Záhoří;Rychnov nad Kněžnou;Královéhradecký kraj;576603;3607;CZ0524;86;CZ052;CZ-52
CZ-51771;CZ;Česko;51771;České Meziříčí;Rychnov nad Kněžnou;Královéhradecký kraj;576212;3607;CZ0524;86;CZ052;CZ-52
CZ-51772;CZ;Česko;51772;Jílovice;Hradec Králové;Královéhradecký kraj;576352;3602;CZ0521;86;CZ052;CZ-52
CZ-51773;CZ;Česko;51773;Opočno;Rychnov nad Kněžnou;Královéhradecký kraj;576590;3607;CZ0524;86;CZ052;CZ-52
CZ-51783;CZ;Česko;51783;Olešnice v Orlických horách;Rychnov nad Kněžnou;Královéhradecký kraj;576573;3607;CZ0524;86;CZ052;CZ-52
CZ-51784;CZ;Česko;51784;Ohnišov;Rychnov nad Kněžnou;Královéhradecký kraj;576565;3607;CZ0524;86;CZ052;CZ-52
CZ-51791;CZ;Česko;51791;Deštné v Orlických horách;Rychnov nad Kněžnou;Královéhradecký kraj;576247;3607;CZ0524;86;CZ052;CZ-52
CZ-51792;CZ;Česko;51792;Kounov;Rychnov nad Kněžnou;Královéhradecký kraj;576395;3607;CZ0524;86;CZ052;CZ-52
CZ-51793;CZ;Česko;51793;Dobré;Rychnov nad Kněžnou;Královéhradecký kraj;576263;3607;CZ0524;86;CZ052;CZ-52
CZ-51801;CZ;Česko;51801;Dobruška;Rychnov nad Kněžnou;Královéhradecký kraj;576271;3607;CZ0524;86;CZ052;CZ-52
CZ-51803;CZ;Česko;51803;Podbřezí;Rychnov nad Kněžnou;Královéhradecký kraj;576654;3607;CZ0524;86;CZ052;CZ-52
CZ-53002;CZ;Česko;53002;Pardubice;Pardubice;Pardubický kraj;555134;3606;CZ0532;94;CZ053;CZ-53
CZ-53003;CZ;Česko;53003;Pardubice;Pardubice;Pardubický kraj;555134;3606;CZ0532;94;CZ053;CZ-53
CZ-53006;CZ;Česko;53006;Pardubice;Pardubice;Pardubický kraj;555134;3606;CZ0532;94;CZ053;CZ-53
CZ-53009;CZ;Česko;53009;Pardubice;Pardubice;Pardubický kraj;555134;3606;CZ0532;94;CZ053;CZ-53
CZ-53012;CZ;Česko;53012;Pardubice;Pardubice;Pardubický kraj;555134;3606;CZ0532;94;CZ053;CZ-53
CZ-53301;CZ;Česko;53301;Pardubice;Pardubice;Pardubický kraj;555134;3606;CZ0532;94;CZ053;CZ-53
CZ-53303;CZ;Česko;53303;Dašice;Pardubice;Pardubický kraj;574899;3606;CZ0532;94;CZ053;CZ-53
CZ-53304;CZ;Česko;53304;Sezemice;Pardubice;Pardubický kraj;575640;3606;CZ0532;94;CZ053;CZ-53
CZ-53305;CZ;Česko;53305;Dříteč;Pardubice;Pardubický kraj;574953;3606;CZ0532;94;CZ053;CZ-53
CZ-53311;CZ;Česko;53311;Zdechovice;Pardubice;Pardubický kraj;576026;3606;CZ0532;94;CZ053;CZ-53
CZ-53312;CZ;Česko;53312;Chvaletice;Pardubice;Pardubický kraj;575071;3606;CZ0532;94;CZ053;CZ-53
CZ-53313;CZ;Česko;53313;Řečany nad Labem;Pardubice;Pardubický kraj;575607;3606;CZ0532;94;CZ053;CZ-53
CZ-53314;CZ;Česko;53314;Kladruby nad Labem;Pardubice;Pardubický kraj;575178;3606;CZ0532;94;CZ053;CZ-53
CZ-53315;CZ;Česko;53315;Hlavečník;Pardubice;Pardubický kraj;574961;3606;CZ0532;94;CZ053;CZ-53
CZ-53316;CZ;Česko;53316;Sopřeč;Pardubice;Pardubický kraj;575666;3606;CZ0532;94;CZ053;CZ-53
CZ-53321;CZ;Česko;53321;Vysoké Chvojno;Pardubice;Pardubický kraj;576000;3606;CZ0532;94;CZ053;CZ-53
CZ-53322;CZ;Česko;53322;Býšť;Pardubice;Pardubický kraj;574848;3606;CZ0532;94;CZ053;CZ-53
CZ-53332;CZ;Česko;53332;Čepí;Pardubice;Pardubický kraj;574864;3606;CZ0532;94;CZ053;CZ-53
CZ-53333;CZ;Česko;53333;Pardubice;Pardubice;Pardubický kraj;555134;3606;CZ0532;94;CZ053;CZ-53
CZ-53341;CZ;Česko;53341;Lázně Bohdaneč;Pardubice;Pardubický kraj;574767;3606;CZ0532;94;CZ053;CZ-53
CZ-53342;CZ;Česko;53342;Živanice;Pardubice;Pardubický kraj;576051;3606;CZ0532;94;CZ053;CZ-53
CZ-53343;CZ;Česko;53343;Rohovládova Bělá;Pardubice;Pardubický kraj;575551;3606;CZ0532;94;CZ053;CZ-53
CZ-53344;CZ;Česko;53344;Staré Ždánice;Pardubice;Pardubický kraj;575721;3606;CZ0532;94;CZ053;CZ-53
CZ-53345;CZ;Česko;53345;Opatovice nad Labem;Pardubice;Pardubický kraj;575429;3606;CZ0532;94;CZ053;CZ-53
CZ-53351;CZ;Česko;53351;Pardubice;Pardubice;Pardubický kraj;555134;3606;CZ0532;94;CZ053;CZ-53
CZ-53352;CZ;Česko;53352;Staré Hradiště;Pardubice;Pardubický kraj;575704;3606;CZ0532;94;CZ053;CZ-53
CZ-53353;CZ;Česko;53353;Pardubice;Pardubice;Pardubický kraj;555134;3606;CZ0532;94;CZ053;CZ-53
CZ-53354;CZ;Česko;53354;Rybitví;Pardubice;Pardubický kraj;575593;3606;CZ0532;94;CZ053;CZ-53
CZ-53361;CZ;Česko;53361;Choltice;Pardubice;Pardubický kraj;575054;3606;CZ0532;94;CZ053;CZ-53
CZ-53362;CZ;Česko;53362;Svojšice;Pardubice;Pardubický kraj;575780;3606;CZ0532;94;CZ053;CZ-53
CZ-53363;CZ;Česko;53363;Turkovice;Pardubice;Pardubický kraj;575844;3606;CZ0532;94;CZ053;CZ-53
CZ-53364;CZ;Česko;53364;Lipoltice;Pardubice;Pardubický kraj;575313;3606;CZ0532;94;CZ053;CZ-53
CZ-53371;CZ;Česko;53371;Dolní Roveň;Pardubice;Pardubický kraj;574911;3606;CZ0532;94;CZ053;CZ-53
CZ-53372;CZ;Česko;53372;Moravany;Pardubice;Pardubický kraj;575399;3606;CZ0532;94;CZ053;CZ-53
CZ-53373;CZ;Česko;53373;Uhersko;Pardubice;Pardubický kraj;575879;3606;CZ0532;94;CZ053;CZ-53
CZ-53374;CZ;Česko;53374;Horní Jelení;Pardubice;Pardubický kraj;574996;3606;CZ0532;94;CZ053;CZ-53
CZ-53375;CZ;Česko;53375;Dolní Ředice;Pardubice;Pardubický kraj;574929;3606;CZ0532;94;CZ053;CZ-53
CZ-53401;CZ;Česko;53401;Holice;Pardubice;Pardubický kraj;574988;3606;CZ0532;94;CZ053;CZ-53
CZ-53501;CZ;Česko;53501;Přelouč;Pardubice;Pardubický kraj;575500;3606;CZ0532;94;CZ053;CZ-53
CZ-53701;CZ;Česko;53701;Chrudim;Chrudim;Pardubický kraj;571164;3603;CZ0531;94;CZ053;CZ-53
CZ-53703;CZ;Česko;53703;Chrudim;Chrudim;Pardubický kraj;571164;3603;CZ0531;94;CZ053;CZ-53
CZ-53705;CZ;Česko;53705;Chrudim;Chrudim;Pardubický kraj;571164;3603;CZ0531;94;CZ053;CZ-53
CZ-53801;CZ;Česko;53801;Bylany;Chrudim;Pardubický kraj;571245;3603;CZ0531;94;CZ053;CZ-53
CZ-53802;CZ;Česko;53802;Morašice;Chrudim;Pardubický kraj;571873;3603;CZ0531;94;CZ053;CZ-53
CZ-53803;CZ;Česko;53803;Heřmanův Městec;Chrudim;Pardubický kraj;571385;3603;CZ0531;94;CZ053;CZ-53
CZ-53804;CZ;Česko;53804;Prachovice;Chrudim;Pardubický kraj;572071;3603;CZ0531;94;CZ053;CZ-53
CZ-53805;CZ;Česko;53805;Seč;Chrudim;Pardubický kraj;572225;3603;CZ0531;94;CZ053;CZ-53
CZ-53807;CZ;Česko;53807;Seč;Chrudim;Pardubický kraj;572225;3603;CZ0531;94;CZ053;CZ-53
CZ-53821;CZ;Česko;53821;Slatiňany;Chrudim;Pardubický kraj;572268;3603;CZ0531;94;CZ053;CZ-53
CZ-53823;CZ;Česko;53823;Licibořice;Chrudim;Pardubický kraj;547832;3603;CZ0531;94;CZ053;CZ-53
CZ-53824;CZ;Česko;53824;Svídnice;Chrudim;Pardubický kraj;572331;3603;CZ0531;94;CZ053;CZ-53
CZ-53825;CZ;Česko;53825;Nasavrky;Chrudim;Pardubický kraj;571911;3603;CZ0531;94;CZ053;CZ-53
CZ-53826;CZ;Česko;53826;Bojanov;Chrudim;Pardubický kraj;571202;3603;CZ0531;94;CZ053;CZ-53
CZ-53831;CZ;Česko;53831;Chrudim;Chrudim;Pardubický kraj;571164;3603;CZ0531;94;CZ053;CZ-53
CZ-53832;CZ;Česko;53832;Úhřetice;Chrudim;Pardubický kraj;572446;3603;CZ0531;94;CZ053;CZ-53
CZ-53833;CZ;Česko;53833;Trojovice;Chrudim;Pardubický kraj;572403;3603;CZ0531;94;CZ053;CZ-53
CZ-53834;CZ;Česko;53834;Rosice;Chrudim;Pardubický kraj;572179;3603;CZ0531;94;CZ053;CZ-53
CZ-53835;CZ;Česko;53835;Zaječice;Chrudim;Pardubický kraj;572578;3603;CZ0531;94;CZ053;CZ-53
CZ-53836;CZ;Česko;53836;Žumberk;Chrudim;Pardubický kraj;572641;3603;CZ0531;94;CZ053;CZ-53
CZ-53841;CZ;Česko;53841;Podhořany u Ronova;Chrudim;Pardubický kraj;572039;3603;CZ0531;94;CZ053;CZ-53
CZ-53842;CZ;Česko;53842;Ronov nad Doubravou;Chrudim;Pardubický kraj;572161;3603;CZ0531;94;CZ053;CZ-53
CZ-53843;CZ;Česko;53843;Třemošnice;Chrudim;Pardubický kraj;572411;3603;CZ0531;94;CZ053;CZ-53
CZ-53845;CZ;Česko;53845;Běstvina;Chrudim;Pardubický kraj;571181;3603;CZ0531;94;CZ053;CZ-53
CZ-53851;CZ;Česko;53851;Chrast;Chrudim;Pardubický kraj;571539;3603;CZ0531;94;CZ053;CZ-53
CZ-53854;CZ;Česko;53854;Luže;Chrudim;Pardubický kraj;571776;3603;CZ0531;94;CZ053;CZ-53
CZ-53861;CZ;Česko;53861;Kočí;Chrudim;Pardubický kraj;571610;3603;CZ0531;94;CZ053;CZ-53
CZ-53862;CZ;Česko;53862;Hrochův Týnec;Chrudim;Pardubický kraj;571491;3603;CZ0531;94;CZ053;CZ-53
CZ-53863;CZ;Česko;53863;Chroustovice;Chrudim;Pardubický kraj;571547;3603;CZ0531;94;CZ053;CZ-53
CZ-53864;CZ;Česko;53864;Jenišovice;Chrudim;Pardubický kraj;571563;3603;CZ0531;94;CZ053;CZ-53
CZ-53865;CZ;Česko;53865;Řepníky;Ústí nad Orlicí;Pardubický kraj;572209;3611;CZ0534;94;CZ053;CZ-53
CZ-53901;CZ;Česko;53901;Hlinsko;Chrudim;Pardubický kraj;571393;3603;CZ0531;94;CZ053;CZ-53
CZ-53941;CZ;Česko;53941;Kameničky;Chrudim;Pardubický kraj;571571;3603;CZ0531;94;CZ053;CZ-53
CZ-53942;CZ;Česko;53942;Svratouch;Chrudim;Pardubický kraj;572349;3603;CZ0531;94;CZ053;CZ-53
CZ-53943;CZ;Česko;53943;Krouna;Chrudim;Pardubický kraj;571661;3603;CZ0531;94;CZ053;CZ-53
CZ-53944;CZ;Česko;53944;Proseč;Chrudim;Pardubický kraj;572080;3603;CZ0531;94;CZ053;CZ-53
CZ-53945;CZ;Česko;53945;Nové Hrady;Ústí nad Orlicí;Pardubický kraj;571920;3611;CZ0534;94;CZ053;CZ-53
CZ-53952;CZ;Česko;53952;Trhová Kamenice;Chrudim;Pardubický kraj;572390;3603;CZ0531;94;CZ053;CZ-53
CZ-53953;CZ;Česko;53953;Horní Bradlo;Chrudim;Pardubický kraj;571474;3603;CZ0531;94;CZ053;CZ-53
CZ-53955;CZ;Česko;53955;Miřetice;Chrudim;Pardubický kraj;571831;3603;CZ0531;94;CZ053;CZ-53
CZ-53956;CZ;Česko;53956;Vrbatův Kostelec;Chrudim;Pardubický kraj;572535;3603;CZ0531;94;CZ053;CZ-53
CZ-53957;CZ;Česko;53957;Včelákov;Chrudim;Pardubický kraj;572462;3603;CZ0531;94;CZ053;CZ-53
CZ-53961;CZ;Česko;53961;Vortová;Chrudim;Pardubický kraj;572527;3603;CZ0531;94;CZ053;CZ-53
CZ-53962;CZ;Česko;53962;Hlinsko;Chrudim;Pardubický kraj;571393;3603;CZ0531;94;CZ053;CZ-53
CZ-53971;CZ;Česko;53971;Holetín;Chrudim;Pardubický kraj;571440;3603;CZ0531;94;CZ053;CZ-53
CZ-53972;CZ;Česko;53972;Raná;Chrudim;Pardubický kraj;572152;3603;CZ0531;94;CZ053;CZ-53
CZ-53973;CZ;Česko;53973;Skuteč;Chrudim;Pardubický kraj;572241;3603;CZ0531;94;CZ053;CZ-53
CZ-53974;CZ;Česko;53974;Předhradí;Chrudim;Pardubický kraj;572101;3603;CZ0531;94;CZ053;CZ-53
CZ-53976;CZ;Česko;53976;Prosetín;Chrudim;Pardubický kraj;572098;3603;CZ0531;94;CZ053;CZ-53
CZ-54101;CZ;Česko;54101;Trutnov;Trutnov;Královéhradecký kraj;579025;3610;CZ0525;86;CZ052;CZ-52
CZ-54102;CZ;Česko;54102;Trutnov;Trutnov;Královéhradecký kraj;579025;3610;CZ0525;86;CZ052;CZ-52
CZ-54103;CZ;Česko;54103;Trutnov;Trutnov;Královéhradecký kraj;579025;3610;CZ0525;86;CZ052;CZ-52
CZ-54201;CZ;Česko;54201;Žacléř;Trutnov;Královéhradecký kraj;579874;3610;CZ0525;86;CZ052;CZ-52
CZ-54203;CZ;Česko;54203;Královec;Trutnov;Královéhradecký kraj;530808;3610;CZ0525;86;CZ052;CZ-52
CZ-54204;CZ;Česko;54204;Bernartice;Trutnov;Královéhradecký kraj;579050;3610;CZ0525;86;CZ052;CZ-52
CZ-54211;CZ;Česko;54211;Chvaleč;Trutnov;Královéhradecký kraj;579335;3610;CZ0525;86;CZ052;CZ-52
CZ-54212;CZ;Česko;54212;Radvanice;Trutnov;Královéhradecký kraj;579629;3610;CZ0525;86;CZ052;CZ-52
CZ-54213;CZ;Česko;54213;Jívka;Trutnov;Královéhradecký kraj;579378;3610;CZ0525;86;CZ052;CZ-52
CZ-54221;CZ;Česko;54221;Pec pod Sněžkou;Trutnov;Královéhradecký kraj;579581;3610;CZ0525;86;CZ052;CZ-52
CZ-54223;CZ;Česko;54223;Mladé Buky;Trutnov;Královéhradecký kraj;579548;3610;CZ0525;86;CZ052;CZ-52
CZ-54224;CZ;Česko;54224;Svoboda nad Úpou;Trutnov;Královéhradecký kraj;579734;3610;CZ0525;86;CZ052;CZ-52
CZ-54225;CZ;Česko;54225;Janské Lázně;Trutnov;Královéhradecký kraj;579351;3610;CZ0525;86;CZ052;CZ-52
CZ-54226;CZ;Česko;54226;Horní Maršov;Trutnov;Královéhradecký kraj;579262;3610;CZ0525;86;CZ052;CZ-52
CZ-54227;CZ;Česko;54227;Malá Úpa;Trutnov;Královéhradecký kraj;579505;3610;CZ0525;86;CZ052;CZ-52
CZ-54232;CZ;Česko;54232;Úpice;Trutnov;Královéhradecký kraj;579777;3610;CZ0525;86;CZ052;CZ-52
CZ-54233;CZ;Česko;54233;Rtyně v Podkrkonoší;Trutnov;Královéhradecký kraj;579637;3610;CZ0525;86;CZ052;CZ-52
CZ-54234;CZ;Česko;54234;Malé Svatoňovice;Trutnov;Královéhradecký kraj;579513;3610;CZ0525;86;CZ052;CZ-52
CZ-54235;CZ;Česko;54235;Velké Svatoňovice;Trutnov;Královéhradecký kraj;579785;3610;CZ0525;86;CZ052;CZ-52
CZ-54236;CZ;Česko;54236;Libňatov;Trutnov;Královéhradecký kraj;579475;3610;CZ0525;86;CZ052;CZ-52
CZ-54237;CZ;Česko;54237;Batňovice;Trutnov;Královéhradecký kraj;579041;3610;CZ0525;86;CZ052;CZ-52
CZ-54242;CZ;Česko;54242;Pilníkov;Trutnov;Královéhradecký kraj;579599;3610;CZ0525;86;CZ052;CZ-52
CZ-54301;CZ;Česko;54301;Vrchlabí;Trutnov;Královéhradecký kraj;579858;3610;CZ0525;86;CZ052;CZ-52
CZ-54302;CZ;Česko;54302;Vrchlabí;Trutnov;Královéhradecký kraj;579858;3610;CZ0525;86;CZ052;CZ-52
CZ-54303;CZ;Česko;54303;Vrchlabí;Trutnov;Královéhradecký kraj;579858;3610;CZ0525;86;CZ052;CZ-52
CZ-54341;CZ;Česko;54341;Lánov;Trutnov;Královéhradecký kraj;579432;3610;CZ0525;86;CZ052;CZ-52
CZ-54342;CZ;Česko;54342;Dolní Dvůr;Trutnov;Královéhradecký kraj;579149;3610;CZ0525;86;CZ052;CZ-52
CZ-54344;CZ;Česko;54344;Černý Důl;Trutnov;Královéhradecký kraj;579114;3610;CZ0525;86;CZ052;CZ-52
CZ-54351;CZ;Česko;54351;Špindlerův Mlýn;Trutnov;Královéhradecký kraj;579742;3610;CZ0525;86;CZ052;CZ-52
CZ-54352;CZ;Česko;54352;Strážné;Trutnov;Královéhradecký kraj;579696;3610;CZ0525;86;CZ052;CZ-52
CZ-54361;CZ;Česko;54361;Kunčice nad Labem;Trutnov;Královéhradecký kraj;579424;3610;CZ0525;86;CZ052;CZ-52
CZ-54362;CZ;Česko;54362;Dolní Branná;Trutnov;Královéhradecký kraj;579122;3610;CZ0525;86;CZ052;CZ-52
CZ-54371;CZ;Česko;54371;Hostinné;Trutnov;Královéhradecký kraj;579297;3610;CZ0525;86;CZ052;CZ-52
CZ-54372;CZ;Česko;54372;Rudník;Trutnov;Královéhradecký kraj;579645;3610;CZ0525;86;CZ052;CZ-52
CZ-54373;CZ;Česko;54373;Prosečné;Trutnov;Královéhradecký kraj;579602;3610;CZ0525;86;CZ052;CZ-52
CZ-54374;CZ;Česko;54374;Dolní Kalná;Trutnov;Královéhradecký kraj;579157;3610;CZ0525;86;CZ052;CZ-52
CZ-54375;CZ;Česko;54375;Dolní Olešnice;Trutnov;Královéhradecký kraj;579173;3610;CZ0525;86;CZ052;CZ-52
CZ-54376;CZ;Česko;54376;Chotěvice;Trutnov;Královéhradecký kraj;579319;3610;CZ0525;86;CZ052;CZ-52
CZ-54377;CZ;Česko;54377;Čermná;Trutnov;Královéhradecký kraj;579106;3610;CZ0525;86;CZ052;CZ-52
CZ-54401;CZ;Česko;54401;Dvůr Králové nad Labem;Trutnov;Královéhradecký kraj;579203;3610;CZ0525;86;CZ052;CZ-52
CZ-54404;CZ;Česko;54404;Dvůr Králové nad Labem;Trutnov;Královéhradecký kraj;579203;3610;CZ0525;86;CZ052;CZ-52
CZ-54442;CZ;Česko;54442;Choustníkovo Hradiště;Trutnov;Královéhradecký kraj;579327;3610;CZ0525;86;CZ052;CZ-52
CZ-54443;CZ;Česko;54443;Kuks;Trutnov;Královéhradecký kraj;579416;3610;CZ0525;86;CZ052;CZ-52
CZ-54451;CZ;Česko;54451;Doubravice;Trutnov;Královéhradecký kraj;579181;3610;CZ0525;86;CZ052;CZ-52
CZ-54452;CZ;Česko;54452;Bílé Poličany;Trutnov;Královéhradecký kraj;579076;3610;CZ0525;86;CZ052;CZ-52
CZ-54454;CZ;Česko;54454;Velký Vřešťov;Trutnov;Královéhradecký kraj;579793;3610;CZ0525;86;CZ052;CZ-52
CZ-54455;CZ;Česko;54455;Dubenec;Trutnov;Královéhradecký kraj;579190;3610;CZ0525;86;CZ052;CZ-52
CZ-54461;CZ;Česko;54461;Nemojov;Trutnov;Královéhradecký kraj;579564;3610;CZ0525;86;CZ052;CZ-52
CZ-54462;CZ;Česko;54462;Vítězná;Trutnov;Královéhradecký kraj;579815;3610;CZ0525;86;CZ052;CZ-52
CZ-54464;CZ;Česko;54464;Kocbeře;Trutnov;Královéhradecký kraj;579394;3610;CZ0525;86;CZ052;CZ-52
CZ-54466;CZ;Česko;54466;Hajnice;Trutnov;Královéhradecký kraj;579211;3610;CZ0525;86;CZ052;CZ-52
CZ-54472;CZ;Česko;54472;Bílá Třemešná;Trutnov;Královéhradecký kraj;579068;3610;CZ0525;86;CZ052;CZ-52
CZ-54474;CZ;Česko;54474;Horní Brusnice;Trutnov;Královéhradecký kraj;579238;3610;CZ0525;86;CZ052;CZ-52
CZ-54475;CZ;Česko;54475;Mostek;Trutnov;Královéhradecký kraj;579556;3610;CZ0525;86;CZ052;CZ-52
CZ-54477;CZ;Česko;54477;Borovnice;Trutnov;Královéhradecký kraj;579092;3610;CZ0525;86;CZ052;CZ-52
CZ-54701;CZ;Česko;54701;Náchod;Náchod;Královéhradecký kraj;573868;3605;CZ0523;86;CZ052;CZ-52
CZ-54901;CZ;Česko;54901;Nové Město nad Metují;Náchod;Královéhradecký kraj;574279;3605;CZ0523;86;CZ052;CZ-52
CZ-54906;CZ;Česko;54906;Bohuslavice;Náchod;Královéhradecký kraj;573892;3605;CZ0523;86;CZ052;CZ-52
CZ-54907;CZ;Česko;54907;Nahořany;Náchod;Královéhradecký kraj;574261;3605;CZ0523;86;CZ052;CZ-52
CZ-54908;CZ;Česko;54908;Provodov-Šonov;Náchod;Královéhradecký kraj;574350;3605;CZ0523;86;CZ052;CZ-52
CZ-54911;CZ;Česko;54911;Dolní Radechová;Náchod;Královéhradecký kraj;574023;3605;CZ0523;86;CZ052;CZ-52
CZ-54912;CZ;Česko;54912;Vysokov;Náchod;Královéhradecký kraj;574643;3605;CZ0523;86;CZ052;CZ-52
CZ-54921;CZ;Česko;54921;Česká Čermná;Náchod;Královéhradecký kraj;573973;3605;CZ0523;86;CZ052;CZ-52
CZ-54922;CZ;Česko;54922;Nový Hrádek;Náchod;Královéhradecký kraj;574287;3605;CZ0523;86;CZ052;CZ-52
CZ-54923;CZ;Česko;54923;Mezilesí;Náchod;Královéhradecký kraj;574244;3605;CZ0523;86;CZ052;CZ-52
CZ-54931;CZ;Česko;54931;Hronov;Náchod;Královéhradecký kraj;574082;3605;CZ0523;86;CZ052;CZ-52
CZ-54932;CZ;Česko;54932;Velké Poříčí;Náchod;Královéhradecký kraj;547646;3605;CZ0523;86;CZ052;CZ-52
CZ-54934;CZ;Česko;54934;Hronov;Náchod;Královéhradecký kraj;574082;3605;CZ0523;86;CZ052;CZ-52
CZ-54936;CZ;Česko;54936;Stárkov;Náchod;Královéhradecký kraj;574465;3605;CZ0523;86;CZ052;CZ-52
CZ-54937;CZ;Česko;54937;Žďárky;Náchod;Královéhradecký kraj;574694;3605;CZ0523;86;CZ052;CZ-52
CZ-54941;CZ;Česko;54941;Červený Kostelec;Náchod;Královéhradecký kraj;573965;3605;CZ0523;86;CZ052;CZ-52
CZ-54946;CZ;Česko;54946;Horní Radechová;Náchod;Královéhradecký kraj;574066;3605;CZ0523;86;CZ052;CZ-52
CZ-54947;CZ;Česko;54947;Slatina nad Úpou;Náchod;Královéhradecký kraj;574422;3605;CZ0523;86;CZ052;CZ-52
CZ-54948;CZ;Česko;54948;Studnice;Náchod;Královéhradecký kraj;574481;3605;CZ0523;86;CZ052;CZ-52
CZ-54952;CZ;Česko;54952;Adršpach;Náchod;Královéhradecký kraj;547786;3605;CZ0523;86;CZ052;CZ-52
CZ-54954;CZ;Česko;54954;Police nad Metují;Náchod;Královéhradecký kraj;574341;3605;CZ0523;86;CZ052;CZ-52
CZ-54955;CZ;Česko;54955;Žďár nad Metují;Náchod;Královéhradecký kraj;574686;3605;CZ0523;86;CZ052;CZ-52
CZ-54956;CZ;Česko;54956;Česká Metuje;Náchod;Královéhradecký kraj;573981;3605;CZ0523;86;CZ052;CZ-52
CZ-54957;CZ;Česko;54957;Teplice nad Metují;Náchod;Královéhradecký kraj;574538;3605;CZ0523;86;CZ052;CZ-52
CZ-54962;CZ;Česko;54962;Suchý Důl;Náchod;Královéhradecký kraj;574490;3605;CZ0523;86;CZ052;CZ-52
CZ-54963;CZ;Česko;54963;Machov;Náchod;Královéhradecký kraj;574210;3605;CZ0523;86;CZ052;CZ-52
CZ-54964;CZ;Česko;54964;Bezděkov nad Metují;Náchod;Královéhradecký kraj;573884;3605;CZ0523;86;CZ052;CZ-52
CZ-54971;CZ;Česko;54971;Šonov;Náchod;Královéhradecký kraj;574511;3605;CZ0523;86;CZ052;CZ-52
CZ-54972;CZ;Česko;54972;Otovice;Náchod;Královéhradecký kraj;574317;3605;CZ0523;86;CZ052;CZ-52
CZ-54973;CZ;Česko;54973;Martínkovice;Náchod;Královéhradecký kraj;574228;3605;CZ0523;86;CZ052;CZ-52
CZ-54974;CZ;Česko;54974;Božanov;Náchod;Královéhradecký kraj;573914;3605;CZ0523;86;CZ052;CZ-52
CZ-54981;CZ;Česko;54981;Meziměstí;Náchod;Královéhradecký kraj;574252;3605;CZ0523;86;CZ052;CZ-52
CZ-54982;CZ;Česko;54982;Vernéřovice;Náchod;Královéhradecký kraj;547743;3605;CZ0523;86;CZ052;CZ-52
CZ-54983;CZ;Česko;54983;Meziměstí;Náchod;Královéhradecký kraj;574252;3605;CZ0523;86;CZ052;CZ-52
CZ-54984;CZ;Česko;54984;Heřmánkovice;Náchod;Královéhradecký kraj;574058;3605;CZ0523;86;CZ052;CZ-52
CZ-55001;CZ;Česko;55001;Broumov;Náchod;Královéhradecký kraj;573922;3605;CZ0523;86;CZ052;CZ-52
CZ-55101;CZ;Česko;55101;Jaroměř;Náchod;Královéhradecký kraj;574121;3605;CZ0523;86;CZ052;CZ-52
CZ-55102;CZ;Česko;55102;Jaroměř;Náchod;Královéhradecký kraj;574121;3605;CZ0523;86;CZ052;CZ-52
CZ-55203;CZ;Česko;55203;Česká Skalice;Náchod;Královéhradecký kraj;573990;3605;CZ0523;86;CZ052;CZ-52
CZ-55204;CZ;Česko;55204;Chvalkovice;Náchod;Královéhradecký kraj;574112;3605;CZ0523;86;CZ052;CZ-52
CZ-55205;CZ;Česko;55205;Hořičky;Náchod;Královéhradecký kraj;574074;3605;CZ0523;86;CZ052;CZ-52
CZ-55211;CZ;Česko;55211;Velichovky;Náchod;Královéhradecký kraj;574554;3605;CZ0523;86;CZ052;CZ-52
CZ-55212;CZ;Česko;55212;Heřmanice;Náchod;Královéhradecký kraj;574040;3605;CZ0523;86;CZ052;CZ-52
CZ-55221;CZ;Česko;55221;Rasošky;Náchod;Královéhradecký kraj;574376;3605;CZ0523;86;CZ052;CZ-52
CZ-55222;CZ;Česko;55222;Jasenná;Náchod;Královéhradecký kraj;574139;3605;CZ0523;86;CZ052;CZ-52
CZ-55224;CZ;Česko;55224;Velká Jesenice;Náchod;Královéhradecký kraj;574562;3605;CZ0523;86;CZ052;CZ-52
CZ-55225;CZ;Česko;55225;Rychnovek;Náchod;Královéhradecký kraj;574406;3605;CZ0523;86;CZ052;CZ-52
CZ-56002;CZ;Česko;56002;Česká Třebová;Ústí nad Orlicí;Pardubický kraj;580031;3611;CZ0534;94;CZ053;CZ-53
CZ-56101;CZ;Česko;56101;Hnátnice;Ústí nad Orlicí;Pardubický kraj;580261;3611;CZ0534;94;CZ053;CZ-53
CZ-56102;CZ;Česko;56102;Dolní Dobrouč;Ústí nad Orlicí;Pardubický kraj;580121;3611;CZ0534;94;CZ053;CZ-53
CZ-56112;CZ;Česko;56112;Brandýs nad Orlicí;Ústí nad Orlicí;Pardubický kraj;579947;3611;CZ0534;94;CZ053;CZ-53
CZ-56113;CZ;Česko;56113;Sudslava;Ústí nad Orlicí;Pardubický kraj;581011;3611;CZ0534;94;CZ053;CZ-53
CZ-56114;CZ;Česko;56114;České Libchavy;Ústí nad Orlicí;Pardubický kraj;580058;3611;CZ0534;94;CZ053;CZ-53
CZ-56115;CZ;Česko;56115;Sopotnice;Ústí nad Orlicí;Pardubický kraj;580961;3611;CZ0534;94;CZ053;CZ-53
CZ-56116;CZ;Česko;56116;Libchavy;Ústí nad Orlicí;Pardubický kraj;580147;3611;CZ0534;94;CZ053;CZ-53
CZ-56117;CZ;Česko;56117;Dlouhá Třebová;Ústí nad Orlicí;Pardubický kraj;548014;3611;CZ0534;94;CZ053;CZ-53
CZ-56118;CZ;Česko;56118;Němčice;Svitavy;Pardubický kraj;580694;3609;CZ0533;94;CZ053;CZ-53
CZ-56122;CZ;Česko;56122;Ostrov;Ústí nad Orlicí;Pardubický kraj;580732;3611;CZ0534;94;CZ053;CZ-53
CZ-56123;CZ;Česko;56123;Damníkov;Ústí nad Orlicí;Pardubický kraj;580074;3611;CZ0534;94;CZ053;CZ-53
CZ-56124;CZ;Česko;56124;Třebovice;Ústí nad Orlicí;Pardubický kraj;581071;3611;CZ0534;94;CZ053;CZ-53
CZ-56125;CZ;Česko;56125;Rudoltice;Ústí nad Orlicí;Pardubický kraj;580848;3611;CZ0534;94;CZ053;CZ-53
CZ-56131;CZ;Česko;56131;Tatenice;Ústí nad Orlicí;Pardubický kraj;581046;3611;CZ0534;94;CZ053;CZ-53
CZ-56132;CZ;Česko;56132;Cotkytle;Ústí nad Orlicí;Pardubický kraj;579980;3611;CZ0534;94;CZ053;CZ-53
CZ-56133;CZ;Česko;56133;Horní Heřmanice;Ústí nad Orlicí;Pardubický kraj;580295;3611;CZ0534;94;CZ053;CZ-53
CZ-56134;CZ;Česko;56134;Výprachtice;Ústí nad Orlicí;Pardubický kraj;581178;3611;CZ0534;94;CZ053;CZ-53
CZ-56141;CZ;Česko;56141;Řetová;Ústí nad Orlicí;Pardubický kraj;580872;3611;CZ0534;94;CZ053;CZ-53
CZ-56151;CZ;Česko;56151;Letohrad;Ústí nad Orlicí;Pardubický kraj;580538;3611;CZ0534;94;CZ053;CZ-53
CZ-56152;CZ;Česko;56152;Verměřovice;Ústí nad Orlicí;Pardubický kraj;581119;3611;CZ0534;94;CZ053;CZ-53
CZ-56153;CZ;Česko;56153;Dolní Čermná;Ústí nad Orlicí;Pardubický kraj;580112;3611;CZ0534;94;CZ053;CZ-53
CZ-56154;CZ;Česko;56154;Bystřec;Ústí nad Orlicí;Pardubický kraj;579971;3611;CZ0534;94;CZ053;CZ-53
CZ-56155;CZ;Česko;56155;Orličky;Ústí nad Orlicí;Pardubický kraj;580724;3611;CZ0534;94;CZ053;CZ-53
CZ-56156;CZ;Česko;56156;Horní Čermná;Ústí nad Orlicí;Pardubický kraj;580279;3611;CZ0534;94;CZ053;CZ-53
CZ-56161;CZ;Česko;56161;Červená Voda;Ústí nad Orlicí;Pardubický kraj;580015;3611;CZ0534;94;CZ053;CZ-53
CZ-56162;CZ;Česko;56162;Červená Voda;Ústí nad Orlicí;Pardubický kraj;580015;3611;CZ0534;94;CZ053;CZ-53
CZ-56163;CZ;Česko;56163;Nekoř;Ústí nad Orlicí;Pardubický kraj;580686;3611;CZ0534;94;CZ053;CZ-53
CZ-56164;CZ;Česko;56164;Jablonné nad Orlicí;Ústí nad Orlicí;Pardubický kraj;580376;3611;CZ0534;94;CZ053;CZ-53
CZ-56165;CZ;Česko;56165;Jamné nad Orlicí;Ústí nad Orlicí;Pardubický kraj;580392;3611;CZ0534;94;CZ053;CZ-53
CZ-56166;CZ;Česko;56166;Těchonín;Ústí nad Orlicí;Pardubický kraj;581054;3611;CZ0534;94;CZ053;CZ-53
CZ-56167;CZ;Česko;56167;Mladkov;Ústí nad Orlicí;Pardubický kraj;580651;3611;CZ0534;94;CZ053;CZ-53
CZ-56168;CZ;Česko;56168;Lichkov;Ústí nad Orlicí;Pardubický kraj;580571;3611;CZ0534;94;CZ053;CZ-53
CZ-56169;CZ;Česko;56169;Králíky;Ústí nad Orlicí;Pardubický kraj;580481;3611;CZ0534;94;CZ053;CZ-53
CZ-56170;CZ;Česko;56170;Písečná;Ústí nad Orlicí;Pardubický kraj;580775;3611;CZ0534;94;CZ053;CZ-53
CZ-56181;CZ;Česko;56181;Kunvald;Ústí nad Orlicí;Pardubický kraj;580503;3611;CZ0534;94;CZ053;CZ-53
CZ-56182;CZ;Česko;56182;Klášterec nad Orlicí;Ústí nad Orlicí;Pardubický kraj;580431;3611;CZ0534;94;CZ053;CZ-53
CZ-56184;CZ;Česko;56184;Líšnice;Ústí nad Orlicí;Pardubický kraj;580589;3611;CZ0534;94;CZ053;CZ-53
CZ-56185;CZ;Česko;56185;Česká Rybná;Ústí nad Orlicí;Pardubický kraj;580023;3611;CZ0534;94;CZ053;CZ-53
CZ-56186;CZ;Česko;56186;Záchlumí;Ústí nad Orlicí;Pardubický kraj;581208;3611;CZ0534;94;CZ053;CZ-53
CZ-56201;CZ;Česko;56201;Ústí nad Orlicí;Ústí nad Orlicí;Pardubický kraj;579891;3611;CZ0534;94;CZ053;CZ-53
CZ-56203;CZ;Česko;56203;Ústí nad Orlicí;Ústí nad Orlicí;Pardubický kraj;579891;3611;CZ0534;94;CZ053;CZ-53
CZ-56204;CZ;Česko;56204;Ústí nad Orlicí;Ústí nad Orlicí;Pardubický kraj;579891;3611;CZ0534;94;CZ053;CZ-53
CZ-56206;CZ;Česko;56206;Ústí nad Orlicí;Ústí nad Orlicí;Pardubický kraj;579891;3611;CZ0534;94;CZ053;CZ-53
CZ-56301;CZ;Česko;56301;Lanškroun;Ústí nad Orlicí;Pardubický kraj;580511;3611;CZ0534;94;CZ053;CZ-53
CZ-56401;CZ;Česko;56401;Žamberk;Ústí nad Orlicí;Pardubický kraj;581259;3611;CZ0534;94;CZ053;CZ-53
CZ-56501;CZ;Česko;56501;Choceň;Ústí nad Orlicí;Pardubický kraj;580350;3611;CZ0534;94;CZ053;CZ-53
CZ-56542;CZ;Česko;56542;Vraclav;Ústí nad Orlicí;Pardubický kraj;581151;3611;CZ0534;94;CZ053;CZ-53
CZ-56543;CZ;Česko;56543;Zámrsk;Ústí nad Orlicí;Pardubický kraj;581224;3611;CZ0534;94;CZ053;CZ-53
CZ-56544;CZ;Česko;56544;Sruby;Ústí nad Orlicí;Pardubický kraj;580970;3611;CZ0534;94;CZ053;CZ-53
CZ-56552;CZ;Česko;56552;České Heřmanice;Ústí nad Orlicí;Pardubický kraj;580040;3611;CZ0534;94;CZ053;CZ-53
CZ-56553;CZ;Česko;56553;Sloupnice;Svitavy;Pardubický kraj;580325;3609;CZ0533;94;CZ053;CZ-53
CZ-56555;CZ;Česko;56555;Hrušová;Ústí nad Orlicí;Pardubický kraj;580341;3611;CZ0534;94;CZ053;CZ-53
CZ-56601;CZ;Česko;56601;Vysoké Mýto;Ústí nad Orlicí;Pardubický kraj;581186;3611;CZ0534;94;CZ053;CZ-53
CZ-56802;CZ;Česko;56802;Svitavy;Svitavy;Pardubický kraj;577731;3609;CZ0533;94;CZ053;CZ-53
CZ-56901;CZ;Česko;56901;Hradec nad Svitavou;Svitavy;Pardubický kraj;572691;3609;CZ0533;94;CZ053;CZ-53
CZ-56902;CZ;Česko;56902;Březová nad Svitavou;Svitavy;Pardubický kraj;505145;3609;CZ0533;94;CZ053;CZ-53
CZ-56903;CZ;Česko;56903;Rozhraní;Svitavy;Pardubický kraj;578681;3609;CZ0533;94;CZ053;CZ-53
CZ-56904;CZ;Česko;56904;Brněnec;Svitavy;Pardubický kraj;577863;3609;CZ0533;94;CZ053;CZ-53
CZ-56905;CZ;Česko;56905;Bělá nad Svitavou;Svitavy;Pardubický kraj;572586;3609;CZ0533;94;CZ053;CZ-53
CZ-56906;CZ;Česko;56906;Vítějeves;Svitavy;Pardubický kraj;578967;3609;CZ0533;94;CZ053;CZ-53
CZ-56907;CZ;Česko;56907;Radiměř;Svitavy;Pardubický kraj;578657;3609;CZ0533;94;CZ053;CZ-53
CZ-56911;CZ;Česko;56911;Koclířov;Svitavy;Pardubický kraj;578231;3609;CZ0533;94;CZ053;CZ-53
CZ-56912;CZ;Česko;56912;Opatov;Svitavy;Pardubický kraj;578487;3609;CZ0533;94;CZ053;CZ-53
CZ-56914;CZ;Česko;56914;Vendolí;Svitavy;Pardubický kraj;578932;3609;CZ0533;94;CZ053;CZ-53
CZ-56921;CZ;Česko;56921;Moravská Třebová;Svitavy;Pardubický kraj;578444;3609;CZ0533;94;CZ053;CZ-53
CZ-56922;CZ;Česko;56922;Křenov;Svitavy;Pardubický kraj;578274;3609;CZ0533;94;CZ053;CZ-53
CZ-56923;CZ;Česko;56923;Březina;Svitavy;Pardubický kraj;577871;3609;CZ0533;94;CZ053;CZ-53
CZ-56924;CZ;Česko;56924;Kunčina;Svitavy;Pardubický kraj;578282;3609;CZ0533;94;CZ053;CZ-53
CZ-56932;CZ;Česko;56932;Staré Město;Svitavy;Pardubický kraj;578789;3609;CZ0533;94;CZ053;CZ-53
CZ-56933;CZ;Česko;56933;Třebařov;Svitavy;Pardubický kraj;578908;3609;CZ0533;94;CZ053;CZ-53
CZ-56934;CZ;Česko;56934;Rychnov na Moravě;Svitavy;Pardubický kraj;578711;3609;CZ0533;94;CZ053;CZ-53
CZ-56935;CZ;Česko;56935;Mladějov na Moravě;Svitavy;Pardubický kraj;578401;3609;CZ0533;94;CZ053;CZ-53
CZ-56941;CZ;Česko;56941;Městečko Trnávka;Svitavy;Pardubický kraj;578380;3609;CZ0533;94;CZ053;CZ-53
CZ-56942;CZ;Česko;56942;Chornice;Svitavy;Pardubický kraj;578096;3609;CZ0533;94;CZ053;CZ-53
CZ-56943;CZ;Česko;56943;Jevíčko;Svitavy;Pardubický kraj;578193;3609;CZ0533;94;CZ053;CZ-53
CZ-56944;CZ;Česko;56944;Jaroměřice;Svitavy;Pardubický kraj;578151;3609;CZ0533;94;CZ053;CZ-53
CZ-56951;CZ;Česko;56951;Morašice;Svitavy;Pardubický kraj;578428;3609;CZ0533;94;CZ053;CZ-53
CZ-56953;CZ;Česko;56953;Cerekvice nad Loučnou;Svitavy;Pardubický kraj;577936;3609;CZ0533;94;CZ053;CZ-53
CZ-56955;CZ;Česko;56955;Janov;Svitavy;Pardubický kraj;578134;3609;CZ0533;94;CZ053;CZ-53
CZ-56956;CZ;Česko;56956;Čistá;Svitavy;Pardubický kraj;577944;3609;CZ0533;94;CZ053;CZ-53
CZ-56957;CZ;Česko;56957;Trstěnice;Svitavy;Pardubický kraj;578894;3609;CZ0533;94;CZ053;CZ-53
CZ-56961;CZ;Česko;56961;Dolní Újezd;Svitavy;Pardubický kraj;577995;3609;CZ0533;94;CZ053;CZ-53
CZ-56962;CZ;Česko;56962;Sebranice;Svitavy;Pardubický kraj;578738;3609;CZ0533;94;CZ053;CZ-53
CZ-56963;CZ;Česko;56963;Lubná;Svitavy;Pardubický kraj;578355;3609;CZ0533;94;CZ053;CZ-53
CZ-56965;CZ;Česko;56965;Budislav;Svitavy;Pardubický kraj;577910;3609;CZ0533;94;CZ053;CZ-53
CZ-56966;CZ;Česko;56966;Jarošov;Svitavy;Pardubický kraj;578169;3609;CZ0533;94;CZ053;CZ-53
CZ-56967;CZ;Česko;56967;Osík;Svitavy;Pardubický kraj;578509;3609;CZ0533;94;CZ053;CZ-53
CZ-56971;CZ;Česko;56971;Pomezí;Svitavy;Pardubický kraj;578584;3609;CZ0533;94;CZ053;CZ-53
CZ-56972;CZ;Česko;56972;Rohozná;Svitavy;Pardubický kraj;578673;3609;CZ0533;94;CZ053;CZ-53
CZ-56973;CZ;Česko;56973;Svojanov;Svitavy;Pardubický kraj;578843;3609;CZ0533;94;CZ053;CZ-53
CZ-56974;CZ;Česko;56974;Trpín;Svitavy;Pardubický kraj;578886;3609;CZ0533;94;CZ053;CZ-53
CZ-56982;CZ;Česko;56982;Borová;Svitavy;Pardubický kraj;577839;3609;CZ0533;94;CZ053;CZ-53
CZ-56991;CZ;Česko;56991;Jedlová;Svitavy;Pardubický kraj;578185;3609;CZ0533;94;CZ053;CZ-53
CZ-56992;CZ;Česko;56992;Bystré;Svitavy;Pardubický kraj;577928;3609;CZ0533;94;CZ053;CZ-53
CZ-56993;CZ;Česko;56993;Korouhev;Svitavy;Pardubický kraj;578258;3609;CZ0533;94;CZ053;CZ-53
CZ-56994;CZ;Česko;56994;Telecí;Svitavy;Pardubický kraj;578878;3609;CZ0533;94;CZ053;CZ-53
CZ-57001;CZ;Česko;57001;Litomyšl;Svitavy;Pardubický kraj;578347;3609;CZ0533;94;CZ053;CZ-53
CZ-57101;CZ;Česko;57101;Moravská Třebová;Svitavy;Pardubický kraj;578444;3609;CZ0533;94;CZ053;CZ-53
CZ-57201;CZ;Česko;57201;Polička;Svitavy;Pardubický kraj;578576;3609;CZ0533;94;CZ053;CZ-53
CZ-58001;CZ;Česko;58001;Havlíčkův Brod;Havlíčkův Brod;Kraj Vysočina;568414;3601;CZ0631;108;CZ063;CZ-63
CZ-58221;CZ;Česko;58221;Pohled;Havlíčkův Brod;Kraj Vysočina;569291;3601;CZ0631;108;CZ063;CZ-63
CZ-58222;CZ;Česko;58222;Přibyslav;Havlíčkův Brod;Kraj Vysočina;569321;3601;CZ0631;108;CZ063;CZ-63
CZ-58223;CZ;Česko;58223;Havlíčkova Borová;Havlíčkův Brod;Kraj Vysočina;568660;3601;CZ0631;108;CZ063;CZ-63
CZ-58224;CZ;Česko;58224;Oudoleň;Havlíčkův Brod;Kraj Vysočina;569224;3601;CZ0631;108;CZ063;CZ-63
CZ-58231;CZ;Česko;58231;Okrouhlice;Havlíčkův Brod;Kraj Vysočina;569186;3601;CZ0631;108;CZ063;CZ-63
CZ-58232;CZ;Česko;58232;Lipnice nad Sázavou;Havlíčkův Brod;Kraj Vysočina;569046;3601;CZ0631;108;CZ063;CZ-63
CZ-58233;CZ;Česko;58233;Dolní Město;Havlíčkův Brod;Kraj Vysočina;568601;3601;CZ0631;108;CZ063;CZ-63
CZ-58234;CZ;Česko;58234;Krásná Hora;Havlíčkův Brod;Kraj Vysočina;568929;3601;CZ0631;108;CZ063;CZ-63
CZ-58235;CZ;Česko;58235;Lučice;Havlíčkův Brod;Kraj Vysočina;569062;3601;CZ0631;108;CZ063;CZ-63
CZ-58241;CZ;Česko;58241;Skuhrov;Havlíčkův Brod;Kraj Vysočina;569470;3601;CZ0631;108;CZ063;CZ-63
CZ-58242;CZ;Česko;58242;Kámen;Havlíčkův Brod;Kraj Vysočina;568821;3601;CZ0631;108;CZ063;CZ-63
CZ-58243;CZ;Česko;58243;Tis;Havlíčkův Brod;Kraj Vysočina;569615;3601;CZ0631;108;CZ063;CZ-63
CZ-58244;CZ;Česko;58244;Sázavka;Havlíčkův Brod;Kraj Vysočina;569429;3601;CZ0631;108;CZ063;CZ-63
CZ-58245;CZ;Česko;58245;Uhelná Příbram;Havlíčkův Brod;Kraj Vysočina;569640;3601;CZ0631;108;CZ063;CZ-63
CZ-58251;CZ;Česko;58251;Šlapanov;Havlíčkův Brod;Kraj Vysočina;569585;3601;CZ0631;108;CZ063;CZ-63
CZ-58252;CZ;Česko;58252;Věžnice;Havlíčkův Brod;Kraj Vysočina;569704;3601;CZ0631;108;CZ063;CZ-63
CZ-58253;CZ;Česko;58253;Štoky;Havlíčkův Brod;Kraj Vysočina;569593;3601;CZ0631;108;CZ063;CZ-63
CZ-58254;CZ;Česko;58254;Úsobí;Havlíčkův Brod;Kraj Vysočina;569658;3601;CZ0631;108;CZ063;CZ-63
CZ-58255;CZ;Česko;58255;Herálec;Havlíčkův Brod;Kraj Vysočina;568678;3601;CZ0631;108;CZ063;CZ-63
CZ-58256;CZ;Česko;58256;Věž;Havlíčkův Brod;Kraj Vysočina;569691;3601;CZ0631;108;CZ063;CZ-63
CZ-58257;CZ;Česko;58257;Lípa;Havlíčkův Brod;Kraj Vysočina;569038;3601;CZ0631;108;CZ063;CZ-63
CZ-58261;CZ;Česko;58261;Česká Bělá;Havlíčkův Brod;Kraj Vysočina;568503;3601;CZ0631;108;CZ063;CZ-63
CZ-58262;CZ;Česko;58262;Sobíňov;Havlíčkův Brod;Kraj Vysočina;569518;3601;CZ0631;108;CZ063;CZ-63
CZ-58263;CZ;Česko;58263;Ždírec nad Doubravou;Havlíčkův Brod;Kraj Vysočina;569780;3601;CZ0631;108;CZ063;CZ-63
CZ-58264;CZ;Česko;58264;Ždírec nad Doubravou;Havlíčkův Brod;Kraj Vysočina;569780;3601;CZ0631;108;CZ063;CZ-63
CZ-58265;CZ;Česko;58265;Slavíkov;Havlíčkův Brod;Kraj Vysočina;569488;3601;CZ0631;108;CZ063;CZ-63
CZ-58266;CZ;Česko;58266;Krucemburk;Havlíčkův Brod;Kraj Vysočina;568945;3601;CZ0631;108;CZ063;CZ-63
CZ-58271;CZ;Česko;58271;Dolní Krupá;Havlíčkův Brod;Kraj Vysočina;568597;3601;CZ0631;108;CZ063;CZ-63
CZ-58272;CZ;Česko;58272;Rozsochatec;Havlíčkův Brod;Kraj Vysočina;569399;3601;CZ0631;108;CZ063;CZ-63
CZ-58273;CZ;Česko;58273;Nová Ves u Chotěboře;Havlíčkův Brod;Kraj Vysočina;569160;3601;CZ0631;108;CZ063;CZ-63
CZ-58274;CZ;Česko;58274;Jeřišno;Havlíčkův Brod;Kraj Vysočina;568805;3601;CZ0631;108;CZ063;CZ-63
CZ-58276;CZ;Česko;58276;Maleč;Havlíčkův Brod;Kraj Vysočina;569089;3601;CZ0631;108;CZ063;CZ-63
CZ-58277;CZ;Česko;58277;Libice nad Doubravou;Havlíčkův Brod;Kraj Vysočina;569020;3601;CZ0631;108;CZ063;CZ-63
CZ-58281;CZ;Česko;58281;Habry;Havlíčkův Brod;Kraj Vysočina;568651;3601;CZ0631;108;CZ063;CZ-63
CZ-58282;CZ;Česko;58282;Golčův Jeníkov;Havlíčkův Brod;Kraj Vysočina;568635;3601;CZ0631;108;CZ063;CZ-63
CZ-58283;CZ;Česko;58283;Vilémov;Havlíčkův Brod;Kraj Vysočina;569712;3601;CZ0631;108;CZ063;CZ-63
CZ-58286;CZ;Česko;58286;Leština u Světlé;Havlíčkův Brod;Kraj Vysočina;569011;3601;CZ0631;108;CZ063;CZ-63
CZ-58287;CZ;Česko;58287;Číhošť;Havlíčkův Brod;Kraj Vysočina;568520;3601;CZ0631;108;CZ063;CZ-63
CZ-58291;CZ;Česko;58291;Světlá nad Sázavou;Havlíčkův Brod;Kraj Vysočina;569569;3601;CZ0631;108;CZ063;CZ-63
CZ-58292;CZ;Česko;58292;Kamenná Lhota;Havlíčkův Brod;Kraj Vysočina;568848;3601;CZ0631;108;CZ063;CZ-63
CZ-58293;CZ;Česko;58293;Kožlí;Havlíčkův Brod;Kraj Vysočina;568902;3601;CZ0631;108;CZ063;CZ-63
CZ-58294;CZ;Česko;58294;Hněvkovice;Havlíčkův Brod;Kraj Vysočina;568694;3601;CZ0631;108;CZ063;CZ-63
CZ-58301;CZ;Česko;58301;Chotěboř;Havlíčkův Brod;Kraj Vysočina;568759;3601;CZ0631;108;CZ063;CZ-63
CZ-58401;CZ;Česko;58401;Ledeč nad Sázavou;Havlíčkův Brod;Kraj Vysočina;568988;3601;CZ0631;108;CZ063;CZ-63
CZ-58601;CZ;Česko;58601;Jihlava;Jihlava;Kraj Vysočina;586846;3707;CZ0632;108;CZ063;CZ-63
CZ-58603;CZ;Česko;58603;Malý Beranov;Jihlava;Kraj Vysočina;587486;3707;CZ0632;108;CZ063;CZ-63
CZ-58801;CZ;Česko;58801;Smrčná;Jihlava;Kraj Vysočina;550299;3707;CZ0632;108;CZ063;CZ-63
CZ-58805;CZ;Česko;58805;Dušejov;Jihlava;Kraj Vysočina;587095;3707;CZ0632;108;CZ063;CZ-63
CZ-58811;CZ;Česko;58811;Střítež;Jihlava;Kraj Vysočina;587958;3707;CZ0632;108;CZ063;CZ-63
CZ-58812;CZ;Česko;58812;Dobronín;Jihlava;Kraj Vysočina;587028;3707;CZ0632;108;CZ063;CZ-63
CZ-58813;CZ;Česko;58813;Polná;Jihlava;Kraj Vysočina;587711;3707;CZ0632;108;CZ063;CZ-63
CZ-58821;CZ;Česko;58821;Velký Beranov;Jihlava;Kraj Vysočina;588113;3707;CZ0632;108;CZ063;CZ-63
CZ-58822;CZ;Česko;58822;Luka nad Jihlavou;Jihlava;Kraj Vysočina;587478;3707;CZ0632;108;CZ063;CZ-63
CZ-58823;CZ;Česko;58823;Kamenice;Jihlava;Kraj Vysočina;587346;3707;CZ0632;108;CZ063;CZ-63
CZ-58824;CZ;Česko;58824;Kamenice;Jihlava;Kraj Vysočina;587346;3707;CZ0632;108;CZ063;CZ-63
CZ-58825;CZ;Česko;58825;Jersín;Jihlava;Kraj Vysočina;587265;3707;CZ0632;108;CZ063;CZ-63
CZ-58826;CZ;Česko;58826;Zhoř;Jihlava;Kraj Vysočina;588253;3707;CZ0632;108;CZ063;CZ-63
CZ-58827;CZ;Česko;58827;Jamné;Jihlava;Kraj Vysočina;587249;3707;CZ0632;108;CZ063;CZ-63
CZ-58831;CZ;Česko;58831;Puklice;Jihlava;Kraj Vysočina;587745;3707;CZ0632;108;CZ063;CZ-63
CZ-58832;CZ;Česko;58832;Brtnice;Jihlava;Kraj Vysočina;586943;3707;CZ0632;108;CZ063;CZ-63
CZ-58833;CZ;Česko;58833;Stonařov;Jihlava;Kraj Vysočina;587931;3707;CZ0632;108;CZ063;CZ-63
CZ-58834;CZ;Česko;58834;Dlouhá Brtnice;Jihlava;Kraj Vysočina;587010;3707;CZ0632;108;CZ063;CZ-63
CZ-58835;CZ;Česko;58835;Vílanec;Jihlava;Kraj Vysočina;588156;3707;CZ0632;108;CZ063;CZ-63
CZ-58841;CZ;Česko;58841;Vyskytná nad Jihlavou;Jihlava;Kraj Vysočina;588172;3707;CZ0632;108;CZ063;CZ-63
CZ-58842;CZ;Česko;58842;Větrný Jeníkov;Jihlava;Kraj Vysočina;588121;3707;CZ0632;108;CZ063;CZ-63
CZ-58844;CZ;Česko;58844;Rohozná;Jihlava;Kraj Vysočina;587796;3707;CZ0632;108;CZ063;CZ-63
CZ-58845;CZ;Česko;58845;Dolní Cerekev;Jihlava;Kraj Vysočina;587044;3707;CZ0632;108;CZ063;CZ-63
CZ-58851;CZ;Česko;58851;Batelov;Jihlava;Kraj Vysočina;586862;3707;CZ0632;108;CZ063;CZ-63
CZ-58852;CZ;Česko;58852;Horní Dubenky;Jihlava;Kraj Vysočina;587168;3707;CZ0632;108;CZ063;CZ-63
CZ-58854;CZ;Česko;58854;Mrákotín;Jihlava;Kraj Vysočina;587541;3707;CZ0632;108;CZ063;CZ-63
CZ-58856;CZ;Česko;58856;Telč;Jihlava;Kraj Vysočina;588024;3707;CZ0632;108;CZ063;CZ-63
CZ-58861;CZ;Česko;58861;Kostelec;Jihlava;Kraj Vysočina;587401;3707;CZ0632;108;CZ063;CZ-63
CZ-58862;CZ;Česko;58862;Sedlejov;Jihlava;Kraj Vysočina;587885;3707;CZ0632;108;CZ063;CZ-63
CZ-58864;CZ;Česko;58864;Krasonice;Jihlava;Kraj Vysočina;587443;3707;CZ0632;108;CZ063;CZ-63
CZ-58865;CZ;Česko;58865;Nová Říše;Jihlava;Kraj Vysočina;587591;3707;CZ0632;108;CZ063;CZ-63
CZ-58866;CZ;Česko;58866;Rozseč;Jihlava;Kraj Vysočina;587800;3707;CZ0632;108;CZ063;CZ-63
CZ-58867;CZ;Česko;58867;Stará Říše;Jihlava;Kraj Vysočina;587923;3707;CZ0632;108;CZ063;CZ-63
CZ-58901;CZ;Česko;58901;Třešť;Jihlava;Kraj Vysočina;588032;3707;CZ0632;108;CZ063;CZ-63
CZ-59101;CZ;Česko;59101;Žďár nad Sázavou;Žďár nad Sázavou;Kraj Vysočina;595209;3714;CZ0635;108;CZ063;CZ-63
CZ-59102;CZ;Česko;59102;Žďár nad Sázavou;Žďár nad Sázavou;Kraj Vysočina;595209;3714;CZ0635;108;CZ063;CZ-63
CZ-59201;CZ;Česko;59201;Herálec;Žďár nad Sázavou;Kraj Vysočina;595594;3714;CZ0635;108;CZ063;CZ-63
CZ-59202;CZ;Česko;59202;Svratka;Žďár nad Sázavou;Kraj Vysočina;596868;3714;CZ0635;108;CZ063;CZ-63
CZ-59203;CZ;Česko;59203;Sněžné;Žďár nad Sázavou;Kraj Vysočina;596787;3714;CZ0635;108;CZ063;CZ-63
CZ-59204;CZ;Česko;59204;Fryšava pod Žákovou horou;Žďár nad Sázavou;Kraj Vysočina;595578;3714;CZ0635;108;CZ063;CZ-63
CZ-59211;CZ;Česko;59211;Velká Losenice;Žďár nad Sázavou;Kraj Vysočina;596981;3714;CZ0635;108;CZ063;CZ-63
CZ-59212;CZ;Česko;59212;Nížkov;Žďár nad Sázavou;Kraj Vysočina;596205;3714;CZ0635;108;CZ063;CZ-63
CZ-59213;CZ;Česko;59213;Bohdalov;Žďár nad Sázavou;Kraj Vysočina;595292;3714;CZ0635;108;CZ063;CZ-63
CZ-59214;CZ;Česko;59214;Nové Veselí;Žďár nad Sázavou;Kraj Vysočina;596256;3714;CZ0635;108;CZ063;CZ-63
CZ-59221;CZ;Česko;59221;Karlov;Žďár nad Sázavou;Kraj Vysočina;595845;3714;CZ0635;108;CZ063;CZ-63
CZ-59231;CZ;Česko;59231;Nové Město na Moravě;Žďár nad Sázavou;Kraj Vysočina;596230;3714;CZ0635;108;CZ063;CZ-63
CZ-59232;CZ;Česko;59232;Jámy;Žďár nad Sázavou;Kraj Vysočina;595756;3714;CZ0635;108;CZ063;CZ-63
CZ-59233;CZ;Česko;59233;Radešínská Svratka;Žďár nad Sázavou;Kraj Vysočina;596531;3714;CZ0635;108;CZ063;CZ-63
CZ-59241;CZ;Česko;59241;Dalečín;Žďár nad Sázavou;Kraj Vysočina;595454;3714;CZ0635;108;CZ063;CZ-63
CZ-59242;CZ;Česko;59242;Jimramov;Žďár nad Sázavou;Kraj Vysočina;595772;3714;CZ0635;108;CZ063;CZ-63
CZ-59244;CZ;Česko;59244;Věcov;Žďár nad Sázavou;Kraj Vysočina;596957;3714;CZ0635;108;CZ063;CZ-63
CZ-59245;CZ;Česko;59245;Lísek;Žďár nad Sázavou;Kraj Vysočina;596051;3714;CZ0635;108;CZ063;CZ-63
CZ-59251;CZ;Česko;59251;Dolní Rožínka;Žďár nad Sázavou;Kraj Vysočina;595535;3714;CZ0635;108;CZ063;CZ-63
CZ-59252;CZ;Česko;59252;Rožná;Žďár nad Sázavou;Kraj Vysočina;596655;3714;CZ0635;108;CZ063;CZ-63
CZ-59253;CZ;Česko;59253;Strážek;Žďár nad Sázavou;Kraj Vysočina;596825;3714;CZ0635;108;CZ063;CZ-63
CZ-59254;CZ;Česko;59254;Moravec;Žďár nad Sázavou;Kraj Vysočina;596141;3714;CZ0635;108;CZ063;CZ-63
CZ-59255;CZ;Česko;59255;Bobrová;Žďár nad Sázavou;Kraj Vysočina;595268;3714;CZ0635;108;CZ063;CZ-63
CZ-59256;CZ;Česko;59256;Zvole;Žďár nad Sázavou;Kraj Vysočina;597155;3714;CZ0635;108;CZ063;CZ-63
CZ-59257;CZ;Česko;59257;Rozsochy;Žďár nad Sázavou;Kraj Vysočina;596647;3714;CZ0635;108;CZ063;CZ-63
CZ-59261;CZ;Česko;59261;Doubravník;Brno-venkov;Jihomoravský kraj;595551;3703;CZ0643;116;CZ064;CZ-64
CZ-59262;CZ;Česko;59262;Nedvědice;Brno-venkov;Jihomoravský kraj;596175;3703;CZ0643;116;CZ064;CZ-64
CZ-59263;CZ;Česko;59263;Štěpánov nad Svratkou;Žďár nad Sázavou;Kraj Vysočina;596884;3714;CZ0635;108;CZ063;CZ-63
CZ-59264;CZ;Česko;59264;Prosetín;Žďár nad Sázavou;Kraj Vysočina;596493;3714;CZ0635;108;CZ063;CZ-63
CZ-59265;CZ;Česko;59265;Rovečné;Žďár nad Sázavou;Kraj Vysočina;596612;3714;CZ0635;108;CZ063;CZ-63
CZ-59266;CZ;Česko;59266;Vír;Žďár nad Sázavou;Kraj Vysočina;597074;3714;CZ0635;108;CZ063;CZ-63
CZ-59301;CZ;Česko;59301;Bystřice nad Pernštejnem;Žďár nad Sázavou;Kraj Vysočina;595411;3714;CZ0635;108;CZ063;CZ-63
CZ-59401;CZ;Česko;59401;Velké Meziříčí;Žďár nad Sázavou;Kraj Vysočina;597007;3714;CZ0635;108;CZ063;CZ-63
CZ-59441;CZ;Česko;59441;Uhřínov;Žďár nad Sázavou;Kraj Vysočina;596906;3714;CZ0635;108;CZ063;CZ-63
CZ-59442;CZ;Česko;59442;Měřín;Žďár nad Sázavou;Kraj Vysočina;596116;3714;CZ0635;108;CZ063;CZ-63
CZ-59444;CZ;Česko;59444;Radostín nad Oslavou;Žďár nad Sázavou;Kraj Vysočina;596574;3714;CZ0635;108;CZ063;CZ-63
CZ-59445;CZ;Česko;59445;Ostrov nad Oslavou;Žďár nad Sázavou;Kraj Vysočina;596361;3714;CZ0635;108;CZ063;CZ-63
CZ-59451;CZ;Česko;59451;Křižanov;Žďár nad Sázavou;Kraj Vysočina;595926;3714;CZ0635;108;CZ063;CZ-63
CZ-59452;CZ;Česko;59452;Ořechov;Žďár nad Sázavou;Kraj Vysočina;596329;3714;CZ0635;108;CZ063;CZ-63
CZ-59453;CZ;Česko;59453;Osová Bítýška;Žďár nad Sázavou;Kraj Vysočina;596345;3714;CZ0635;108;CZ063;CZ-63
CZ-59454;CZ;Česko;59454;Křoví;Žďár nad Sázavou;Kraj Vysočina;595951;3714;CZ0635;108;CZ063;CZ-63
CZ-59455;CZ;Česko;59455;Dolní Loučky;Brno-venkov;Jihomoravský kraj;595527;3703;CZ0643;116;CZ064;CZ-64
CZ-59456;CZ;Česko;59456;Žďárec;Brno-venkov;Jihomoravský kraj;597171;3703;CZ0643;116;CZ064;CZ-64
CZ-59457;CZ;Česko;59457;Vidonín;Žďár nad Sázavou;Kraj Vysočina;597066;3714;CZ0635;108;CZ063;CZ-63
CZ-59458;CZ;Česko;59458;Heřmanov;Žďár nad Sázavou;Kraj Vysočina;595608;3714;CZ0635;108;CZ063;CZ-63
CZ-59461;CZ;Česko;59461;Bory;Žďár nad Sázavou;Kraj Vysočina;595641;3714;CZ0635;108;CZ063;CZ-63
CZ-59501;CZ;Česko;59501;Velká Bíteš;Žďár nad Sázavou;Kraj Vysočina;596973;3714;CZ0635;108;CZ063;CZ-63
CZ-60200;CZ;Česko;60200;Brno;Brno-město;Jihomoravský kraj;582786;3702;CZ0642;116;CZ064;CZ-64
CZ-60300;CZ;Česko;60300;Brno;Brno-město;Jihomoravský kraj;582786;3702;CZ0642;116;CZ064;CZ-64
CZ-61200;CZ;Česko;61200;Brno;Brno-město;Jihomoravský kraj;582786;3702;CZ0642;116;CZ064;CZ-64
CZ-61300;CZ;Česko;61300;Brno;Brno-město;Jihomoravský kraj;582786;3702;CZ0642;116;CZ064;CZ-64
CZ-61400;CZ;Česko;61400;Brno;Brno-město;Jihomoravský kraj;582786;3702;CZ0642;116;CZ064;CZ-64
CZ-61500;CZ;Česko;61500;Brno;Brno-město;Jihomoravský kraj;582786;3702;CZ0642;116;CZ064;CZ-64
CZ-61600;CZ;Česko;61600;Brno;Brno-město;Jihomoravský kraj;582786;3702;CZ0642;116;CZ064;CZ-64
CZ-61700;CZ;Česko;61700;Brno;Brno-město;Jihomoravský kraj;582786;3702;CZ0642;116;CZ064;CZ-64
CZ-61800;CZ;Česko;61800;Brno;Brno-město;Jihomoravský kraj;582786;3702;CZ0642;116;CZ064;CZ-64
CZ-61900;CZ;Česko;61900;Brno;Brno-město;Jihomoravský kraj;582786;3702;CZ0642;116;CZ064;CZ-64
CZ-62000;CZ;Česko;62000;Brno;Brno-město;Jihomoravský kraj;582786;3702;CZ0642;116;CZ064;CZ-64
CZ-62100;CZ;Česko;62100;Brno;Brno-město;Jihomoravský kraj;582786;3702;CZ0642;116;CZ064;CZ-64
CZ-62300;CZ;Česko;62300;Brno;Brno-město;Jihomoravský kraj;582786;3702;CZ0642;116;CZ064;CZ-64
CZ-62400;CZ;Česko;62400;Brno;Brno-město;Jihomoravský kraj;582786;3702;CZ0642;116;CZ064;CZ-64
CZ-62500;CZ;Česko;62500;Brno;Brno-město;Jihomoravský kraj;582786;3702;CZ0642;116;CZ064;CZ-64
CZ-62700;CZ;Česko;62700;Brno;Brno-město;Jihomoravský kraj;582786;3702;CZ0642;116;CZ064;CZ-64
CZ-62800;CZ;Česko;62800;Brno;Brno-město;Jihomoravský kraj;582786;3702;CZ0642;116;CZ064;CZ-64
CZ-63400;CZ;Česko;63400;Brno;Brno-město;Jihomoravský kraj;582786;3702;CZ0642;116;CZ064;CZ-64
CZ-63500;CZ;Česko;63500;Brno;Brno-město;Jihomoravský kraj;582786;3702;CZ0642;116;CZ064;CZ-64
CZ-63600;CZ;Česko;63600;Brno;Brno-město;Jihomoravský kraj;582786;3702;CZ0642;116;CZ064;CZ-64
CZ-63700;CZ;Česko;63700;Brno;Brno-město;Jihomoravský kraj;582786;3702;CZ0642;116;CZ064;CZ-64
CZ-63800;CZ;Česko;63800;Brno;Brno-město;Jihomoravský kraj;582786;3702;CZ0642;116;CZ064;CZ-64
CZ-63900;CZ;Česko;63900;Brno;Brno-město;Jihomoravský kraj;582786;3702;CZ0642;116;CZ064;CZ-64
CZ-64100;CZ;Česko;64100;Brno;Brno-město;Jihomoravský kraj;582786;3702;CZ0642;116;CZ064;CZ-64
CZ-64200;CZ;Česko;64200;Brno;Brno-město;Jihomoravský kraj;582786;3702;CZ0642;116;CZ064;CZ-64
CZ-64300;CZ;Česko;64300;Brno;Brno-město;Jihomoravský kraj;582786;3702;CZ0642;116;CZ064;CZ-64
CZ-64400;CZ;Česko;64400;Brno;Brno-město;Jihomoravský kraj;582786;3702;CZ0642;116;CZ064;CZ-64
CZ-66401;CZ;Česko;66401;Bílovice nad Svitavou;Brno-venkov;Jihomoravský kraj;582824;3703;CZ0643;116;CZ064;CZ-64
CZ-66402;CZ;Česko;66402;Ochoz u Brna;Brno-venkov;Jihomoravský kraj;583537;3703;CZ0643;116;CZ064;CZ-64
CZ-66403;CZ;Česko;66403;Podolí;Brno-venkov;Jihomoravský kraj;583634;3703;CZ0643;116;CZ064;CZ-64
CZ-66404;CZ;Česko;66404;Mokrá-Horákov;Brno-venkov;Jihomoravský kraj;583405;3703;CZ0643;116;CZ064;CZ-64
CZ-66405;CZ;Česko;66405;Tvarožná;Brno-venkov;Jihomoravský kraj;584037;3703;CZ0643;116;CZ064;CZ-64
CZ-66406;CZ;Česko;66406;Viničné Šumice;Brno-venkov;Jihomoravský kraj;584126;3703;CZ0643;116;CZ064;CZ-64
CZ-66407;CZ;Česko;66407;Pozořice;Brno-venkov;Jihomoravský kraj;583677;3703;CZ0643;116;CZ064;CZ-64
CZ-66408;CZ;Česko;66408;Blažovice;Brno-venkov;Jihomoravský kraj;582841;3703;CZ0643;116;CZ064;CZ-64
CZ-66411;CZ;Česko;66411;Zbýšov;Brno-venkov;Jihomoravský kraj;584223;3703;CZ0643;116;CZ064;CZ-64
CZ-66412;CZ;Česko;66412;Oslavany;Brno-venkov;Jihomoravský kraj;583588;3703;CZ0643;116;CZ064;CZ-64
CZ-66417;CZ;Česko;66417;Tetčice;Brno-venkov;Jihomoravský kraj;583987;3703;CZ0643;116;CZ064;CZ-64
CZ-66423;CZ;Česko;66423;Čebín;Brno-venkov;Jihomoravský kraj;582913;3703;CZ0643;116;CZ064;CZ-64
CZ-66424;CZ;Česko;66424;Drásov;Brno-venkov;Jihomoravský kraj;582972;3703;CZ0643;116;CZ064;CZ-64
CZ-66431;CZ;Česko;66431;Lelekovice;Brno-venkov;Jihomoravský kraj;583286;3703;CZ0643;116;CZ064;CZ-64
CZ-66432;CZ;Česko;66432;Vranov;Brno-venkov;Jihomoravský kraj;584151;3703;CZ0643;116;CZ064;CZ-64
CZ-66434;CZ;Česko;66434;Kuřim;Brno-venkov;Jihomoravský kraj;583251;3703;CZ0643;116;CZ064;CZ-64
CZ-66441;CZ;Česko;66441;Popůvky;Brno-venkov;Jihomoravský kraj;583669;3703;CZ0643;116;CZ064;CZ-64
CZ-66442;CZ;Česko;66442;Modřice;Brno-venkov;Jihomoravský kraj;583391;3703;CZ0643;116;CZ064;CZ-64
CZ-66443;CZ;Česko;66443;Želešice;Brno-venkov;Jihomoravský kraj;584266;3703;CZ0643;116;CZ064;CZ-64
CZ-66444;CZ;Česko;66444;Ořechov;Brno-venkov;Jihomoravský kraj;583561;3703;CZ0643;116;CZ064;CZ-64
CZ-66446;CZ;Česko;66446;Prštice;Brno-venkov;Jihomoravský kraj;583707;3703;CZ0643;116;CZ064;CZ-64
CZ-66447;CZ;Česko;66447;Střelice;Brno-venkov;Jihomoravský kraj;583910;3703;CZ0643;116;CZ064;CZ-64
CZ-66448;CZ;Česko;66448;Moravany;Brno-venkov;Jihomoravský kraj;583413;3703;CZ0643;116;CZ064;CZ-64
CZ-66449;CZ;Česko;66449;Ostopovice;Brno-venkov;Jihomoravský kraj;583596;3703;CZ0643;116;CZ064;CZ-64
CZ-66451;CZ;Česko;66451;Šlapanice;Brno-venkov;Jihomoravský kraj;583952;3703;CZ0643;116;CZ064;CZ-64
CZ-66452;CZ;Česko;66452;Sokolnice;Brno-venkov;Jihomoravský kraj;583898;3703;CZ0643;116;CZ064;CZ-64
CZ-66453;CZ;Česko;66453;Újezd u Brna;Brno-venkov;Jihomoravský kraj;584045;3703;CZ0643;116;CZ064;CZ-64
CZ-66454;CZ;Česko;66454;Těšany;Brno-venkov;Jihomoravský kraj;583995;3703;CZ0643;116;CZ064;CZ-64
CZ-66455;CZ;Česko;66455;Moutnice;Brno-venkov;Jihomoravský kraj;583448;3703;CZ0643;116;CZ064;CZ-64
CZ-66456;CZ;Česko;66456;Blučina;Brno-venkov;Jihomoravský kraj;582859;3703;CZ0643;116;CZ064;CZ-64
CZ-66457;CZ;Česko;66457;Měnín;Brno-venkov;Jihomoravský kraj;583383;3703;CZ0643;116;CZ064;CZ-64
CZ-66458;CZ;Česko;66458;Prace;Brno-venkov;Jihomoravský kraj;583685;3703;CZ0643;116;CZ064;CZ-64
CZ-66459;CZ;Česko;66459;Telnice;Brno-venkov;Jihomoravský kraj;583979;3703;CZ0643;116;CZ064;CZ-64
CZ-66461;CZ;Česko;66461;Rajhrad;Brno-venkov;Jihomoravský kraj;583758;3703;CZ0643;116;CZ064;CZ-64
CZ-66462;CZ;Česko;66462;Hrušovany u Brna;Brno-venkov;Jihomoravský kraj;583081;3703;CZ0643;116;CZ064;CZ-64
CZ-66463;CZ;Česko;66463;Žabčice;Brno-venkov;Jihomoravský kraj;584231;3703;CZ0643;116;CZ064;CZ-64
CZ-66464;CZ;Česko;66464;Dolní Kounice;Brno-venkov;Jihomoravský kraj;582956;3703;CZ0643;116;CZ064;CZ-64
CZ-66465;CZ;Česko;66465;Malešovice;Brno-venkov;Jihomoravský kraj;583332;3703;CZ0643;116;CZ064;CZ-64
CZ-66466;CZ;Česko;66466;Medlov;Brno-venkov;Jihomoravský kraj;583367;3703;CZ0643;116;CZ064;CZ-64
CZ-66467;CZ;Česko;66467;Syrovice;Brno-venkov;Jihomoravský kraj;583936;3703;CZ0643;116;CZ064;CZ-64
CZ-66471;CZ;Česko;66471;Veverská Bítýška;Brno-venkov;Jihomoravský kraj;584100;3703;CZ0643;116;CZ064;CZ-64
CZ-66475;CZ;Česko;66475;Deblín;Brno-venkov;Jihomoravský kraj;582948;3703;CZ0643;116;CZ064;CZ-64
CZ-66481;CZ;Česko;66481;Veverské Knínice;Brno-venkov;Jihomoravský kraj;584118;3703;CZ0643;116;CZ064;CZ-64
CZ-66482;CZ;Česko;66482;Říčany;Brno-venkov;Jihomoravský kraj;583839;3703;CZ0643;116;CZ064;CZ-64
CZ-66483;CZ;Česko;66483;Přibyslavice;Brno-venkov;Jihomoravský kraj;583723;3703;CZ0643;116;CZ064;CZ-64
CZ-66484;CZ;Česko;66484;Zastávka;Brno-venkov;Jihomoravský kraj;584207;3703;CZ0643;116;CZ064;CZ-64
CZ-66488;CZ;Česko;66488;Zbraslav;Brno-venkov;Jihomoravský kraj;584215;3703;CZ0643;116;CZ064;CZ-64
CZ-66491;CZ;Česko;66491;Ivančice;Brno-venkov;Jihomoravský kraj;583120;3703;CZ0643;116;CZ064;CZ-64
CZ-66499;CZ;Česko;66499;Silůvky;Brno-venkov;Jihomoravský kraj;583855;3703;CZ0643;116;CZ064;CZ-64
CZ-66501;CZ;Česko;66501;Rosice;Brno-venkov;Jihomoravský kraj;583782;3703;CZ0643;116;CZ064;CZ-64
CZ-66601;CZ;Česko;66601;Tišnov;Brno-venkov;Jihomoravský kraj;584002;3703;CZ0643;116;CZ064;CZ-64
CZ-66602;CZ;Česko;66602;Předklášteří;Brno-venkov;Jihomoravský kraj;549746;3703;CZ0643;116;CZ064;CZ-64
CZ-66603;CZ;Česko;66603;Tišnov;Brno-venkov;Jihomoravský kraj;584002;3703;CZ0643;116;CZ064;CZ-64
CZ-66701;CZ;Česko;66701;Židlochovice;Brno-venkov;Jihomoravský kraj;584282;3703;CZ0643;116;CZ064;CZ-64
CZ-66902;CZ;Česko;66902;Znojmo;Znojmo;Jihomoravský kraj;593711;3713;CZ0647;116;CZ064;CZ-64
CZ-66904;CZ;Česko;66904;Znojmo;Znojmo;Jihomoravský kraj;593711;3713;CZ0647;116;CZ064;CZ-64
CZ-67101;CZ;Česko;67101;Citonice;Znojmo;Jihomoravský kraj;593851;3713;CZ0647;116;CZ064;CZ-64
CZ-67102;CZ;Česko;67102;Štítary;Znojmo;Jihomoravský kraj;594890;3713;CZ0647;116;CZ064;CZ-64
CZ-67103;CZ;Česko;67103;Vranov nad Dyjí;Znojmo;Jihomoravský kraj;595098;3713;CZ0647;116;CZ064;CZ-64
CZ-67106;CZ;Česko;67106;Lančov;Znojmo;Jihomoravský kraj;594326;3713;CZ0647;116;CZ064;CZ-64
CZ-67107;CZ;Česko;67107;Oslnovice;Znojmo;Jihomoravský kraj;594598;3713;CZ0647;116;CZ064;CZ-64
CZ-67110;CZ;Česko;67110;Bítov;Znojmo;Jihomoravský kraj;593753;3713;CZ0647;116;CZ064;CZ-64
CZ-67122;CZ;Česko;67122;Šatov;Znojmo;Jihomoravský kraj;594881;3713;CZ0647;116;CZ064;CZ-64
CZ-67124;CZ;Česko;67124;Vrbovec;Znojmo;Jihomoravský kraj;595128;3713;CZ0647;116;CZ064;CZ-64
CZ-67125;CZ;Česko;67125;Tasovice;Znojmo;Jihomoravský kraj;594920;3713;CZ0647;116;CZ064;CZ-64
CZ-67126;CZ;Česko;67126;Dyjákovice;Znojmo;Jihomoravský kraj;593974;3713;CZ0647;116;CZ064;CZ-64
CZ-67127;CZ;Česko;67127;Hrádek;Znojmo;Jihomoravský kraj;594148;3713;CZ0647;116;CZ064;CZ-64
CZ-67128;CZ;Česko;67128;Jaroslavice;Znojmo;Jihomoravský kraj;594199;3713;CZ0647;116;CZ064;CZ-64
CZ-67129;CZ;Česko;67129;Strachotice;Znojmo;Jihomoravský kraj;594822;3713;CZ0647;116;CZ064;CZ-64
CZ-67131;CZ;Česko;67131;Únanov;Znojmo;Jihomoravský kraj;595021;3713;CZ0647;116;CZ064;CZ-64
CZ-67132;CZ;Česko;67132;Plaveč;Znojmo;Jihomoravský kraj;594628;3713;CZ0647;116;CZ064;CZ-64
CZ-67133;CZ;Česko;67133;Mikulovice;Znojmo;Jihomoravský kraj;594431;3713;CZ0647;116;CZ064;CZ-64
CZ-67134;CZ;Česko;67134;Horní Dunajovice;Znojmo;Jihomoravský kraj;594091;3713;CZ0647;116;CZ064;CZ-64
CZ-67138;CZ;Česko;67138;Višňové;Znojmo;Jihomoravský kraj;595071;3713;CZ0647;116;CZ064;CZ-64
CZ-67139;CZ;Česko;67139;Běhařovice;Znojmo;Jihomoravský kraj;593737;3713;CZ0647;116;CZ064;CZ-64
CZ-67140;CZ;Česko;67140;Tavíkovice;Znojmo;Jihomoravský kraj;594938;3713;CZ0647;116;CZ064;CZ-64
CZ-67142;CZ;Česko;67142;Vémyslice;Znojmo;Jihomoravský kraj;595055;3713;CZ0647;116;CZ064;CZ-64
CZ-67151;CZ;Česko;67151;Olbramkostel;Znojmo;Jihomoravský kraj;594555;3713;CZ0647;116;CZ064;CZ-64
CZ-67152;CZ;Česko;67152;Hluboké Mašůvky;Znojmo;Jihomoravský kraj;594041;3713;CZ0647;116;CZ064;CZ-64
CZ-67153;CZ;Česko;67153;Jevišovice;Znojmo;Jihomoravský kraj;594202;3713;CZ0647;116;CZ064;CZ-64
CZ-67154;CZ;Česko;67154;Hostim;Znojmo;Jihomoravský kraj;594121;3713;CZ0647;116;CZ064;CZ-64
CZ-67155;CZ;Česko;67155;Blížkovice;Znojmo;Jihomoravský kraj;593770;3713;CZ0647;116;CZ064;CZ-64
CZ-67156;CZ;Česko;67156;Pavlice;Znojmo;Jihomoravský kraj;594601;3713;CZ0647;116;CZ064;CZ-64
CZ-67161;CZ;Česko;67161;Prosiměřice;Znojmo;Jihomoravský kraj;594709;3713;CZ0647;116;CZ064;CZ-64
CZ-67162;CZ;Česko;67162;Oleksovice;Znojmo;Jihomoravský kraj;594571;3713;CZ0647;116;CZ064;CZ-64
CZ-67163;CZ;Česko;67163;Lechovice;Znojmo;Jihomoravský kraj;594334;3713;CZ0647;116;CZ064;CZ-64
CZ-67164;CZ;Česko;67164;Božice;Znojmo;Jihomoravský kraj;593826;3713;CZ0647;116;CZ064;CZ-64
CZ-67165;CZ;Česko;67165;Břežany;Znojmo;Jihomoravský kraj;593842;3713;CZ0647;116;CZ064;CZ-64
CZ-67167;CZ;Česko;67167;Hrušovany nad Jevišovkou;Znojmo;Jihomoravský kraj;594156;3713;CZ0647;116;CZ064;CZ-64
CZ-67168;CZ;Česko;67168;Šanov;Znojmo;Jihomoravský kraj;594873;3713;CZ0647;116;CZ064;CZ-64
CZ-67169;CZ;Česko;67169;Hevlín;Znojmo;Jihomoravský kraj;594032;3713;CZ0647;116;CZ064;CZ-64
CZ-67171;CZ;Česko;67171;Hostěradice;Znojmo;Jihomoravský kraj;594113;3713;CZ0647;116;CZ064;CZ-64
CZ-67172;CZ;Česko;67172;Miroslav;Znojmo;Jihomoravský kraj;594458;3713;CZ0647;116;CZ064;CZ-64
CZ-67173;CZ;Česko;67173;Dolní Dubňany;Znojmo;Jihomoravský kraj;593966;3713;CZ0647;116;CZ064;CZ-64
CZ-67175;CZ;Česko;67175;Vedrovice;Znojmo;Jihomoravský kraj;595047;3713;CZ0647;116;CZ064;CZ-64
CZ-67176;CZ;Česko;67176;Olbramovice;Znojmo;Jihomoravský kraj;594563;3713;CZ0647;116;CZ064;CZ-64
CZ-67177;CZ;Česko;67177;Branišovice;Brno-venkov;Jihomoravský kraj;593834;3703;CZ0643;116;CZ064;CZ-64
CZ-67178;CZ;Česko;67178;Troskotovice;Brno-venkov;Jihomoravský kraj;594962;3703;CZ0643;116;CZ064;CZ-64
CZ-67181;CZ;Česko;67181;Nový Šaldorf-Sedlešovice;Znojmo;Jihomoravský kraj;587729;3713;CZ0647;116;CZ064;CZ-64
CZ-67182;CZ;Česko;67182;Dobšice;Znojmo;Jihomoravský kraj;546941;3713;CZ0647;116;CZ064;CZ-64
CZ-67201;CZ;Česko;67201;Moravský Krumlov;Znojmo;Jihomoravský kraj;594482;3713;CZ0647;116;CZ064;CZ-64
CZ-67401;CZ;Česko;67401;Třebíč;Třebíč;Kraj Vysočina;590266;3710;CZ0634;108;CZ063;CZ-63
CZ-67501;CZ;Česko;67501;Vladislav;Třebíč;Kraj Vysočina;591904;3710;CZ0634;108;CZ063;CZ-63
CZ-67502;CZ;Česko;67502;Koněšín;Třebíč;Kraj Vysočina;590886;3710;CZ0634;108;CZ063;CZ-63
CZ-67503;CZ;Česko;67503;Budišov;Třebíč;Kraj Vysočina;590401;3710;CZ0634;108;CZ063;CZ-63
CZ-67504;CZ;Česko;67504;Hodov;Třebíč;Kraj Vysočina;590622;3710;CZ0634;108;CZ063;CZ-63
CZ-67505;CZ;Česko;67505;Rudíkov;Třebíč;Kraj Vysočina;591637;3710;CZ0634;108;CZ063;CZ-63
CZ-67506;CZ;Česko;67506;Benetice;Třebíč;Kraj Vysočina;590304;3710;CZ0634;108;CZ063;CZ-63
CZ-67507;CZ;Česko;67507;Číhalín;Třebíč;Kraj Vysočina;590479;3710;CZ0634;108;CZ063;CZ-63
CZ-67508;CZ;Česko;67508;Kouty;Třebíč;Kraj Vysočina;590908;3710;CZ0634;108;CZ063;CZ-63
CZ-67521;CZ;Česko;67521;Okříšky;Třebíč;Kraj Vysočina;591301;3710;CZ0634;108;CZ063;CZ-63
CZ-67522;CZ;Česko;67522;Stařeč;Třebíč;Kraj Vysočina;591742;3710;CZ0634;108;CZ063;CZ-63
CZ-67523;CZ;Česko;67523;Kojetice;Třebíč;Kraj Vysočina;590860;3710;CZ0634;108;CZ063;CZ-63
CZ-67524;CZ;Česko;67524;Čáslavice;Třebíč;Kraj Vysočina;590436;3710;CZ0634;108;CZ063;CZ-63
CZ-67525;CZ;Česko;67525;Rokytnice nad Rokytnou;Třebíč;Kraj Vysočina;591611;3710;CZ0634;108;CZ063;CZ-63
CZ-67526;CZ;Česko;67526;Želetava;Třebíč;Kraj Vysočina;591998;3710;CZ0634;108;CZ063;CZ-63
CZ-67527;CZ;Česko;67527;Předín;Třebíč;Kraj Vysočina;591432;3710;CZ0634;108;CZ063;CZ-63
CZ-67528;CZ;Česko;67528;Opatov;Třebíč;Kraj Vysočina;591319;3710;CZ0634;108;CZ063;CZ-63
CZ-67529;CZ;Česko;67529;Kněžice;Jihlava;Kraj Vysočina;590843;3707;CZ0632;108;CZ063;CZ-63
CZ-67531;CZ;Česko;67531;Jemnice;Třebíč;Kraj Vysočina;590789;3710;CZ0634;108;CZ063;CZ-63
CZ-67532;CZ;Česko;67532;Mladoňovice;Třebíč;Kraj Vysočina;591165;3710;CZ0634;108;CZ063;CZ-63
CZ-67533;CZ;Česko;67533;Dešov;Třebíč;Kraj Vysočina;590533;3710;CZ0634;108;CZ063;CZ-63
CZ-67534;CZ;Česko;67534;Police;Třebíč;Kraj Vysočina;591394;3710;CZ0634;108;CZ063;CZ-63
CZ-67541;CZ;Česko;67541;Nové Syrovice;Třebíč;Kraj Vysočina;591254;3710;CZ0634;108;CZ063;CZ-63
CZ-67542;CZ;Česko;67542;Budkov;Třebíč;Kraj Vysočina;590410;3710;CZ0634;108;CZ063;CZ-63
CZ-67543;CZ;Česko;67543;Domamil;Třebíč;Kraj Vysočina;590568;3710;CZ0634;108;CZ063;CZ-63
CZ-67544;CZ;Česko;67544;Jakubov u Moravských Budějovic;Třebíč;Kraj Vysočina;590746;3710;CZ0634;108;CZ063;CZ-63
CZ-67545;CZ;Česko;67545;Šebkovice;Třebíč;Kraj Vysočina;591807;3710;CZ0634;108;CZ063;CZ-63
CZ-67550;CZ;Česko;67550;Dukovany;Třebíč;Kraj Vysočina;590576;3710;CZ0634;108;CZ063;CZ-63
CZ-67551;CZ;Česko;67551;Jaroměřice nad Rokytnou;Třebíč;Kraj Vysočina;590754;3710;CZ0634;108;CZ063;CZ-63
CZ-67552;CZ;Česko;67552;Třebenice;Třebíč;Kraj Vysočina;591866;3710;CZ0634;108;CZ063;CZ-63
CZ-67553;CZ;Česko;67553;Valeč;Třebíč;Kraj Vysočina;591874;3710;CZ0634;108;CZ063;CZ-63
CZ-67554;CZ;Česko;67554;Dalešice;Třebíč;Kraj Vysočina;590517;3710;CZ0634;108;CZ063;CZ-63
CZ-67555;CZ;Česko;67555;Hrotovice;Třebíč;Kraj Vysočina;590673;3710;CZ0634;108;CZ063;CZ-63
CZ-67556;CZ;Česko;67556;Dukovany;Třebíč;Kraj Vysočina;590576;3710;CZ0634;108;CZ063;CZ-63
CZ-67557;CZ;Česko;67557;Rouchovany;Třebíč;Kraj Vysočina;591629;3710;CZ0634;108;CZ063;CZ-63
CZ-67559;CZ;Česko;67559;Radkovice u Hrotovic;Třebíč;Kraj Vysočina;591548;3710;CZ0634;108;CZ063;CZ-63
CZ-67560;CZ;Česko;67560;Myslibořice;Třebíč;Kraj Vysočina;591190;3710;CZ0634;108;CZ063;CZ-63
CZ-67571;CZ;Česko;67571;Náměšť nad Oslavou;Třebíč;Kraj Vysočina;591211;3710;CZ0634;108;CZ063;CZ-63
CZ-67573;CZ;Česko;67573;Kralice nad Oslavou;Třebíč;Kraj Vysočina;590941;3710;CZ0634;108;CZ063;CZ-63
CZ-67574;CZ;Česko;67574;Březník;Třebíč;Kraj Vysočina;590380;3710;CZ0634;108;CZ063;CZ-63
CZ-67575;CZ;Česko;67575;Mohelno;Třebíč;Kraj Vysočina;591173;3710;CZ0634;108;CZ063;CZ-63
CZ-67576;CZ;Česko;67576;Hartvíkovice;Třebíč;Kraj Vysočina;590584;3710;CZ0634;108;CZ063;CZ-63
CZ-67577;CZ;Česko;67577;Kramolín;Třebíč;Kraj Vysočina;590959;3710;CZ0634;108;CZ063;CZ-63
CZ-67578;CZ;Česko;67578;Čikov;Třebíč;Kraj Vysočina;590495;3710;CZ0634;108;CZ063;CZ-63
CZ-67579;CZ;Česko;67579;Tasov;Žďár nad Sázavou;Kraj Vysočina;591831;3714;CZ0635;108;CZ063;CZ-63
CZ-67602;CZ;Česko;67602;Moravské Budějovice;Třebíč;Kraj Vysočina;591181;3710;CZ0634;108;CZ063;CZ-63
CZ-67801;CZ;Česko;67801;Blansko;Blansko;Jihomoravský kraj;581283;3701;CZ0641;116;CZ064;CZ-64
CZ-67901;CZ;Česko;67901;Voděrady;Blansko;Jihomoravský kraj;582671;3701;CZ0641;116;CZ064;CZ-64
CZ-67902;CZ;Česko;67902;Rájec-Jestřebí;Blansko;Jihomoravský kraj;582239;3701;CZ0641;116;CZ064;CZ-64
CZ-67903;CZ;Česko;67903;Olomučany;Blansko;Jihomoravský kraj;582166;3701;CZ0641;116;CZ064;CZ-64
CZ-67904;CZ;Česko;67904;Adamov;Blansko;Jihomoravský kraj;581291;3701;CZ0641;116;CZ064;CZ-64
CZ-67905;CZ;Česko;67905;Březina;Brno-venkov;Jihomoravský kraj;581429;3703;CZ0643;116;CZ064;CZ-64
CZ-67906;CZ;Česko;67906;Jedovnice;Blansko;Jihomoravský kraj;581682;3701;CZ0641;116;CZ064;CZ-64
CZ-67907;CZ;Česko;67907;Kotvrdovice;Blansko;Jihomoravský kraj;581763;3701;CZ0641;116;CZ064;CZ-64
CZ-67911;CZ;Česko;67911;Doubravice nad Svitavou;Blansko;Jihomoravský kraj;581542;3701;CZ0641;116;CZ064;CZ-64
CZ-67913;CZ;Česko;67913;Sloup;Blansko;Jihomoravský kraj;582352;3701;CZ0641;116;CZ064;CZ-64
CZ-67914;CZ;Česko;67914;Ostrov u Macochy;Blansko;Jihomoravský kraj;582182;3701;CZ0641;116;CZ064;CZ-64
CZ-67915;CZ;Česko;67915;Lipovec;Blansko;Jihomoravský kraj;581950;3701;CZ0641;116;CZ064;CZ-64
CZ-67921;CZ;Česko;67921;Černá Hora;Blansko;Jihomoravský kraj;581496;3701;CZ0641;116;CZ064;CZ-64
CZ-67922;CZ;Česko;67922;Lipůvka;Blansko;Jihomoravský kraj;581968;3701;CZ0641;116;CZ064;CZ-64
CZ-67923;CZ;Česko;67923;Lomnice;Brno-venkov;Jihomoravský kraj;581976;3703;CZ0643;116;CZ064;CZ-64
CZ-67924;CZ;Česko;67924;Unín;Brno-venkov;Jihomoravský kraj;582565;3703;CZ0643;116;CZ064;CZ-64
CZ-67931;CZ;Česko;67931;Sebranice;Blansko;Jihomoravský kraj;582310;3701;CZ0641;116;CZ064;CZ-64
CZ-67932;CZ;Česko;67932;Svitávka;Blansko;Jihomoravský kraj;582441;3701;CZ0641;116;CZ064;CZ-64
CZ-67933;CZ;Česko;67933;Vísky;Blansko;Jihomoravský kraj;582662;3701;CZ0641;116;CZ064;CZ-64
CZ-67934;CZ;Česko;67934;Knínice;Blansko;Jihomoravský kraj;581739;3701;CZ0641;116;CZ064;CZ-64
CZ-67935;CZ;Česko;67935;Šebetov;Blansko;Jihomoravský kraj;582468;3701;CZ0641;116;CZ064;CZ-64
CZ-67936;CZ;Česko;67936;Vanovice;Blansko;Jihomoravský kraj;582590;3701;CZ0641;116;CZ064;CZ-64
CZ-67937;CZ;Česko;67937;Borotín;Blansko;Jihomoravský kraj;581356;3701;CZ0641;116;CZ064;CZ-64
CZ-67938;CZ;Česko;67938;Cetkovice;Blansko;Jihomoravský kraj;581470;3701;CZ0641;116;CZ064;CZ-64
CZ-67939;CZ;Česko;67939;Úsobrno;Blansko;Jihomoravský kraj;582573;3701;CZ0641;116;CZ064;CZ-64
CZ-67951;CZ;Česko;67951;Němčice;Blansko;Jihomoravský kraj;582085;3701;CZ0641;116;CZ064;CZ-64
CZ-67952;CZ;Česko;67952;Žďárná;Blansko;Jihomoravský kraj;582751;3701;CZ0641;116;CZ064;CZ-64
CZ-67953;CZ;Česko;67953;Benešov;Blansko;Jihomoravský kraj;581330;3701;CZ0641;116;CZ064;CZ-64
CZ-67961;CZ;Česko;67961;Letovice;Blansko;Jihomoravský kraj;581917;3701;CZ0641;116;CZ064;CZ-64
CZ-67962;CZ;Česko;67962;Křetín;Blansko;Jihomoravský kraj;581801;3701;CZ0641;116;CZ064;CZ-64
CZ-67963;CZ;Česko;67963;Velké Opatovice;Blansko;Jihomoravský kraj;582646;3701;CZ0641;116;CZ064;CZ-64
CZ-67971;CZ;Česko;67971;Lysice;Blansko;Jihomoravský kraj;582018;3701;CZ0641;116;CZ064;CZ-64
CZ-67972;CZ;Česko;67972;Kunštát;Blansko;Jihomoravský kraj;581879;3701;CZ0641;116;CZ064;CZ-64
CZ-67973;CZ;Česko;67973;Rozseč nad Kunštátem;Blansko;Jihomoravský kraj;582271;3701;CZ0641;116;CZ064;CZ-64
CZ-67974;CZ;Česko;67974;Olešnice;Blansko;Jihomoravský kraj;582158;3701;CZ0641;116;CZ064;CZ-64
CZ-67975;CZ;Česko;67975;Černovice;Blansko;Jihomoravský kraj;581500;3701;CZ0641;116;CZ064;CZ-64
CZ-67976;CZ;Česko;67976;Drnovice;Blansko;Jihomoravský kraj;581551;3701;CZ0641;116;CZ064;CZ-64
CZ-68001;CZ;Česko;68001;Boskovice;Blansko;Jihomoravský kraj;581372;3701;CZ0641;116;CZ064;CZ-64
CZ-68201;CZ;Česko;68201;Vyškov;Vyškov;Jihomoravský kraj;592889;3712;CZ0646;116;CZ064;CZ-64
CZ-68301;CZ;Česko;68301;Rousínov;Vyškov;Jihomoravský kraj;593559;3712;CZ0646;116;CZ064;CZ-64
CZ-68303;CZ;Česko;68303;Luleč;Vyškov;Jihomoravský kraj;593273;3712;CZ0646;116;CZ064;CZ-64
CZ-68304;CZ;Česko;68304;Drnovice;Vyškov;Jihomoravský kraj;593001;3712;CZ0646;116;CZ064;CZ-64
CZ-68305;CZ;Česko;68305;Račice-Pístovice;Vyškov;Jihomoravský kraj;593516;3712;CZ0646;116;CZ064;CZ-64
CZ-68308;CZ;Česko;68308;Studnice;Vyškov;Jihomoravský kraj;593605;3712;CZ0646;116;CZ064;CZ-64
CZ-68321;CZ;Česko;68321;Pustiměř;Vyškov;Jihomoravský kraj;593508;3712;CZ0646;116;CZ064;CZ-64
CZ-68323;CZ;Česko;68323;Ivanovice na Hané;Vyškov;Jihomoravský kraj;593117;3712;CZ0646;116;CZ064;CZ-64
CZ-68333;CZ;Česko;68333;Nesovice;Vyškov;Jihomoravský kraj;593419;3712;CZ0646;116;CZ064;CZ-64
CZ-68335;CZ;Česko;68335;Letonice;Vyškov;Jihomoravský kraj;593257;3712;CZ0646;116;CZ064;CZ-64
CZ-68341;CZ;Česko;68341;Bohdalice-Pavlovice;Vyškov;Jihomoravský kraj;592901;3712;CZ0646;116;CZ064;CZ-64
CZ-68351;CZ;Česko;68351;Holubice;Vyškov;Jihomoravský kraj;550825;3712;CZ0646;116;CZ064;CZ-64
CZ-68352;CZ;Česko;68352;Křenovice;Vyškov;Jihomoravský kraj;593214;3712;CZ0646;116;CZ064;CZ-64
CZ-68354;CZ;Česko;68354;Otnice;Vyškov;Jihomoravský kraj;593478;3712;CZ0646;116;CZ064;CZ-64
CZ-68401;CZ;Česko;68401;Slavkov u Brna;Vyškov;Jihomoravský kraj;593583;3712;CZ0646;116;CZ064;CZ-64
CZ-68501;CZ;Česko;68501;Bučovice;Vyškov;Jihomoravský kraj;592943;3712;CZ0646;116;CZ064;CZ-64
CZ-68601;CZ;Česko;68601;Uherské Hradiště;Uherské Hradiště;Zlínský kraj;592005;3711;CZ0722;141;CZ072;CZ-72
CZ-68603;CZ;Česko;68603;Staré Město;Uherské Hradiště;Zlínský kraj;550752;3711;CZ0722;141;CZ072;CZ-72
CZ-68604;CZ;Česko;68604;Kunovice;Uherské Hradiště;Zlínský kraj;550744;3711;CZ0722;141;CZ072;CZ-72
CZ-68605;CZ;Česko;68605;Uherské Hradiště;Uherské Hradiště;Zlínský kraj;592005;3711;CZ0722;141;CZ072;CZ-72
CZ-68606;CZ;Česko;68606;Uherské Hradiště;Uherské Hradiště;Zlínský kraj;592005;3711;CZ0722;141;CZ072;CZ-72
CZ-68609;CZ;Česko;68609;Uherské Hradiště;Uherské Hradiště;Zlínský kraj;592005;3711;CZ0722;141;CZ072;CZ-72
CZ-68703;CZ;Česko;68703;Babice;Uherské Hradiště;Zlínský kraj;592013;3711;CZ0722;141;CZ072;CZ-72
CZ-68704;CZ;Česko;68704;Traplice;Uherské Hradiště;Zlínský kraj;592706;3711;CZ0722;141;CZ072;CZ-72
CZ-68705;CZ;Česko;68705;Jalubí;Uherské Hradiště;Zlínský kraj;592226;3711;CZ0722;141;CZ072;CZ-72
CZ-68706;CZ;Česko;68706;Velehrad;Uherské Hradiště;Zlínský kraj;592790;3711;CZ0722;141;CZ072;CZ-72
CZ-68707;CZ;Česko;68707;Tupesy;Uherské Hradiště;Zlínský kraj;592722;3711;CZ0722;141;CZ072;CZ-72
CZ-68708;CZ;Česko;68708;Buchlovice;Uherské Hradiště;Zlínský kraj;592102;3711;CZ0722;141;CZ072;CZ-72
CZ-68709;CZ;Česko;68709;Boršice;Uherské Hradiště;Zlínský kraj;592064;3711;CZ0722;141;CZ072;CZ-72
CZ-68710;CZ;Česko;68710;Zlechov;Uherské Hradiště;Zlínský kraj;592862;3711;CZ0722;141;CZ072;CZ-72
CZ-68711;CZ;Česko;68711;Topolná;Uherské Hradiště;Zlínský kraj;592692;3711;CZ0722;141;CZ072;CZ-72
CZ-68712;CZ;Česko;68712;Bílovice;Uherské Hradiště;Zlínský kraj;592030;3711;CZ0722;141;CZ072;CZ-72
CZ-68713;CZ;Česko;68713;Březolupy;Uherské Hradiště;Zlínský kraj;592081;3711;CZ0722;141;CZ072;CZ-72
CZ-68722;CZ;Česko;68722;Ostrožská Nová Ves;Uherské Hradiště;Zlínský kraj;592463;3711;CZ0722;141;CZ072;CZ-72
CZ-68723;CZ;Česko;68723;Ostrožská Lhota;Uherské Hradiště;Zlínský kraj;592455;3711;CZ0722;141;CZ072;CZ-72
CZ-68724;CZ;Česko;68724;Uherský Ostroh;Uherské Hradiště;Zlínský kraj;592749;3711;CZ0722;141;CZ072;CZ-72
CZ-68725;CZ;Česko;68725;Hluk;Uherské Hradiště;Zlínský kraj;592170;3711;CZ0722;141;CZ072;CZ-72
CZ-68731;CZ;Česko;68731;Šumice;Uherské Hradiště;Zlínský kraj;592676;3711;CZ0722;141;CZ072;CZ-72
CZ-68732;CZ;Česko;68732;Nezdenice;Uherské Hradiště;Zlínský kraj;592421;3711;CZ0722;141;CZ072;CZ-72
CZ-68733;CZ;Česko;68733;Hradčovice;Uherské Hradiště;Zlínský kraj;592200;3711;CZ0722;141;CZ072;CZ-72
CZ-68734;CZ;Česko;68734;Uherský Brod;Uherské Hradiště;Zlínský kraj;592731;3711;CZ0722;141;CZ072;CZ-72
CZ-68737;CZ;Česko;68737;Polešovice;Uherské Hradiště;Zlínský kraj;592510;3711;CZ0722;141;CZ072;CZ-72
CZ-68738;CZ;Česko;68738;Nedakonice;Uherské Hradiště;Zlínský kraj;592412;3711;CZ0722;141;CZ072;CZ-72
CZ-68741;CZ;Česko;68741;Medlovice;Uherské Hradiště;Zlínský kraj;592366;3711;CZ0722;141;CZ072;CZ-72
CZ-68742;CZ;Česko;68742;Osvětimany;Uherské Hradiště;Zlínský kraj;592471;3711;CZ0722;141;CZ072;CZ-72
CZ-68751;CZ;Česko;68751;Nivnice;Uherské Hradiště;Zlínský kraj;592439;3711;CZ0722;141;CZ072;CZ-72
CZ-68752;CZ;Česko;68752;Korytná;Uherské Hradiště;Zlínský kraj;592285;3711;CZ0722;141;CZ072;CZ-72
CZ-68753;CZ;Česko;68753;Suchá Loz;Uherské Hradiště;Zlínský kraj;592641;3711;CZ0722;141;CZ072;CZ-72
CZ-68754;CZ;Česko;68754;Bánov;Uherské Hradiště;Zlínský kraj;592021;3711;CZ0722;141;CZ072;CZ-72
CZ-68755;CZ;Česko;68755;Bystřice pod Lopeníkem;Uherské Hradiště;Zlínský kraj;592111;3711;CZ0722;141;CZ072;CZ-72
CZ-68756;CZ;Česko;68756;Prakšice;Uherské Hradiště;Zlínský kraj;592536;3711;CZ0722;141;CZ072;CZ-72
CZ-68761;CZ;Česko;68761;Vlčnov;Uherské Hradiště;Zlínský kraj;592820;3711;CZ0722;141;CZ072;CZ-72
CZ-68762;CZ;Česko;68762;Dolní Němčí;Uherské Hradiště;Zlínský kraj;592145;3711;CZ0722;141;CZ072;CZ-72
CZ-68763;CZ;Česko;68763;Boršice u Blatnice;Uherské Hradiště;Zlínský kraj;592056;3711;CZ0722;141;CZ072;CZ-72
CZ-68764;CZ;Česko;68764;Horní Němčí;Uherské Hradiště;Zlínský kraj;592188;3711;CZ0722;141;CZ072;CZ-72
CZ-68765;CZ;Česko;68765;Strání;Uherské Hradiště;Zlínský kraj;592617;3711;CZ0722;141;CZ072;CZ-72
CZ-68766;CZ;Česko;68766;Strání;Uherské Hradiště;Zlínský kraj;592617;3711;CZ0722;141;CZ072;CZ-72
CZ-68767;CZ;Česko;68767;Březová;Uherské Hradiště;Zlínský kraj;592099;3711;CZ0722;141;CZ072;CZ-72
CZ-68771;CZ;Česko;68771;Bojkovice;Uherské Hradiště;Zlínský kraj;592048;3711;CZ0722;141;CZ072;CZ-72
CZ-68774;CZ;Česko;68774;Starý Hrozenkov;Uherské Hradiště;Zlínský kraj;592609;3711;CZ0722;141;CZ072;CZ-72
CZ-68801;CZ;Česko;68801;Uherský Brod;Uherské Hradiště;Zlínský kraj;592731;3711;CZ0722;141;CZ072;CZ-72
CZ-69002;CZ;Česko;69002;Břeclav;Břeclav;Jihomoravský kraj;584291;3704;CZ0644;116;CZ064;CZ-64
CZ-69003;CZ;Česko;69003;Břeclav;Břeclav;Jihomoravský kraj;584291;3704;CZ0644;116;CZ064;CZ-64
CZ-69006;CZ;Česko;69006;Břeclav;Břeclav;Jihomoravský kraj;584291;3704;CZ0644;116;CZ064;CZ-64
CZ-69101;CZ;Česko;69101;Moravský Žižkov;Břeclav;Jihomoravský kraj;584673;3704;CZ0644;116;CZ064;CZ-64
CZ-69102;CZ;Česko;69102;Velké Bílovice;Břeclav;Jihomoravský kraj;584983;3704;CZ0644;116;CZ064;CZ-64
CZ-69103;CZ;Česko;69103;Rakvice;Břeclav;Jihomoravský kraj;584860;3704;CZ0644;116;CZ064;CZ-64
CZ-69104;CZ;Česko;69104;Přítluky;Břeclav;Jihomoravský kraj;584851;3704;CZ0644;116;CZ064;CZ-64
CZ-69105;CZ;Česko;69105;Zaječí;Břeclav;Jihomoravský kraj;585050;3704;CZ0644;116;CZ064;CZ-64
CZ-69106;CZ;Česko;69106;Velké Pavlovice;Břeclav;Jihomoravský kraj;585017;3704;CZ0644;116;CZ064;CZ-64
CZ-69107;CZ;Česko;69107;Němčičky;Břeclav;Jihomoravský kraj;584703;3704;CZ0644;116;CZ064;CZ-64
CZ-69108;CZ;Česko;69108;Bořetice;Břeclav;Jihomoravský kraj;584347;3704;CZ0644;116;CZ064;CZ-64
CZ-69109;CZ;Česko;69109;Vrbice;Břeclav;Jihomoravský kraj;585041;3704;CZ0644;116;CZ064;CZ-64
CZ-69110;CZ;Česko;69110;Kobylí;Břeclav;Jihomoravský kraj;584568;3704;CZ0644;116;CZ064;CZ-64
CZ-69111;CZ;Česko;69111;Brumovice;Břeclav;Jihomoravský kraj;584363;3704;CZ0644;116;CZ064;CZ-64
CZ-69112;CZ;Česko;69112;Boleradice;Břeclav;Jihomoravský kraj;584321;3704;CZ0644;116;CZ064;CZ-64
CZ-69121;CZ;Česko;69121;Sedlec;Břeclav;Jihomoravský kraj;584878;3704;CZ0644;116;CZ064;CZ-64
CZ-69122;CZ;Česko;69122;Pasohlávky;Brno-venkov;Jihomoravský kraj;584762;3703;CZ0643;116;CZ064;CZ-64
CZ-69123;CZ;Česko;69123;Pohořelice;Brno-venkov;Jihomoravský kraj;584801;3703;CZ0643;116;CZ064;CZ-64
CZ-69124;CZ;Česko;69124;Přibice;Brno-venkov;Jihomoravský kraj;584843;3703;CZ0643;116;CZ064;CZ-64
CZ-69125;CZ;Česko;69125;Vranovice;Brno-venkov;Jihomoravský kraj;585033;3703;CZ0643;116;CZ064;CZ-64
CZ-69126;CZ;Česko;69126;Pouzdřany;Břeclav;Jihomoravský kraj;584835;3704;CZ0644;116;CZ064;CZ-64
CZ-69127;CZ;Česko;69127;Popice;Břeclav;Jihomoravský kraj;584819;3704;CZ0644;116;CZ064;CZ-64
CZ-69129;CZ;Česko;69129;Dolní Věstonice;Břeclav;Jihomoravský kraj;584436;3704;CZ0644;116;CZ064;CZ-64
CZ-69130;CZ;Česko;69130;Vlasatice;Brno-venkov;Jihomoravský kraj;585025;3703;CZ0643;116;CZ064;CZ-64
CZ-69141;CZ;Česko;69141;Břeclav;Břeclav;Jihomoravský kraj;584291;3704;CZ0644;116;CZ064;CZ-64
CZ-69142;CZ;Česko;69142;Valtice;Břeclav;Jihomoravský kraj;584975;3704;CZ0644;116;CZ064;CZ-64
CZ-69143;CZ;Česko;69143;Hlohovec;Břeclav;Jihomoravský kraj;584452;3704;CZ0644;116;CZ064;CZ-64
CZ-69144;CZ;Česko;69144;Lednice;Břeclav;Jihomoravský kraj;584631;3704;CZ0644;116;CZ064;CZ-64
CZ-69145;CZ;Česko;69145;Podivín;Břeclav;Jihomoravský kraj;584797;3704;CZ0644;116;CZ064;CZ-64
CZ-69146;CZ;Česko;69146;Ladná;Břeclav;Jihomoravský kraj;558443;3704;CZ0644;116;CZ064;CZ-64
CZ-69151;CZ;Česko;69151;Lanžhot;Břeclav;Jihomoravský kraj;584622;3704;CZ0644;116;CZ064;CZ-64
CZ-69152;CZ;Česko;69152;Kostice;Břeclav;Jihomoravský kraj;584576;3704;CZ0644;116;CZ064;CZ-64
CZ-69153;CZ;Česko;69153;Tvrdonice;Břeclav;Jihomoravský kraj;584941;3704;CZ0644;116;CZ064;CZ-64
CZ-69154;CZ;Česko;69154;Týnec;Břeclav;Jihomoravský kraj;584959;3704;CZ0644;116;CZ064;CZ-64
CZ-69155;CZ;Česko;69155;Moravská Nová Ves;Břeclav;Jihomoravský kraj;584665;3704;CZ0644;116;CZ064;CZ-64
CZ-69156;CZ;Česko;69156;Hrušky;Břeclav;Jihomoravský kraj;584487;3704;CZ0644;116;CZ064;CZ-64
CZ-69162;CZ;Česko;69162;Uherčice;Břeclav;Jihomoravský kraj;584967;3704;CZ0644;116;CZ064;CZ-64
CZ-69163;CZ;Česko;69163;Velké Němčice;Břeclav;Jihomoravský kraj;585009;3704;CZ0644;116;CZ064;CZ-64
CZ-69164;CZ;Česko;69164;Nosislav;Brno-venkov;Jihomoravský kraj;584720;3703;CZ0643;116;CZ064;CZ-64
CZ-69165;CZ;Česko;69165;Křepice;Břeclav;Jihomoravský kraj;584592;3704;CZ0644;116;CZ064;CZ-64
CZ-69167;CZ;Česko;69167;Šakvice;Břeclav;Jihomoravský kraj;584924;3704;CZ0644;116;CZ064;CZ-64
CZ-69168;CZ;Česko;69168;Starovičky;Břeclav;Jihomoravský kraj;584908;3704;CZ0644;116;CZ064;CZ-64
CZ-69171;CZ;Česko;69171;Nikolčice;Břeclav;Jihomoravský kraj;584711;3704;CZ0644;116;CZ064;CZ-64
CZ-69172;CZ;Česko;69172;Klobouky u Brna;Břeclav;Jihomoravský kraj;584550;3704;CZ0644;116;CZ064;CZ-64
CZ-69173;CZ;Česko;69173;Krumvíř;Břeclav;Jihomoravský kraj;584584;3704;CZ0644;116;CZ064;CZ-64
CZ-69174;CZ;Česko;69174;Velké Hostěrádky;Břeclav;Jihomoravský kraj;584991;3704;CZ0644;116;CZ064;CZ-64
CZ-69175;CZ;Česko;69175;Borkovany;Břeclav;Jihomoravský kraj;584339;3704;CZ0644;116;CZ064;CZ-64
CZ-69176;CZ;Česko;69176;Šitbořice;Břeclav;Jihomoravský kraj;584932;3704;CZ0644;116;CZ064;CZ-64
CZ-69181;CZ;Česko;69181;Březí;Břeclav;Jihomoravský kraj;584371;3704;CZ0644;116;CZ064;CZ-64
CZ-69182;CZ;Česko;69182;Novosedly;Břeclav;Jihomoravský kraj;584746;3704;CZ0644;116;CZ064;CZ-64
CZ-69183;CZ;Česko;69183;Drnholec;Břeclav;Jihomoravský kraj;584444;3704;CZ0644;116;CZ064;CZ-64
CZ-69185;CZ;Česko;69185;Dolní Dunajovice;Břeclav;Jihomoravský kraj;584428;3704;CZ0644;116;CZ064;CZ-64
CZ-69186;CZ;Česko;69186;Perná;Břeclav;Jihomoravský kraj;584789;3704;CZ0644;116;CZ064;CZ-64
CZ-69188;CZ;Česko;69188;Milovice;Břeclav;Jihomoravský kraj;584657;3704;CZ0644;116;CZ064;CZ-64
CZ-69189;CZ;Česko;69189;Bulhary;Břeclav;Jihomoravský kraj;584380;3704;CZ0644;116;CZ064;CZ-64
CZ-69201;CZ;Česko;69201;Mikulov;Břeclav;Jihomoravský kraj;584649;3704;CZ0644;116;CZ064;CZ-64
CZ-69301;CZ;Česko;69301;Hustopeče;Břeclav;Jihomoravský kraj;584495;3704;CZ0644;116;CZ064;CZ-64
CZ-69501;CZ;Česko;69501;Hodonín;Hodonín;Jihomoravský kraj;586021;3706;CZ0645;116;CZ064;CZ-64
CZ-69601;CZ;Česko;69601;Rohatec;Hodonín;Jihomoravský kraj;586528;3706;CZ0645;116;CZ064;CZ-64
CZ-69602;CZ;Česko;69602;Ratíškovice;Hodonín;Jihomoravský kraj;586510;3706;CZ0645;116;CZ064;CZ-64
CZ-69603;CZ;Česko;69603;Dubňany;Hodonín;Jihomoravský kraj;586161;3706;CZ0645;116;CZ064;CZ-64
CZ-69604;CZ;Česko;69604;Svatobořice-Mistřín;Hodonín;Jihomoravský kraj;586625;3706;CZ0645;116;CZ064;CZ-64
CZ-69605;CZ;Česko;69605;Milotice;Hodonín;Jihomoravský kraj;586382;3706;CZ0645;116;CZ064;CZ-64
CZ-69606;CZ;Česko;69606;Vacenovice;Hodonín;Jihomoravský kraj;586706;3706;CZ0645;116;CZ064;CZ-64
CZ-69611;CZ;Česko;69611;Mutěnice;Hodonín;Jihomoravský kraj;586412;3706;CZ0645;116;CZ064;CZ-64
CZ-69612;CZ;Česko;69612;Hovorany;Hodonín;Jihomoravský kraj;586170;3706;CZ0645;116;CZ064;CZ-64
CZ-69613;CZ;Česko;69613;Šardice;Hodonín;Jihomoravský kraj;586641;3706;CZ0645;116;CZ064;CZ-64
CZ-69614;CZ;Česko;69614;Čejč;Hodonín;Jihomoravský kraj;586099;3706;CZ0645;116;CZ064;CZ-64
CZ-69615;CZ;Česko;69615;Čejkovice;Hodonín;Jihomoravský kraj;586102;3706;CZ0645;116;CZ064;CZ-64
CZ-69616;CZ;Česko;69616;Starý Poddvorov;Hodonín;Jihomoravský kraj;586561;3706;CZ0645;116;CZ064;CZ-64
CZ-69617;CZ;Česko;69617;Dolní Bojanovice;Hodonín;Jihomoravský kraj;586137;3706;CZ0645;116;CZ064;CZ-64
CZ-69618;CZ;Česko;69618;Lužice;Hodonín;Jihomoravský kraj;586358;3706;CZ0645;116;CZ064;CZ-64
CZ-69619;CZ;Česko;69619;Mikulčice;Hodonín;Jihomoravský kraj;586374;3706;CZ0645;116;CZ064;CZ-64
CZ-69621;CZ;Česko;69621;Prušánky;Hodonín;Jihomoravský kraj;586498;3706;CZ0645;116;CZ064;CZ-64
CZ-69631;CZ;Česko;69631;Bukovany;Hodonín;Jihomoravský kraj;586072;3706;CZ0645;116;CZ064;CZ-64
CZ-69632;CZ;Česko;69632;Ždánice;Hodonín;Jihomoravský kraj;586803;3706;CZ0645;116;CZ064;CZ-64
CZ-69633;CZ;Česko;69633;Archlebov;Hodonín;Jihomoravský kraj;586030;3706;CZ0645;116;CZ064;CZ-64
CZ-69634;CZ;Česko;69634;Žarošice;Hodonín;Jihomoravský kraj;586790;3706;CZ0645;116;CZ064;CZ-64
CZ-69635;CZ;Česko;69635;Dambořice;Hodonín;Jihomoravský kraj;586129;3706;CZ0645;116;CZ064;CZ-64
CZ-69636;CZ;Česko;69636;Násedlovice;Hodonín;Jihomoravský kraj;586421;3706;CZ0645;116;CZ064;CZ-64
CZ-69637;CZ;Česko;69637;Želetice;Hodonín;Jihomoravský kraj;586811;3706;CZ0645;116;CZ064;CZ-64
CZ-69638;CZ;Česko;69638;Strážovice;Hodonín;Jihomoravský kraj;586595;3706;CZ0645;116;CZ064;CZ-64
CZ-69639;CZ;Česko;69639;Lovčice;Hodonín;Jihomoravský kraj;586340;3706;CZ0645;116;CZ064;CZ-64
CZ-69641;CZ;Česko;69641;Vlkoš;Hodonín;Jihomoravský kraj;586749;3706;CZ0645;116;CZ064;CZ-64
CZ-69642;CZ;Česko;69642;Vracov;Hodonín;Jihomoravský kraj;586765;3706;CZ0645;116;CZ064;CZ-64
CZ-69647;CZ;Česko;69647;Žeravice;Hodonín;Jihomoravský kraj;586820;3706;CZ0645;116;CZ064;CZ-64
CZ-69648;CZ;Česko;69648;Vřesovice;Hodonín;Jihomoravský kraj;586773;3706;CZ0645;116;CZ064;CZ-64
CZ-69649;CZ;Česko;69649;Žádovice;Hodonín;Jihomoravský kraj;586781;3706;CZ0645;116;CZ064;CZ-64
CZ-69650;CZ;Česko;69650;Moravany;Hodonín;Jihomoravský kraj;586391;3706;CZ0645;116;CZ064;CZ-64
CZ-69651;CZ;Česko;69651;Kostelec;Hodonín;Jihomoravský kraj;586277;3706;CZ0645;116;CZ064;CZ-64
CZ-69655;CZ;Česko;69655;Kyjov;Hodonín;Jihomoravský kraj;586307;3706;CZ0645;116;CZ064;CZ-64
CZ-69661;CZ;Česko;69661;Vnorovy;Hodonín;Jihomoravský kraj;586757;3706;CZ0645;116;CZ064;CZ-64
CZ-69662;CZ;Česko;69662;Strážnice;Hodonín;Jihomoravský kraj;586587;3706;CZ0645;116;CZ064;CZ-64
CZ-69663;CZ;Česko;69663;Hroznová Lhota;Hodonín;Jihomoravský kraj;586188;3706;CZ0645;116;CZ064;CZ-64
CZ-69664;CZ;Česko;69664;Kněždub;Hodonín;Jihomoravský kraj;586269;3706;CZ0645;116;CZ064;CZ-64
CZ-69665;CZ;Česko;69665;Petrov;Hodonín;Jihomoravský kraj;586480;3706;CZ0645;116;CZ064;CZ-64
CZ-69666;CZ;Česko;69666;Sudoměřice;Hodonín;Jihomoravský kraj;586609;3706;CZ0645;116;CZ064;CZ-64
CZ-69667;CZ;Česko;69667;Radějov;Hodonín;Jihomoravský kraj;586501;3706;CZ0645;116;CZ064;CZ-64
CZ-69671;CZ;Česko;69671;Blatnice pod Svatým Antonínkem;Hodonín;Jihomoravský kraj;586048;3706;CZ0645;116;CZ064;CZ-64
CZ-69672;CZ;Česko;69672;Lipov;Hodonín;Jihomoravský kraj;586323;3706;CZ0645;116;CZ064;CZ-64
CZ-69673;CZ;Česko;69673;Hrubá Vrbka;Hodonín;Jihomoravský kraj;586196;3706;CZ0645;116;CZ064;CZ-64
CZ-69674;CZ;Česko;69674;Velká nad Veličkou;Hodonín;Jihomoravský kraj;586714;3706;CZ0645;116;CZ064;CZ-64
CZ-69676;CZ;Česko;69676;Louka;Hodonín;Jihomoravský kraj;586331;3706;CZ0645;116;CZ064;CZ-64
CZ-69681;CZ;Česko;69681;Bzenec;Hodonín;Jihomoravský kraj;586081;3706;CZ0645;116;CZ064;CZ-64
CZ-69683;CZ;Česko;69683;Domanín;Hodonín;Jihomoravský kraj;586145;3706;CZ0645;116;CZ064;CZ-64
CZ-69684;CZ;Česko;69684;Těmice;Hodonín;Jihomoravský kraj;586668;3706;CZ0645;116;CZ064;CZ-64
CZ-69685;CZ;Česko;69685;Moravský Písek;Hodonín;Jihomoravský kraj;586404;3706;CZ0645;116;CZ064;CZ-64
CZ-69701;CZ;Česko;69701;Kyjov;Hodonín;Jihomoravský kraj;586307;3706;CZ0645;116;CZ064;CZ-64
CZ-69801;CZ;Česko;69801;Veselí nad Moravou;Hodonín;Jihomoravský kraj;586722;3706;CZ0645;116;CZ064;CZ-64
CZ-70030;CZ;Česko;70030;Ostrava;Ostrava-město;Moravskoslezský kraj;554821;3807;CZ0806;132;CZ080;CZ-80
CZ-70200;CZ;Česko;70200;Ostrava;Ostrava-město;Moravskoslezský kraj;554821;3807;CZ0806;132;CZ080;CZ-80
CZ-70300;CZ;Česko;70300;Ostrava;Ostrava-město;Moravskoslezský kraj;554821;3807;CZ0806;132;CZ080;CZ-80
CZ-70800;CZ;Česko;70800;Ostrava;Ostrava-město;Moravskoslezský kraj;554821;3807;CZ0806;132;CZ080;CZ-80
CZ-70900;CZ;Česko;70900;Ostrava;Ostrava-město;Moravskoslezský kraj;554821;3807;CZ0806;132;CZ080;CZ-80
CZ-71000;CZ;Česko;71000;Ostrava;Ostrava-město;Moravskoslezský kraj;554821;3807;CZ0806;132;CZ080;CZ-80
CZ-71100;CZ;Česko;71100;Ostrava;Ostrava-město;Moravskoslezský kraj;554821;3807;CZ0806;132;CZ080;CZ-80
CZ-71200;CZ;Česko;71200;Ostrava;Ostrava-město;Moravskoslezský kraj;554821;3807;CZ0806;132;CZ080;CZ-80
CZ-71300;CZ;Česko;71300;Ostrava;Ostrava-město;Moravskoslezský kraj;554821;3807;CZ0806;132;CZ080;CZ-80
CZ-71500;CZ;Česko;71500;Ostrava;Ostrava-město;Moravskoslezský kraj;554821;3807;CZ0806;132;CZ080;CZ-80
CZ-71600;CZ;Česko;71600;Ostrava;Ostrava-město;Moravskoslezský kraj;554821;3807;CZ0806;132;CZ080;CZ-80
CZ-71700;CZ;Česko;71700;Ostrava;Ostrava-město;Moravskoslezský kraj;554821;3807;CZ0806;132;CZ080;CZ-80
CZ-71800;CZ;Česko;71800;Ostrava;Ostrava-město;Moravskoslezský kraj;554821;3807;CZ0806;132;CZ080;CZ-80
CZ-71900;CZ;Česko;71900;Ostrava;Ostrava-město;Moravskoslezský kraj;554821;3807;CZ0806;132;CZ080;CZ-80
CZ-72000;CZ;Česko;72000;Ostrava;Ostrava-město;Moravskoslezský kraj;554821;3807;CZ0806;132;CZ080;CZ-80
CZ-72100;CZ;Česko;72100;Ostrava;Ostrava-město;Moravskoslezský kraj;554821;3807;CZ0806;132;CZ080;CZ-80
CZ-72200;CZ;Česko;72200;Ostrava;Ostrava-město;Moravskoslezský kraj;554821;3807;CZ0806;132;CZ080;CZ-80
CZ-72300;CZ;Česko;72300;Ostrava;Ostrava-město;Moravskoslezský kraj;554821;3807;CZ0806;132;CZ080;CZ-80
CZ-72400;CZ;Česko;72400;Ostrava;Ostrava-město;Moravskoslezský kraj;554821;3807;CZ0806;132;CZ080;CZ-80
CZ-72525;CZ;Česko;72525;Ostrava;Ostrava-město;Moravskoslezský kraj;554821;3807;CZ0806;132;CZ080;CZ-80
CZ-72526;CZ;Česko;72526;Ostrava;Ostrava-město;Moravskoslezský kraj;554821;3807;CZ0806;132;CZ080;CZ-80
CZ-72527;CZ;Česko;72527;Ostrava;Ostrava-město;Moravskoslezský kraj;554821;3807;CZ0806;132;CZ080;CZ-80
CZ-72528;CZ;Česko;72528;Ostrava;Ostrava-město;Moravskoslezský kraj;554821;3807;CZ0806;132;CZ080;CZ-80
CZ-72529;CZ;Česko;72529;Ostrava;Ostrava-město;Moravskoslezský kraj;554821;3807;CZ0806;132;CZ080;CZ-80
CZ-73301;CZ;Česko;73301;Karviná;Karviná;Moravskoslezský kraj;598917;3803;CZ0803;132;CZ080;CZ-80
CZ-73401;CZ;Česko;73401;Karviná;Karviná;Moravskoslezský kraj;598917;3803;CZ0803;132;CZ080;CZ-80
CZ-73503;CZ;Česko;73503;Karviná;Karviná;Moravskoslezský kraj;598917;3803;CZ0803;132;CZ080;CZ-80
CZ-73506;CZ;Česko;73506;Karviná;Karviná;Moravskoslezský kraj;598917;3803;CZ0803;132;CZ080;CZ-80
CZ-73511;CZ;Česko;73511;Orlová;Karviná;Moravskoslezský kraj;599069;3803;CZ0803;132;CZ080;CZ-80
CZ-73514;CZ;Česko;73514;Orlová;Karviná;Moravskoslezský kraj;599069;3803;CZ0803;132;CZ080;CZ-80
CZ-73531;CZ;Česko;73531;Bohumín;Karviná;Moravskoslezský kraj;599051;3803;CZ0803;132;CZ080;CZ-80
CZ-73532;CZ;Česko;73532;Rychvald;Karviná;Moravskoslezský kraj;599107;3803;CZ0803;132;CZ080;CZ-80
CZ-73533;CZ;Česko;73533;Doubrava;Karviná;Moravskoslezský kraj;568864;3803;CZ0803;132;CZ080;CZ-80
CZ-73534;CZ;Česko;73534;Stonava;Karviná;Moravskoslezský kraj;599140;3803;CZ0803;132;CZ080;CZ-80
CZ-73535;CZ;Česko;73535;Horní Suchá;Karviná;Moravskoslezský kraj;552739;3803;CZ0803;132;CZ080;CZ-80
CZ-73541;CZ;Česko;73541;Petřvald;Karviná;Moravskoslezský kraj;599085;3803;CZ0803;132;CZ080;CZ-80
CZ-73542;CZ;Česko;73542;Těrlicko;Karviná;Moravskoslezský kraj;599158;3803;CZ0803;132;CZ080;CZ-80
CZ-73543;CZ;Česko;73543;Albrechtice;Karviná;Moravskoslezský kraj;598925;3803;CZ0803;132;CZ080;CZ-80
CZ-73551;CZ;Česko;73551;Bohumín;Karviná;Moravskoslezský kraj;599051;3803;CZ0803;132;CZ080;CZ-80
CZ-73552;CZ;Česko;73552;Bohumín;Karviná;Moravskoslezský kraj;599051;3803;CZ0803;132;CZ080;CZ-80
CZ-73553;CZ;Česko;73553;Dolní Lutyně;Karviná;Moravskoslezský kraj;598968;3803;CZ0803;132;CZ080;CZ-80
CZ-73561;CZ;Česko;73561;Chotěbuz;Karviná;Moravskoslezský kraj;555291;3803;CZ0803;132;CZ080;CZ-80
CZ-73562;CZ;Česko;73562;Český Těšín;Karviná;Moravskoslezský kraj;598933;3803;CZ0803;132;CZ080;CZ-80
CZ-73564;CZ;Česko;73564;Havířov;Karviná;Moravskoslezský kraj;555088;3803;CZ0803;132;CZ080;CZ-80
CZ-73571;CZ;Česko;73571;Dětmarovice;Karviná;Moravskoslezský kraj;598941;3803;CZ0803;132;CZ080;CZ-80
CZ-73572;CZ;Česko;73572;Petrovice u Karviné;Karviná;Moravskoslezský kraj;599077;3803;CZ0803;132;CZ080;CZ-80
CZ-73581;CZ;Česko;73581;Bohumín;Karviná;Moravskoslezský kraj;599051;3803;CZ0803;132;CZ080;CZ-80
CZ-73601;CZ;Česko;73601;Havířov;Karviná;Moravskoslezský kraj;555088;3803;CZ0803;132;CZ080;CZ-80
CZ-73701;CZ;Česko;73701;Český Těšín;Karviná;Moravskoslezský kraj;598933;3803;CZ0803;132;CZ080;CZ-80
CZ-73801;CZ;Česko;73801;Frýdek-Místek;Frýdek-Místek;Moravskoslezský kraj;598003;3802;CZ0802;132;CZ080;CZ-80
CZ-73901;CZ;Česko;73901;Baška;Frýdek-Místek;Moravskoslezský kraj;598011;3802;CZ0802;132;CZ080;CZ-80
CZ-73904;CZ;Česko;73904;Morávka;Frýdek-Místek;Moravskoslezský kraj;598445;3802;CZ0802;132;CZ080;CZ-80
CZ-73911;CZ;Česko;73911;Frýdlant nad Ostravicí;Frýdek-Místek;Moravskoslezský kraj;598143;3802;CZ0802;132;CZ080;CZ-80
CZ-73912;CZ;Česko;73912;Čeladná;Frýdek-Místek;Moravskoslezský kraj;598071;3802;CZ0802;132;CZ080;CZ-80
CZ-73913;CZ;Česko;73913;Kunčice pod Ondřejníkem;Frýdek-Místek;Moravskoslezský kraj;598356;3802;CZ0802;132;CZ080;CZ-80
CZ-73914;CZ;Česko;73914;Ostravice;Frýdek-Místek;Moravskoslezský kraj;598542;3802;CZ0802;132;CZ080;CZ-80
CZ-73915;CZ;Česko;73915;Staré Hamry;Frýdek-Místek;Moravskoslezský kraj;598747;3802;CZ0802;132;CZ080;CZ-80
CZ-73921;CZ;Česko;73921;Paskov;Frýdek-Místek;Moravskoslezský kraj;598569;3802;CZ0802;132;CZ080;CZ-80
CZ-73923;CZ;Česko;73923;Stará Ves nad Ondřejnicí;Ostrava-město;Moravskoslezský kraj;598739;3807;CZ0806;132;CZ080;CZ-80
CZ-73924;CZ;Česko;73924;Krmelín;Frýdek-Místek;Moravskoslezský kraj;598348;3802;CZ0802;132;CZ080;CZ-80
CZ-73925;CZ;Česko;73925;Sviadnov;Frýdek-Místek;Moravskoslezský kraj;569631;3802;CZ0802;132;CZ080;CZ-80
CZ-73932;CZ;Česko;73932;Vratimov;Ostrava-město;Moravskoslezský kraj;598879;3807;CZ0806;132;CZ080;CZ-80
CZ-73934;CZ;Česko;73934;Šenov;Ostrava-město;Moravskoslezský kraj;598798;3807;CZ0806;132;CZ080;CZ-80
CZ-73936;CZ;Česko;73936;Sedliště;Frýdek-Místek;Moravskoslezský kraj;598674;3802;CZ0802;132;CZ080;CZ-80
CZ-73937;CZ;Česko;73937;Horní Bludovice;Karviná;Moravskoslezský kraj;598178;3803;CZ0803;132;CZ080;CZ-80
CZ-73938;CZ;Česko;73938;Dolní Domaslavice;Frýdek-Místek;Moravskoslezský kraj;598101;3802;CZ0802;132;CZ080;CZ-80
CZ-73939;CZ;Česko;73939;Lučina;Frýdek-Místek;Moravskoslezský kraj;598399;3802;CZ0802;132;CZ080;CZ-80
CZ-73941;CZ;Česko;73941;Palkovice;Frýdek-Místek;Moravskoslezský kraj;598551;3802;CZ0802;132;CZ080;CZ-80
CZ-73942;CZ;Česko;73942;Frýdek-Místek;Frýdek-Místek;Moravskoslezský kraj;598003;3802;CZ0802;132;CZ080;CZ-80
CZ-73943;CZ;Česko;73943;Staříč;Frýdek-Místek;Moravskoslezský kraj;552569;3802;CZ0802;132;CZ080;CZ-80
CZ-73944;CZ;Česko;73944;Brušperk;Frýdek-Místek;Moravskoslezský kraj;598038;3802;CZ0802;132;CZ080;CZ-80
CZ-73945;CZ;Česko;73945;Fryčovice;Frýdek-Místek;Moravskoslezský kraj;598135;3802;CZ0802;132;CZ080;CZ-80
CZ-73946;CZ;Česko;73946;Hukvaldy;Frýdek-Místek;Moravskoslezský kraj;598691;3802;CZ0802;132;CZ080;CZ-80
CZ-73947;CZ;Česko;73947;Kozlovice;Frýdek-Místek;Moravskoslezský kraj;598321;3802;CZ0802;132;CZ080;CZ-80
CZ-73949;CZ;Česko;73949;Metylovice;Frýdek-Místek;Moravskoslezský kraj;512184;3802;CZ0802;132;CZ080;CZ-80
CZ-73951;CZ;Česko;73951;Dobrá;Frýdek-Místek;Moravskoslezský kraj;598089;3802;CZ0802;132;CZ080;CZ-80
CZ-73953;CZ;Česko;73953;Komorní Lhotka;Frýdek-Místek;Moravskoslezský kraj;507237;3802;CZ0802;132;CZ080;CZ-80
CZ-73955;CZ;Česko;73955;Řeka;Frýdek-Místek;Moravskoslezský kraj;552640;3802;CZ0802;132;CZ080;CZ-80
CZ-73959;CZ;Česko;73959;Střítež;Frýdek-Místek;Moravskoslezský kraj;552674;3802;CZ0802;132;CZ080;CZ-80
CZ-73961;CZ;Česko;73961;Třinec;Frýdek-Místek;Moravskoslezský kraj;598810;3802;CZ0802;132;CZ080;CZ-80
CZ-73981;CZ;Česko;73981;Milíkov;Frýdek-Místek;Moravskoslezský kraj;507547;3802;CZ0802;132;CZ080;CZ-80
CZ-73984;CZ;Česko;73984;Písek;Frýdek-Místek;Moravskoslezský kraj;512028;3802;CZ0802;132;CZ080;CZ-80
CZ-73985;CZ;Česko;73985;Bukovec;Frýdek-Místek;Moravskoslezský kraj;511935;3802;CZ0802;132;CZ080;CZ-80
CZ-73991;CZ;Česko;73991;Jablunkov;Frýdek-Místek;Moravskoslezský kraj;598259;3802;CZ0802;132;CZ080;CZ-80
CZ-73992;CZ;Česko;73992;Návsí;Frýdek-Místek;Moravskoslezský kraj;554014;3802;CZ0802;132;CZ080;CZ-80
CZ-73994;CZ;Česko;73994;Vendryně;Frýdek-Místek;Moravskoslezský kraj;554928;3802;CZ0802;132;CZ080;CZ-80
CZ-73995;CZ;Česko;73995;Bystřice;Frýdek-Místek;Moravskoslezský kraj;598062;3802;CZ0802;132;CZ080;CZ-80
CZ-73997;CZ;Česko;73997;Hrádek;Frýdek-Místek;Moravskoslezský kraj;512176;3802;CZ0802;132;CZ080;CZ-80
CZ-73998;CZ;Česko;73998;Mosty u Jablunkova;Frýdek-Místek;Moravskoslezský kraj;598453;3802;CZ0802;132;CZ080;CZ-80
CZ-74101;CZ;Česko;74101;Nový Jičín;Nový Jičín;Moravskoslezský kraj;599191;3804;CZ0804;132;CZ080;CZ-80
CZ-74201;CZ;Česko;74201;Suchdol nad Odrou;Nový Jičín;Moravskoslezský kraj;599930;3804;CZ0804;132;CZ080;CZ-80
CZ-74213;CZ;Česko;74213;Studénka;Nový Jičín;Moravskoslezský kraj;599921;3804;CZ0804;132;CZ080;CZ-80
CZ-74221;CZ;Česko;74221;Kopřivnice;Nový Jičín;Moravskoslezský kraj;599565;3804;CZ0804;132;CZ080;CZ-80
CZ-74231;CZ;Česko;74231;Starý Jičín;Nový Jičín;Moravskoslezský kraj;599905;3804;CZ0804;132;CZ080;CZ-80
CZ-74233;CZ;Česko;74233;Jeseník nad Odrou;Nový Jičín;Moravskoslezský kraj;599468;3804;CZ0804;132;CZ080;CZ-80
CZ-74235;CZ;Česko;74235;Odry;Nový Jičín;Moravskoslezský kraj;599701;3804;CZ0804;132;CZ080;CZ-80
CZ-74236;CZ;Česko;74236;Odry;Nový Jičín;Moravskoslezský kraj;599701;3804;CZ0804;132;CZ080;CZ-80
CZ-74237;CZ;Česko;74237;Spálov;Nový Jičín;Moravskoslezský kraj;599867;3804;CZ0804;132;CZ080;CZ-80
CZ-74242;CZ;Česko;74242;Šenov u Nového Jičína;Nový Jičín;Moravskoslezský kraj;554171;3804;CZ0804;132;CZ080;CZ-80
CZ-74243;CZ;Česko;74243;Pustějov;Nový Jičín;Moravskoslezský kraj;568775;3804;CZ0804;132;CZ080;CZ-80
CZ-74245;CZ;Česko;74245;Fulnek;Nový Jičín;Moravskoslezský kraj;599352;3804;CZ0804;132;CZ080;CZ-80
CZ-74247;CZ;Česko;74247;Hladké Životice;Nový Jičín;Moravskoslezský kraj;569666;3804;CZ0804;132;CZ080;CZ-80
CZ-74251;CZ;Česko;74251;Mošnov;Nový Jičín;Moravskoslezský kraj;568686;3804;CZ0804;132;CZ080;CZ-80
CZ-74253;CZ;Česko;74253;Kunín;Nový Jičín;Moravskoslezský kraj;568546;3804;CZ0804;132;CZ080;CZ-80
CZ-74254;CZ;Česko;74254;Bartošovice;Nový Jičín;Moravskoslezský kraj;599212;3804;CZ0804;132;CZ080;CZ-80
CZ-74255;CZ;Česko;74255;Albrechtičky;Nový Jičín;Moravskoslezský kraj;568741;3804;CZ0804;132;CZ080;CZ-80
CZ-74256;CZ;Česko;74256;Sedlnice;Nový Jičín;Moravskoslezský kraj;599832;3804;CZ0804;132;CZ080;CZ-80
CZ-74257;CZ;Česko;74257;Libhošť;Nový Jičín;Moravskoslezský kraj;500046;3804;CZ0804;132;CZ080;CZ-80
CZ-74258;CZ;Česko;74258;Příbor;Nový Jičín;Moravskoslezský kraj;599808;3804;CZ0804;132;CZ080;CZ-80
CZ-74260;CZ;Česko;74260;Petřvald;Nový Jičín;Moravskoslezský kraj;599743;3804;CZ0804;132;CZ080;CZ-80
CZ-74265;CZ;Česko;74265;Rybí;Nový Jičín;Moravskoslezský kraj;568554;3804;CZ0804;132;CZ080;CZ-80
CZ-74266;CZ;Česko;74266;Štramberk;Nový Jičín;Moravskoslezský kraj;599948;3804;CZ0804;132;CZ080;CZ-80
CZ-74267;CZ;Česko;74267;Ženklava;Nový Jičín;Moravskoslezský kraj;568732;3804;CZ0804;132;CZ080;CZ-80
CZ-74271;CZ;Česko;74271;Hodslavice;Nový Jičín;Moravskoslezský kraj;599409;3804;CZ0804;132;CZ080;CZ-80
CZ-74272;CZ;Česko;74272;Mořkov;Nový Jičín;Moravskoslezský kraj;599689;3804;CZ0804;132;CZ080;CZ-80
CZ-74273;CZ;Česko;74273;Veřovice;Nový Jičín;Moravskoslezský kraj;500259;3804;CZ0804;132;CZ080;CZ-80
CZ-74274;CZ;Česko;74274;Tichá;Nový Jičín;Moravskoslezský kraj;599956;3804;CZ0804;132;CZ080;CZ-80
CZ-74275;CZ;Česko;74275;Lichnov;Nový Jičín;Moravskoslezský kraj;599603;3804;CZ0804;132;CZ080;CZ-80
CZ-74281;CZ;Česko;74281;Bravantice;Nový Jičín;Moravskoslezský kraj;556858;3804;CZ0804;132;CZ080;CZ-80
CZ-74282;CZ;Česko;74282;Jistebník;Nový Jičín;Moravskoslezský kraj;599506;3804;CZ0804;132;CZ080;CZ-80
CZ-74283;CZ;Česko;74283;Klimkovice;Ostrava-město;Moravskoslezský kraj;599549;3807;CZ0806;132;CZ080;CZ-80
CZ-74285;CZ;Česko;74285;Vřesina;Ostrava-město;Moravskoslezský kraj;500291;3807;CZ0806;132;CZ080;CZ-80
CZ-74291;CZ;Česko;74291;Velké Albrechtice;Nový Jičín;Moravskoslezský kraj;568422;3804;CZ0804;132;CZ080;CZ-80
CZ-74292;CZ;Česko;74292;Bílovec;Nový Jičín;Moravskoslezský kraj;599247;3804;CZ0804;132;CZ080;CZ-80
CZ-74293;CZ;Česko;74293;Slatina;Nový Jičín;Moravskoslezský kraj;568406;3804;CZ0804;132;CZ080;CZ-80
CZ-74301;CZ;Česko;74301;Bílovec;Nový Jičín;Moravskoslezský kraj;599247;3804;CZ0804;132;CZ080;CZ-80
CZ-74401;CZ;Česko;74401;Frenštát pod Radhoštěm;Nový Jičín;Moravskoslezský kraj;599344;3804;CZ0804;132;CZ080;CZ-80
CZ-74601;CZ;Česko;74601;Opava;Opava;Moravskoslezský kraj;505927;3806;CZ0805;132;CZ080;CZ-80
CZ-74705;CZ;Česko;74705;Opava;Opava;Moravskoslezský kraj;505927;3806;CZ0805;132;CZ080;CZ-80
CZ-74706;CZ;Česko;74706;Opava;Opava;Moravskoslezský kraj;505927;3806;CZ0805;132;CZ080;CZ-80
CZ-74707;CZ;Česko;74707;Opava;Opava;Moravskoslezský kraj;505927;3806;CZ0805;132;CZ080;CZ-80
CZ-74711;CZ;Česko;74711;Kozmice;Opava;Moravskoslezský kraj;547182;3806;CZ0805;132;CZ080;CZ-80
CZ-74714;CZ;Česko;74714;Ludgeřovice;Opava;Moravskoslezský kraj;507971;3806;CZ0805;132;CZ080;CZ-80
CZ-74715;CZ;Česko;74715;Šilheřovice;Opava;Moravskoslezský kraj;510432;3806;CZ0805;132;CZ080;CZ-80
CZ-74716;CZ;Česko;74716;Hať;Opava;Moravskoslezský kraj;568210;3806;CZ0805;132;CZ080;CZ-80
CZ-74717;CZ;Česko;74717;Darkovice;Opava;Moravskoslezský kraj;568228;3806;CZ0805;132;CZ080;CZ-80
CZ-74718;CZ;Česko;74718;Píšť;Opava;Moravskoslezský kraj;509647;3806;CZ0805;132;CZ080;CZ-80
CZ-74719;CZ;Česko;74719;Bohuslavice;Opava;Moravskoslezský kraj;506192;3806;CZ0805;132;CZ080;CZ-80
CZ-74720;CZ;Česko;74720;Vřesina;Opava;Moravskoslezský kraj;568244;3806;CZ0805;132;CZ080;CZ-80
CZ-74721;CZ;Česko;74721;Kravaře;Opava;Moravskoslezský kraj;507580;3806;CZ0805;132;CZ080;CZ-80
CZ-74722;CZ;Česko;74722;Dolní Benešov;Opava;Moravskoslezský kraj;506702;3806;CZ0805;132;CZ080;CZ-80
CZ-74723;CZ;Česko;74723;Bolatice;Opava;Moravskoslezský kraj;506214;3806;CZ0805;132;CZ080;CZ-80
CZ-74724;CZ;Česko;74724;Chuchelná;Opava;Moravskoslezský kraj;507334;3806;CZ0805;132;CZ080;CZ-80
CZ-74725;CZ;Česko;74725;Sudice;Opava;Moravskoslezský kraj;510378;3806;CZ0805;132;CZ080;CZ-80
CZ-74727;CZ;Česko;74727;Kobeřice;Opava;Moravskoslezský kraj;507504;3806;CZ0805;132;CZ080;CZ-80
CZ-74728;CZ;Česko;74728;Štěpánkovice;Opava;Moravskoslezský kraj;510483;3806;CZ0805;132;CZ080;CZ-80
CZ-74731;CZ;Česko;74731;Velké Hoštice;Opava;Moravskoslezský kraj;510939;3806;CZ0805;132;CZ080;CZ-80
CZ-74733;CZ;Česko;74733;Oldřišov;Opava;Moravskoslezský kraj;509574;3806;CZ0805;132;CZ080;CZ-80
CZ-74735;CZ;Česko;74735;Hněvošice;Opava;Moravskoslezský kraj;507105;3806;CZ0805;132;CZ080;CZ-80
CZ-74741;CZ;Česko;74741;Hradec nad Moravicí;Opava;Moravskoslezský kraj;507270;3806;CZ0805;132;CZ080;CZ-80
CZ-74743;CZ;Česko;74743;Větřkovice;Opava;Moravskoslezský kraj;570036;3806;CZ0805;132;CZ080;CZ-80
CZ-74744;CZ;Česko;74744;Březová;Opava;Moravskoslezský kraj;506451;3806;CZ0805;132;CZ080;CZ-80
CZ-74745;CZ;Česko;74745;Skřipov;Opava;Moravskoslezský kraj;510131;3806;CZ0805;132;CZ080;CZ-80
CZ-74747;CZ;Česko;74747;Vítkov;Opava;Moravskoslezský kraj;511021;3806;CZ0805;132;CZ080;CZ-80
CZ-74751;CZ;Česko;74751;Stěbořice;Opava;Moravskoslezský kraj;510343;3806;CZ0805;132;CZ080;CZ-80
CZ-74752;CZ;Česko;74752;Hlavnice;Opava;Moravskoslezský kraj;553093;3806;CZ0805;132;CZ080;CZ-80
CZ-74753;CZ;Česko;74753;Jakartovice;Opava;Moravskoslezský kraj;507377;3806;CZ0805;132;CZ080;CZ-80
CZ-74754;CZ;Česko;74754;Mladecko;Opava;Moravskoslezský kraj;553042;3806;CZ0805;132;CZ080;CZ-80
CZ-74755;CZ;Česko;74755;Jakartovice;Opava;Moravskoslezský kraj;507377;3806;CZ0805;132;CZ080;CZ-80
CZ-74756;CZ;Česko;74756;Dolní Životice;Opava;Moravskoslezský kraj;553051;3806;CZ0805;132;CZ080;CZ-80
CZ-74757;CZ;Česko;74757;Slavkov;Opava;Moravskoslezský kraj;510289;3806;CZ0805;132;CZ080;CZ-80
CZ-74761;CZ;Česko;74761;Raduň;Opava;Moravskoslezský kraj;509841;3806;CZ0805;132;CZ080;CZ-80
CZ-74762;CZ;Česko;74762;Mokré Lazce;Opava;Moravskoslezský kraj;508373;3806;CZ0805;132;CZ080;CZ-80
CZ-74763;CZ;Česko;74763;Hrabyně;Opava;Moravskoslezský kraj;507261;3806;CZ0805;132;CZ080;CZ-80
CZ-74764;CZ;Česko;74764;Velká Polom;Ostrava-město;Moravskoslezský kraj;510882;3807;CZ0806;132;CZ080;CZ-80
CZ-74766;CZ;Česko;74766;Dolní Lhota;Ostrava-město;Moravskoslezský kraj;506711;3807;CZ0806;132;CZ080;CZ-80
CZ-74767;CZ;Česko;74767;Hrabyně;Opava;Moravskoslezský kraj;507261;3806;CZ0805;132;CZ080;CZ-80
CZ-74768;CZ;Česko;74768;Kyjovice;Opava;Moravskoslezský kraj;512907;3806;CZ0805;132;CZ080;CZ-80
CZ-74769;CZ;Česko;74769;Pustá Polom;Opava;Moravskoslezský kraj;509736;3806;CZ0805;132;CZ080;CZ-80
CZ-74770;CZ;Česko;74770;Opava;Opava;Moravskoslezský kraj;505927;3806;CZ0805;132;CZ080;CZ-80
CZ-74771;CZ;Česko;74771;Brumovice;Opava;Moravskoslezský kraj;506320;3806;CZ0805;132;CZ080;CZ-80
CZ-74773;CZ;Česko;74773;Opava;Opava;Moravskoslezský kraj;505927;3806;CZ0805;132;CZ080;CZ-80
CZ-74774;CZ;Česko;74774;Holasovice;Opava;Moravskoslezský kraj;507113;3806;CZ0805;132;CZ080;CZ-80
CZ-74775;CZ;Česko;74775;Velké Heraltice;Opava;Moravskoslezský kraj;510891;3806;CZ0805;132;CZ080;CZ-80
CZ-74781;CZ;Česko;74781;Otice;Opava;Moravskoslezský kraj;509612;3806;CZ0805;132;CZ080;CZ-80
CZ-74782;CZ;Česko;74782;Štáblovice;Opava;Moravskoslezský kraj;568333;3806;CZ0805;132;CZ080;CZ-80
CZ-74784;CZ;Česko;74784;Melč;Opava;Moravskoslezský kraj;508144;3806;CZ0805;132;CZ080;CZ-80
CZ-74786;CZ;Česko;74786;Kružberk;Opava;Moravskoslezský kraj;568180;3806;CZ0805;132;CZ080;CZ-80
CZ-74787;CZ;Česko;74787;Budišov nad Budišovkou;Opava;Moravskoslezský kraj;506460;3806;CZ0805;132;CZ080;CZ-80
CZ-74791;CZ;Česko;74791;Štítina;Opava;Moravskoslezský kraj;510491;3806;CZ0805;132;CZ080;CZ-80
CZ-74792;CZ;Česko;74792;Háj ve Slezsku;Opava;Moravskoslezský kraj;506753;3806;CZ0805;132;CZ080;CZ-80
CZ-74794;CZ;Česko;74794;Dobroslavice;Opava;Moravskoslezský kraj;569895;3806;CZ0805;132;CZ080;CZ-80
CZ-74795;CZ;Česko;74795;Opava;Opava;Moravskoslezský kraj;505927;3806;CZ0805;132;CZ080;CZ-80
CZ-74801;CZ;Česko;74801;Hlučín;Opava;Moravskoslezský kraj;507016;3806;CZ0805;132;CZ080;CZ-80
CZ-74901;CZ;Česko;74901;Vítkov;Opava;Moravskoslezský kraj;511021;3806;CZ0805;132;CZ080;CZ-80
CZ-75002;CZ;Česko;75002;Přerov;Přerov;Olomoucký kraj;511382;3808;CZ0714;124;CZ071;CZ-71
CZ-75101;CZ;Česko;75101;Tovačov;Přerov;Olomoucký kraj;519146;3808;CZ0714;124;CZ071;CZ-71
CZ-75102;CZ;Česko;75102;Troubky;Přerov;Olomoucký kraj;519651;3808;CZ0714;124;CZ071;CZ-71
CZ-75103;CZ;Česko;75103;Brodek u Přerova;Přerov;Olomoucký kraj;512800;3808;CZ0714;124;CZ071;CZ-71
CZ-75104;CZ;Česko;75104;Rokytnice;Přerov;Olomoucký kraj;517607;3808;CZ0714;124;CZ071;CZ-71
CZ-75105;CZ;Česko;75105;Kokory;Přerov;Olomoucký kraj;514152;3808;CZ0714;124;CZ071;CZ-71
CZ-75111;CZ;Česko;75111;Radslavice;Přerov;Olomoucký kraj;517534;3808;CZ0714;124;CZ071;CZ-71
CZ-75114;CZ;Česko;75114;Dřevohostice;Přerov;Olomoucký kraj;513229;3808;CZ0714;124;CZ071;CZ-71
CZ-75115;CZ;Česko;75115;Domaželice;Přerov;Olomoucký kraj;513211;3808;CZ0714;124;CZ071;CZ-71
CZ-75116;CZ;Česko;75116;Želatovice;Přerov;Olomoucký kraj;523640;3808;CZ0714;124;CZ071;CZ-71
CZ-75117;CZ;Česko;75117;Horní Moštěnice;Přerov;Olomoucký kraj;513491;3808;CZ0714;124;CZ071;CZ-71
CZ-75118;CZ;Česko;75118;Říkovice;Přerov;Olomoucký kraj;517666;3808;CZ0714;124;CZ071;CZ-71
CZ-75119;CZ;Česko;75119;Vlkoš;Přerov;Olomoucký kraj;547433;3808;CZ0714;124;CZ071;CZ-71
CZ-75121;CZ;Česko;75121;Prosenice;Přerov;Olomoucký kraj;517151;3808;CZ0714;124;CZ071;CZ-71
CZ-75122;CZ;Česko;75122;Osek nad Bečvou;Přerov;Olomoucký kraj;516619;3808;CZ0714;124;CZ071;CZ-71
CZ-75123;CZ;Česko;75123;Dolní Újezd;Přerov;Olomoucký kraj;513199;3808;CZ0714;124;CZ071;CZ-71
CZ-75124;CZ;Česko;75124;Přerov;Přerov;Olomoucký kraj;511382;3808;CZ0714;124;CZ071;CZ-71
CZ-75125;CZ;Česko;75125;Veselíčko;Přerov;Olomoucký kraj;520420;3808;CZ0714;124;CZ071;CZ-71
CZ-75127;CZ;Česko;75127;Přerov;Přerov;Olomoucký kraj;511382;3808;CZ0714;124;CZ071;CZ-71
CZ-75131;CZ;Česko;75131;Lipník nad Bečvou;Přerov;Olomoucký kraj;514705;3808;CZ0714;124;CZ071;CZ-71
CZ-75144;CZ;Česko;75144;Polkovice;Přerov;Olomoucký kraj;516899;3808;CZ0714;124;CZ071;CZ-71
CZ-75201;CZ;Česko;75201;Kojetín;Přerov;Olomoucký kraj;514055;3808;CZ0714;124;CZ071;CZ-71
CZ-75301;CZ;Česko;75301;Hranice;Přerov;Olomoucký kraj;513750;3808;CZ0714;124;CZ071;CZ-71
CZ-75352;CZ;Česko;75352;Skalička;Přerov;Olomoucký kraj;517747;3808;CZ0714;124;CZ071;CZ-71
CZ-75353;CZ;Česko;75353;Všechovice;Přerov;Olomoucký kraj;521531;3808;CZ0714;124;CZ071;CZ-71
CZ-75354;CZ;Česko;75354;Soběchleby;Přerov;Olomoucký kraj;517844;3808;CZ0714;124;CZ071;CZ-71
CZ-75355;CZ;Česko;75355;Paršovice;Přerov;Olomoucký kraj;516635;3808;CZ0714;124;CZ071;CZ-71
CZ-75356;CZ;Česko;75356;Opatovice;Přerov;Olomoucký kraj;516201;3808;CZ0714;124;CZ071;CZ-71
CZ-75361;CZ;Česko;75361;Hranice;Přerov;Olomoucký kraj;513750;3808;CZ0714;124;CZ071;CZ-71
CZ-75362;CZ;Česko;75362;Potštát;Přerov;Olomoucký kraj;517101;3808;CZ0714;124;CZ071;CZ-71
CZ-75363;CZ;Česko;75363;Střítež nad Ludinou;Přerov;Olomoucký kraj;517909;3808;CZ0714;124;CZ071;CZ-71
CZ-75364;CZ;Česko;75364;Bělotín;Přerov;Olomoucký kraj;512231;3808;CZ0714;124;CZ071;CZ-71
CZ-75365;CZ;Česko;75365;Polom;Přerov;Olomoucký kraj;516911;3808;CZ0714;124;CZ071;CZ-71
CZ-75366;CZ;Česko;75366;Hustopeče nad Bečvou;Přerov;Olomoucký kraj;513768;3808;CZ0714;124;CZ071;CZ-71
CZ-75367;CZ;Česko;75367;Milotice nad Bečvou;Přerov;Olomoucký kraj;515477;3808;CZ0714;124;CZ071;CZ-71
CZ-75368;CZ;Česko;75368;Černotín;Přerov;Olomoucký kraj;513067;3808;CZ0714;124;CZ071;CZ-71
CZ-75501;CZ;Česko;75501;Vsetín;Vsetín;Zlínský kraj;541630;3810;CZ0723;141;CZ072;CZ-72
CZ-75601;CZ;Česko;75601;Hovězí;Vsetín;Zlínský kraj;542768;3810;CZ0723;141;CZ072;CZ-72
CZ-75602;CZ;Česko;75602;Huslenky;Vsetín;Zlínský kraj;542784;3810;CZ0723;141;CZ072;CZ-72
CZ-75603;CZ;Česko;75603;Halenkov;Vsetín;Zlínský kraj;542679;3810;CZ0723;141;CZ072;CZ-72
CZ-75604;CZ;Česko;75604;Nový Hrozenkov;Vsetín;Zlínský kraj;544566;3810;CZ0723;141;CZ072;CZ-72
CZ-75605;CZ;Česko;75605;Karolinka;Vsetín;Zlínský kraj;542911;3810;CZ0723;141;CZ072;CZ-72
CZ-75606;CZ;Česko;75606;Velké Karlovice;Vsetín;Zlínský kraj;545163;3810;CZ0723;141;CZ072;CZ-72
CZ-75607;CZ;Česko;75607;Zděchov;Vsetín;Zlínský kraj;545244;3810;CZ0723;141;CZ072;CZ-72
CZ-75611;CZ;Česko;75611;Valašská Polanka;Vsetín;Zlínský kraj;544990;3810;CZ0723;141;CZ072;CZ-72
CZ-75612;CZ;Česko;75612;Lidečko;Vsetín;Zlínský kraj;544370;3810;CZ0723;141;CZ072;CZ-72
CZ-75614;CZ;Česko;75614;Francova Lhota;Vsetín;Zlínský kraj;542644;3810;CZ0723;141;CZ072;CZ-72
CZ-75621;CZ;Česko;75621;Ratiboř;Vsetín;Zlínský kraj;544787;3810;CZ0723;141;CZ072;CZ-72
CZ-75622;CZ;Česko;75622;Hošťálková;Vsetín;Zlínský kraj;542750;3810;CZ0723;141;CZ072;CZ-72
CZ-75623;CZ;Česko;75623;Jablůnka;Vsetín;Zlínský kraj;542865;3810;CZ0723;141;CZ072;CZ-72
CZ-75624;CZ;Česko;75624;Bystřička;Vsetín;Zlínský kraj;541711;3810;CZ0723;141;CZ072;CZ-72
CZ-75625;CZ;Česko;75625;Růžďka;Vsetín;Zlínský kraj;544850;3810;CZ0723;141;CZ072;CZ-72
CZ-75627;CZ;Česko;75627;Valašská Bystřice;Vsetín;Zlínský kraj;544949;3810;CZ0723;141;CZ072;CZ-72
CZ-75631;CZ;Česko;75631;Liptál;Vsetín;Zlínský kraj;544396;3810;CZ0723;141;CZ072;CZ-72
CZ-75641;CZ;Česko;75641;Lešná;Vsetín;Zlínský kraj;544302;3810;CZ0723;141;CZ072;CZ-72
CZ-75642;CZ;Česko;75642;Choryně;Vsetín;Zlínský kraj;542831;3810;CZ0723;141;CZ072;CZ-72
CZ-75643;CZ;Česko;75643;Kelč;Vsetín;Zlínský kraj;542989;3810;CZ0723;141;CZ072;CZ-72
CZ-75644;CZ;Česko;75644;Loučka;Vsetín;Zlínský kraj;544418;3810;CZ0723;141;CZ072;CZ-72
CZ-75645;CZ;Česko;75645;Branky;Vsetín;Zlínský kraj;541648;3810;CZ0723;141;CZ072;CZ-72
CZ-75651;CZ;Česko;75651;Zašová;Vsetín;Zlínský kraj;545236;3810;CZ0723;141;CZ072;CZ-72
CZ-75652;CZ;Česko;75652;Střítež nad Bečvou;Vsetín;Zlínský kraj;544922;3810;CZ0723;141;CZ072;CZ-72
CZ-75653;CZ;Česko;75653;Vidče;Vsetín;Zlínský kraj;545198;3810;CZ0723;141;CZ072;CZ-72
CZ-75654;CZ;Česko;75654;Zubří;Vsetín;Zlínský kraj;545252;3810;CZ0723;141;CZ072;CZ-72
CZ-75655;CZ;Česko;75655;Dolní Bečva;Vsetín;Zlínský kraj;541800;3810;CZ0723;141;CZ072;CZ-72
CZ-75656;CZ;Česko;75656;Prostřední Bečva;Vsetín;Zlínský kraj;544698;3810;CZ0723;141;CZ072;CZ-72
CZ-75657;CZ;Česko;75657;Horní Bečva;Vsetín;Zlínský kraj;542687;3810;CZ0723;141;CZ072;CZ-72
CZ-75661;CZ;Česko;75661;Rožnov pod Radhoštěm;Vsetín;Zlínský kraj;544841;3810;CZ0723;141;CZ072;CZ-72
CZ-75662;CZ;Česko;75662;Hutisko-Solanec;Vsetín;Zlínský kraj;542814;3810;CZ0723;141;CZ072;CZ-72
CZ-75663;CZ;Česko;75663;Krhová;Vsetín;Zlínský kraj;500062;3810;CZ0723;141;CZ072;CZ-72
CZ-75701;CZ;Česko;75701;Valašské Meziříčí;Vsetín;Zlínský kraj;545058;3810;CZ0723;141;CZ072;CZ-72
CZ-76001;CZ;Česko;76001;Zlín;Zlín;Zlínský kraj;585068;3705;CZ0724;141;CZ072;CZ-72
CZ-76005;CZ;Česko;76005;Zlín;Zlín;Zlínský kraj;585068;3705;CZ0724;141;CZ072;CZ-72
CZ-76301;CZ;Česko;76301;Sazovice;Zlín;Zlínský kraj;585726;3705;CZ0724;141;CZ072;CZ-72
CZ-76302;CZ;Česko;76302;Zlín;Zlín;Zlínský kraj;585068;3705;CZ0724;141;CZ072;CZ-72
CZ-76307;CZ;Česko;76307;Velký Ořechov;Zlín;Zlínský kraj;585912;3705;CZ0724;141;CZ072;CZ-72
CZ-76310;CZ;Česko;76310;Hvozdná;Zlín;Zlínský kraj;585289;3705;CZ0724;141;CZ072;CZ-72
CZ-76311;CZ;Česko;76311;Želechovice nad Dřevnicí;Zlín;Zlínský kraj;500011;3705;CZ0724;141;CZ072;CZ-72
CZ-76312;CZ;Česko;76312;Vizovice;Zlín;Zlínský kraj;585939;3705;CZ0724;141;CZ072;CZ-72
CZ-76313;CZ;Česko;76313;Jasenná;Zlín;Zlínský kraj;585301;3705;CZ0724;141;CZ072;CZ-72
CZ-76314;CZ;Česko;76314;Zlín;Zlín;Zlínský kraj;585068;3705;CZ0724;141;CZ072;CZ-72
CZ-76315;CZ;Česko;76315;Slušovice;Zlín;Zlínský kraj;585777;3705;CZ0724;141;CZ072;CZ-72
CZ-76316;CZ;Česko;76316;Fryšták;Zlín;Zlínský kraj;585211;3705;CZ0724;141;CZ072;CZ-72
CZ-76317;CZ;Česko;76317;Lukov;Zlín;Zlínský kraj;585467;3705;CZ0724;141;CZ072;CZ-72
CZ-76318;CZ;Česko;76318;Trnava;Zlín;Zlínský kraj;585866;3705;CZ0724;141;CZ072;CZ-72
CZ-76319;CZ;Česko;76319;Kašava;Zlín;Zlínský kraj;585343;3705;CZ0724;141;CZ072;CZ-72
CZ-76321;CZ;Česko;76321;Slavičín;Zlín;Zlínský kraj;585751;3705;CZ0724;141;CZ072;CZ-72
CZ-76323;CZ;Česko;76323;Horní Lhota;Zlín;Zlínský kraj;585246;3705;CZ0724;141;CZ072;CZ-72
CZ-76324;CZ;Česko;76324;Vlachovice;Zlín;Zlínský kraj;585955;3705;CZ0724;141;CZ072;CZ-72
CZ-76325;CZ;Česko;76325;Újezd;Zlín;Zlínský kraj;585882;3705;CZ0724;141;CZ072;CZ-72
CZ-76326;CZ;Česko;76326;Luhačovice;Zlín;Zlínský kraj;585459;3705;CZ0724;141;CZ072;CZ-72
CZ-76331;CZ;Česko;76331;Brumov-Bylnice;Zlín;Zlínský kraj;585114;3705;CZ0724;141;CZ072;CZ-72
CZ-76332;CZ;Česko;76332;Nedašov;Zlín;Zlínský kraj;585530;3705;CZ0724;141;CZ072;CZ-72
CZ-76333;CZ;Česko;76333;Štítná nad Vláří-Popov;Zlín;Zlínský kraj;585831;3705;CZ0724;141;CZ072;CZ-72
CZ-76334;CZ;Česko;76334;Brumov-Bylnice;Zlín;Zlínský kraj;585114;3705;CZ0724;141;CZ072;CZ-72
CZ-76341;CZ;Česko;76341;Ludkovice;Zlín;Zlínský kraj;585441;3705;CZ0724;141;CZ072;CZ-72
CZ-76345;CZ;Česko;76345;Provodov;Zlín;Zlínský kraj;585661;3705;CZ0724;141;CZ072;CZ-72
CZ-76351;CZ;Česko;76351;Bohuslavice u Zlína;Zlín;Zlínský kraj;585092;3705;CZ0724;141;CZ072;CZ-72
CZ-76361;CZ;Česko;76361;Napajedla;Zlín;Zlínský kraj;585513;3705;CZ0724;141;CZ072;CZ-72
CZ-76362;CZ;Česko;76362;Tlumačov;Zlín;Zlínský kraj;585858;3705;CZ0724;141;CZ072;CZ-72
CZ-76363;CZ;Česko;76363;Halenkovice;Zlín;Zlínský kraj;585220;3705;CZ0724;141;CZ072;CZ-72
CZ-76364;CZ;Česko;76364;Spytihněv;Zlín;Zlínský kraj;585793;3705;CZ0724;141;CZ072;CZ-72
CZ-76502;CZ;Česko;76502;Otrokovice;Zlín;Zlínský kraj;585599;3705;CZ0724;141;CZ072;CZ-72
CZ-76601;CZ;Česko;76601;Valašské Klobouky;Zlín;Zlínský kraj;585891;3705;CZ0724;141;CZ072;CZ-72
CZ-76701;CZ;Česko;76701;Kroměříž;Kroměříž;Zlínský kraj;588296;3708;CZ0721;141;CZ072;CZ-72
CZ-76801;CZ;Česko;76801;Jarohněvice;Kroměříž;Zlínský kraj;588563;3708;CZ0721;141;CZ072;CZ-72
CZ-76802;CZ;Česko;76802;Zdounky;Kroměříž;Zlínský kraj;589195;3708;CZ0721;141;CZ072;CZ-72
CZ-76803;CZ;Česko;76803;Roštín;Kroměříž;Zlínský kraj;588954;3708;CZ0721;141;CZ072;CZ-72
CZ-76804;CZ;Česko;76804;Střílky;Kroměříž;Zlínský kraj;589039;3708;CZ0721;141;CZ072;CZ-72
CZ-76805;CZ;Česko;76805;Koryčany;Kroměříž;Zlínský kraj;588601;3708;CZ0721;141;CZ072;CZ-72
CZ-76811;CZ;Česko;76811;Chropyně;Kroměříž;Zlínský kraj;588512;3708;CZ0721;141;CZ072;CZ-72
CZ-76812;CZ;Česko;76812;Rataje;Kroměříž;Zlínský kraj;588938;3708;CZ0721;141;CZ072;CZ-72
CZ-76813;CZ;Česko;76813;Litenčice;Kroměříž;Zlínský kraj;588695;3708;CZ0721;141;CZ072;CZ-72
CZ-76821;CZ;Česko;76821;Kvasice;Kroměříž;Zlínský kraj;588644;3708;CZ0721;141;CZ072;CZ-72
CZ-76823;CZ;Česko;76823;Břest;Kroměříž;Zlínský kraj;588385;3708;CZ0721;141;CZ072;CZ-72
CZ-76824;CZ;Česko;76824;Hulín;Kroměříž;Zlínský kraj;588491;3708;CZ0721;141;CZ072;CZ-72
CZ-76831;CZ;Česko;76831;Zlobice;Kroměříž;Zlínský kraj;589217;3708;CZ0721;141;CZ072;CZ-72
CZ-76832;CZ;Česko;76832;Zborovice;Kroměříž;Zlínský kraj;589187;3708;CZ0721;141;CZ072;CZ-72
CZ-76833;CZ;Česko;76833;Morkovice-Slížany;Kroměříž;Zlínský kraj;588768;3708;CZ0721;141;CZ072;CZ-72
CZ-76834;CZ;Česko;76834;Pačlavice;Kroměříž;Zlínský kraj;588849;3708;CZ0721;141;CZ072;CZ-72
CZ-76841;CZ;Česko;76841;Rusava;Kroměříž;Zlínský kraj;588962;3708;CZ0721;141;CZ072;CZ-72
CZ-76842;CZ;Česko;76842;Prusinovice;Kroměříž;Zlínský kraj;588903;3708;CZ0721;141;CZ072;CZ-72
CZ-76843;CZ;Česko;76843;Kostelec u Holešova;Kroměříž;Zlínský kraj;588610;3708;CZ0721;141;CZ072;CZ-72
CZ-76852;CZ;Česko;76852;Míškovice;Kroměříž;Zlínský kraj;588750;3708;CZ0721;141;CZ072;CZ-72
CZ-76861;CZ;Česko;76861;Bystřice pod Hostýnem;Kroměříž;Zlínský kraj;588393;3708;CZ0721;141;CZ072;CZ-72
CZ-76871;CZ;Česko;76871;Rajnochovice;Kroměříž;Zlínský kraj;588920;3708;CZ0721;141;CZ072;CZ-72
CZ-76872;CZ;Česko;76872;Chvalčov;Kroměříž;Zlínský kraj;506737;3708;CZ0721;141;CZ072;CZ-72
CZ-76875;CZ;Česko;76875;Loukov;Kroměříž;Zlínský kraj;588709;3708;CZ0721;141;CZ072;CZ-72
CZ-76901;CZ;Česko;76901;Holešov;Kroměříž;Zlínský kraj;588458;3708;CZ0721;141;CZ072;CZ-72
CZ-77900;CZ;Česko;77900;Olomouc;Olomouc;Olomoucký kraj;500496;3805;CZ0712;124;CZ071;CZ-71
CZ-78301;CZ;Česko;78301;Olomouc;Olomouc;Olomoucký kraj;500496;3805;CZ0712;124;CZ071;CZ-71
CZ-78305;CZ;Česko;78305;Horní Loděnice;Olomouc;Olomoucký kraj;569798;3805;CZ0712;124;CZ071;CZ-71
CZ-78306;CZ;Česko;78306;Domašov nad Bystřicí;Olomouc;Olomoucký kraj;545279;3805;CZ0712;124;CZ071;CZ-71
CZ-78307;CZ;Česko;78307;Město Libavá;Olomouc;Olomoucký kraj;500160;3805;CZ0712;124;CZ071;CZ-71
CZ-78313;CZ;Česko;78313;Štěpánov;Olomouc;Olomoucký kraj;505161;3805;CZ0712;124;CZ071;CZ-71
CZ-78314;CZ;Česko;78314;Bohuňovice;Olomouc;Olomoucký kraj;500852;3805;CZ0712;124;CZ071;CZ-71
CZ-78316;CZ;Česko;78316;Dolany;Olomouc;Olomoucký kraj;501646;3805;CZ0712;124;CZ071;CZ-71
CZ-78321;CZ;Česko;78321;Litovel;Olomouc;Olomoucký kraj;503444;3805;CZ0712;124;CZ071;CZ-71
CZ-78322;CZ;Česko;78322;Cholina;Olomouc;Olomoucký kraj;502839;3805;CZ0712;124;CZ071;CZ-71
CZ-78324;CZ;Česko;78324;Luká;Olomouc;Olomoucký kraj;503622;3805;CZ0712;124;CZ071;CZ-71
CZ-78325;CZ;Česko;78325;Bouzov;Olomouc;Olomoucký kraj;500861;3805;CZ0712;124;CZ071;CZ-71
CZ-78332;CZ;Česko;78332;Náklo;Olomouc;Olomoucký kraj;504441;3805;CZ0712;124;CZ071;CZ-71
CZ-78333;CZ;Česko;78333;Příkazy;Olomouc;Olomoucký kraj;505013;3805;CZ0712;124;CZ071;CZ-71
CZ-78335;CZ;Česko;78335;Horka nad Moravou;Olomouc;Olomoucký kraj;502545;3805;CZ0712;124;CZ071;CZ-71
CZ-78336;CZ;Česko;78336;Křelov-Břuchotín;Olomouc;Olomoucký kraj;554901;3805;CZ0712;124;CZ071;CZ-71
CZ-78342;CZ;Česko;78342;Slatinice;Olomouc;Olomoucký kraj;505111;3805;CZ0712;124;CZ071;CZ-71
CZ-78344;CZ;Česko;78344;Drahanovice;Olomouc;Olomoucký kraj;501751;3805;CZ0712;124;CZ071;CZ-71
CZ-78345;CZ;Česko;78345;Senice na Hané;Olomouc;Olomoucký kraj;505081;3805;CZ0712;124;CZ071;CZ-71
CZ-78346;CZ;Česko;78346;Těšetice;Olomouc;Olomoucký kraj;505269;3805;CZ0712;124;CZ071;CZ-71
CZ-78347;CZ;Česko;78347;Hněvotín;Olomouc;Olomoucký kraj;502235;3805;CZ0712;124;CZ071;CZ-71
CZ-78349;CZ;Česko;78349;Lutín;Olomouc;Olomoucký kraj;503657;3805;CZ0712;124;CZ071;CZ-71
CZ-78353;CZ;Česko;78353;Velká Bystřice;Olomouc;Olomoucký kraj;505609;3805;CZ0712;124;CZ071;CZ-71
CZ-78354;CZ;Česko;78354;Přáslavice;Olomouc;Olomoucký kraj;552411;3805;CZ0712;124;CZ071;CZ-71
CZ-78355;CZ;Česko;78355;Velký Újezd;Olomouc;Olomoucký kraj;505668;3805;CZ0712;124;CZ071;CZ-71
CZ-78356;CZ;Česko;78356;Doloplazy;Olomouc;Olomoucký kraj;568392;3805;CZ0712;124;CZ071;CZ-71
CZ-78357;CZ;Česko;78357;Tršice;Olomouc;Olomoucký kraj;505366;3805;CZ0712;124;CZ071;CZ-71
CZ-78361;CZ;Česko;78361;Hlubočky;Olomouc;Olomoucký kraj;502146;3805;CZ0712;124;CZ071;CZ-71
CZ-78365;CZ;Česko;78365;Hlubočky;Olomouc;Olomoucký kraj;502146;3805;CZ0712;124;CZ071;CZ-71
CZ-78372;CZ;Česko;78372;Velký Týnec;Olomouc;Olomoucký kraj;505650;3805;CZ0712;124;CZ071;CZ-71
CZ-78373;CZ;Česko;78373;Grygov;Olomouc;Olomoucký kraj;501841;3805;CZ0712;124;CZ071;CZ-71
CZ-78375;CZ;Česko;78375;Dub nad Moravou;Olomouc;Olomoucký kraj;501794;3805;CZ0712;124;CZ071;CZ-71
CZ-78383;CZ;Česko;78383;Troubelice;Olomouc;Olomoucký kraj;505293;3805;CZ0712;124;CZ071;CZ-71
CZ-78385;CZ;Česko;78385;Šumvald;Olomouc;Olomoucký kraj;505218;3805;CZ0712;124;CZ071;CZ-71
CZ-78386;CZ;Česko;78386;Dlouhá Loučka;Olomouc;Olomoucký kraj;501476;3805;CZ0712;124;CZ071;CZ-71
CZ-78391;CZ;Česko;78391;Uničov;Olomouc;Olomoucký kraj;505587;3805;CZ0712;124;CZ071;CZ-71
CZ-78396;CZ;Česko;78396;Újezd;Olomouc;Olomoucký kraj;505501;3805;CZ0712;124;CZ071;CZ-71
CZ-78397;CZ;Česko;78397;Paseka;Olomouc;Olomoucký kraj;504785;3805;CZ0712;124;CZ071;CZ-71
CZ-78401;CZ;Česko;78401;Litovel;Olomouc;Olomoucký kraj;503444;3805;CZ0712;124;CZ071;CZ-71
CZ-78501;CZ;Česko;78501;Šternberk;Olomouc;Olomoucký kraj;505188;3805;CZ0712;124;CZ071;CZ-71
CZ-78701;CZ;Česko;78701;Šumperk;Šumperk;Olomoucký kraj;523704;3809;CZ0715;124;CZ071;CZ-71
CZ-78801;CZ;Česko;78801;Oskava;Šumperk;Olomoucký kraj;540544;3809;CZ0715;124;CZ071;CZ-71
CZ-78803;CZ;Česko;78803;Nový Malín;Šumperk;Olomoucký kraj;540501;3809;CZ0715;124;CZ071;CZ-71
CZ-78804;CZ;Česko;78804;Hrabišín;Šumperk;Olomoucký kraj;536091;3809;CZ0715;124;CZ071;CZ-71
CZ-78805;CZ;Česko;78805;Libina;Šumperk;Olomoucký kraj;539961;3809;CZ0715;124;CZ071;CZ-71
CZ-78811;CZ;Česko;78811;Loučná nad Desnou;Šumperk;Olomoucký kraj;540226;3809;CZ0715;124;CZ071;CZ-71
CZ-78813;CZ;Česko;78813;Vikýřovice;Šumperk;Olomoucký kraj;569445;3809;CZ0715;124;CZ071;CZ-71
CZ-78814;CZ;Česko;78814;Rapotín;Šumperk;Olomoucký kraj;540862;3809;CZ0715;124;CZ071;CZ-71
CZ-78815;CZ;Česko;78815;Velké Losiny;Šumperk;Olomoucký kraj;541265;3809;CZ0715;124;CZ071;CZ-71
CZ-78816;CZ;Česko;78816;Sobotín;Šumperk;Olomoucký kraj;540986;3809;CZ0715;124;CZ071;CZ-71
CZ-78820;CZ;Česko;78820;Dolní Studénky;Šumperk;Olomoucký kraj;553379;3809;CZ0715;124;CZ071;CZ-71
CZ-78821;CZ;Česko;78821;Sudkov;Šumperk;Olomoucký kraj;541109;3809;CZ0715;124;CZ071;CZ-71
CZ-78823;CZ;Česko;78823;Jindřichov;Šumperk;Olomoucký kraj;536521;3809;CZ0715;124;CZ071;CZ-71
CZ-78825;CZ;Česko;78825;Ostružná;Jeseník;Olomoucký kraj;569330;3811;CZ0711;124;CZ071;CZ-71
CZ-78832;CZ;Česko;78832;Staré Město;Šumperk;Olomoucký kraj;541079;3809;CZ0715;124;CZ071;CZ-71
CZ-78833;CZ;Česko;78833;Hanušovice;Šumperk;Olomoucký kraj;535532;3809;CZ0715;124;CZ071;CZ-71
CZ-78901;CZ;Česko;78901;Zábřeh;Šumperk;Olomoucký kraj;541354;3809;CZ0715;124;CZ071;CZ-71
CZ-78961;CZ;Česko;78961;Bludov;Šumperk;Olomoucký kraj;525588;3809;CZ0715;124;CZ071;CZ-71
CZ-78962;CZ;Česko;78962;Olšany;Šumperk;Olomoucký kraj;540510;3809;CZ0715;124;CZ071;CZ-71
CZ-78963;CZ;Česko;78963;Ruda nad Moravou;Šumperk;Olomoucký kraj;540978;3809;CZ0715;124;CZ071;CZ-71
CZ-78964;CZ;Česko;78964;Bohdíkov;Šumperk;Olomoucký kraj;525804;3809;CZ0715;124;CZ071;CZ-71
CZ-78969;CZ;Česko;78969;Postřelmov;Šumperk;Olomoucký kraj;540773;3809;CZ0715;124;CZ071;CZ-71
CZ-78971;CZ;Česko;78971;Leština;Šumperk;Olomoucký kraj;537713;3809;CZ0715;124;CZ071;CZ-71
CZ-78972;CZ;Česko;78972;Dubicko;Šumperk;Olomoucký kraj;534927;3809;CZ0715;124;CZ071;CZ-71
CZ-78973;CZ;Česko;78973;Úsov;Šumperk;Olomoucký kraj;541222;3809;CZ0715;124;CZ071;CZ-71
CZ-78974;CZ;Česko;78974;Rohle;Šumperk;Olomoucký kraj;540871;3809;CZ0715;124;CZ071;CZ-71
CZ-78975;CZ;Česko;78975;Brníčko;Šumperk;Olomoucký kraj;530727;3809;CZ0715;124;CZ071;CZ-71
CZ-78982;CZ;Česko;78982;Moravičany;Šumperk;Olomoucký kraj;540480;3809;CZ0715;124;CZ071;CZ-71
CZ-78983;CZ;Česko;78983;Loštice;Šumperk;Olomoucký kraj;540196;3809;CZ0715;124;CZ071;CZ-71
CZ-78985;CZ;Česko;78985;Mohelnice;Šumperk;Olomoucký kraj;540471;3809;CZ0715;124;CZ071;CZ-71
CZ-78991;CZ;Česko;78991;Štíty;Šumperk;Olomoucký kraj;541168;3809;CZ0715;124;CZ071;CZ-71
CZ-79001;CZ;Česko;79001;Jeseník;Jeseník;Olomoucký kraj;536385;3811;CZ0711;124;CZ071;CZ-71
CZ-79051;CZ;Česko;79051;Supíkovice;Jeseník;Olomoucký kraj;541117;3811;CZ0711;124;CZ071;CZ-71
CZ-79052;CZ;Česko;79052;Velké Kunětice;Jeseník;Olomoucký kraj;569453;3811;CZ0711;124;CZ071;CZ-71
CZ-79053;CZ;Česko;79053;Stará Červená Voda;Jeseník;Olomoucký kraj;541036;3811;CZ0711;124;CZ071;CZ-71
CZ-79054;CZ;Česko;79054;Černá Voda;Jeseník;Olomoucký kraj;533491;3811;CZ0711;124;CZ071;CZ-71
CZ-79055;CZ;Česko;79055;Vidnava;Jeseník;Olomoucký kraj;541303;3811;CZ0711;124;CZ071;CZ-71
CZ-79057;CZ;Česko;79057;Bernartice;Jeseník;Olomoucký kraj;524891;3811;CZ0711;124;CZ071;CZ-71
CZ-79058;CZ;Česko;79058;Velká Kraš;Jeseník;Olomoucký kraj;553468;3811;CZ0711;124;CZ071;CZ-71
CZ-79061;CZ;Česko;79061;Lipová-lázně;Jeseník;Olomoucký kraj;540030;3811;CZ0711;124;CZ071;CZ-71
CZ-79063;CZ;Česko;79063;Lipová-lázně;Jeseník;Olomoucký kraj;540030;3811;CZ0711;124;CZ071;CZ-71
CZ-79064;CZ;Česko;79064;Vápenná;Jeseník;Olomoucký kraj;541249;3811;CZ0711;124;CZ071;CZ-71
CZ-79065;CZ;Česko;79065;Žulová;Jeseník;Olomoucký kraj;541575;3811;CZ0711;124;CZ071;CZ-71
CZ-79069;CZ;Česko;79069;Bílá Voda;Jeseník;Olomoucký kraj;525227;3811;CZ0711;124;CZ071;CZ-71
CZ-79070;CZ;Česko;79070;Javorník;Jeseník;Olomoucký kraj;536148;3811;CZ0711;124;CZ071;CZ-71
CZ-79081;CZ;Česko;79081;Česká Ves;Jeseník;Olomoucký kraj;569356;3811;CZ0711;124;CZ071;CZ-71
CZ-79082;CZ;Česko;79082;Písečná;Jeseník;Olomoucký kraj;540684;3811;CZ0711;124;CZ071;CZ-71
CZ-79084;CZ;Česko;79084;Mikulovice;Jeseník;Olomoucký kraj;540382;3811;CZ0711;124;CZ071;CZ-71
CZ-79201;CZ;Česko;79201;Bruntál;Bruntál;Moravskoslezský kraj;597180;3801;CZ0801;132;CZ080;CZ-80
CZ-79302;CZ;Česko;79302;Lomnice;Bruntál;Moravskoslezský kraj;597589;3801;CZ0801;132;CZ080;CZ-80
CZ-79303;CZ;Česko;79303;Dětřichov nad Bystřicí;Bruntál;Moravskoslezský kraj;597252;3801;CZ0801;132;CZ080;CZ-80
CZ-79305;CZ;Česko;79305;Moravský Beroun;Olomouc;Olomoucký kraj;597678;3805;CZ0712;124;CZ071;CZ-71
CZ-79312;CZ;Česko;79312;Horní Benešov;Bruntál;Moravskoslezský kraj;597350;3801;CZ0801;132;CZ080;CZ-80
CZ-79315;CZ;Česko;79315;Lichnov;Bruntál;Moravskoslezský kraj;597554;3801;CZ0801;132;CZ080;CZ-80
CZ-79316;CZ;Česko;79316;Zátor;Bruntál;Moravskoslezský kraj;597988;3801;CZ0801;132;CZ080;CZ-80
CZ-79323;CZ;Česko;79323;Karlovice;Bruntál;Moravskoslezský kraj;597481;3801;CZ0801;132;CZ080;CZ-80
CZ-79324;CZ;Česko;79324;Karlova Studánka;Bruntál;Moravskoslezský kraj;597473;3801;CZ0801;132;CZ080;CZ-80
CZ-79326;CZ;Česko;79326;Vrbno pod Pradědem;Bruntál;Moravskoslezský kraj;597961;3801;CZ0801;132;CZ080;CZ-80
CZ-79331;CZ;Česko;79331;Světlá Hora;Bruntál;Moravskoslezský kraj;597872;3801;CZ0801;132;CZ080;CZ-80
CZ-79336;CZ;Česko;79336;Malá Morávka;Bruntál;Moravskoslezský kraj;597601;3801;CZ0801;132;CZ080;CZ-80
CZ-79342;CZ;Česko;79342;Rýmařov;Bruntál;Moravskoslezský kraj;597783;3801;CZ0801;132;CZ080;CZ-80
CZ-79344;CZ;Česko;79344;Horní Město;Bruntál;Moravskoslezský kraj;597368;3801;CZ0801;132;CZ080;CZ-80
CZ-79351;CZ;Česko;79351;Břidličná;Bruntál;Moravskoslezský kraj;597228;3801;CZ0801;132;CZ080;CZ-80
CZ-79356;CZ;Česko;79356;Ryžoviště;Bruntál;Moravskoslezský kraj;597791;3801;CZ0801;132;CZ080;CZ-80
CZ-79368;CZ;Česko;79368;Dvorce;Bruntál;Moravskoslezský kraj;597317;3801;CZ0801;132;CZ080;CZ-80
CZ-79371;CZ;Česko;79371;Holčovice;Bruntál;Moravskoslezský kraj;597341;3801;CZ0801;132;CZ080;CZ-80
CZ-79374;CZ;Česko;79374;Heřmanovice;Bruntál;Moravskoslezský kraj;597325;3801;CZ0801;132;CZ080;CZ-80
CZ-79376;CZ;Česko;79376;Zlaté Hory;Jeseník;Olomoucký kraj;597996;3811;CZ0711;124;CZ071;CZ-71
CZ-79382;CZ;Česko;79382;Třemešná;Bruntál;Moravskoslezský kraj;597911;3801;CZ0801;132;CZ080;CZ-80
CZ-79383;CZ;Česko;79383;Jindřichov;Bruntál;Moravskoslezský kraj;597449;3801;CZ0801;132;CZ080;CZ-80
CZ-79384;CZ;Česko;79384;Janov;Bruntál;Moravskoslezský kraj;597431;3801;CZ0801;132;CZ080;CZ-80
CZ-79391;CZ;Česko;79391;Úvalno;Bruntál;Moravskoslezský kraj;597937;3801;CZ0801;132;CZ080;CZ-80
CZ-79393;CZ;Česko;79393;Brantice;Bruntál;Moravskoslezský kraj;597210;3801;CZ0801;132;CZ080;CZ-80
CZ-79395;CZ;Česko;79395;Město Albrechtice;Bruntál;Moravskoslezský kraj;597635;3801;CZ0801;132;CZ080;CZ-80
CZ-79397;CZ;Česko;79397;Slezské Rudoltice;Bruntál;Moravskoslezský kraj;597813;3801;CZ0801;132;CZ080;CZ-80
CZ-79399;CZ;Česko;79399;Liptaň;Bruntál;Moravskoslezský kraj;597571;3801;CZ0801;132;CZ080;CZ-80
CZ-79401;CZ;Česko;79401;Krnov;Bruntál;Moravskoslezský kraj;597520;3801;CZ0801;132;CZ080;CZ-80
CZ-79501;CZ;Česko;79501;Rýmařov;Bruntál;Moravskoslezský kraj;597783;3801;CZ0801;132;CZ080;CZ-80
CZ-79601;CZ;Česko;79601;Prostějov;Prostějov;Olomoucký kraj;589250;3709;CZ0713;124;CZ071;CZ-71
CZ-79603;CZ;Česko;79603;Prostějov;Prostějov;Olomoucký kraj;589250;3709;CZ0713;124;CZ071;CZ-71
CZ-79604;CZ;Česko;79604;Prostějov;Prostějov;Olomoucký kraj;589250;3709;CZ0713;124;CZ071;CZ-71
CZ-79607;CZ;Česko;79607;Držovice;Prostějov;Olomoucký kraj;558419;3709;CZ0713;124;CZ071;CZ-71
CZ-79802;CZ;Česko;79802;Mostkovice;Prostějov;Olomoucký kraj;589730;3709;CZ0713;124;CZ071;CZ-71
CZ-79803;CZ;Česko;79803;Plumlov;Prostějov;Olomoucký kraj;589896;3709;CZ0713;124;CZ071;CZ-71
CZ-79804;CZ;Česko;79804;Určice;Prostějov;Olomoucký kraj;590126;3709;CZ0713;124;CZ071;CZ-71
CZ-79805;CZ;Česko;79805;Myslejovice;Prostějov;Olomoucký kraj;589748;3709;CZ0713;124;CZ071;CZ-71
CZ-79806;CZ;Česko;79806;Otaslavice;Prostějov;Olomoucký kraj;589845;3709;CZ0713;124;CZ071;CZ-71
CZ-79807;CZ;Česko;79807;Brodek u Prostějova;Prostějov;Olomoucký kraj;589322;3709;CZ0713;124;CZ071;CZ-71
CZ-79808;CZ;Česko;79808;Vranovice-Kelčice;Prostějov;Olomoucký kraj;590177;3709;CZ0713;124;CZ071;CZ-71
CZ-79809;CZ;Česko;79809;Výšovice;Prostějov;Olomoucký kraj;590215;3709;CZ0713;124;CZ071;CZ-71
CZ-79811;CZ;Česko;79811;Prostějov;Prostějov;Olomoucký kraj;589250;3709;CZ0713;124;CZ071;CZ-71
CZ-79812;CZ;Česko;79812;Kralice na Hané;Prostějov;Olomoucký kraj;589659;3709;CZ0713;124;CZ071;CZ-71
CZ-79813;CZ;Česko;79813;Vrbátky;Prostějov;Olomoucký kraj;590185;3709;CZ0713;124;CZ071;CZ-71
CZ-79814;CZ;Česko;79814;Olšany u Prostějova;Prostějov;Olomoucký kraj;589829;3709;CZ0713;124;CZ071;CZ-71
CZ-79816;CZ;Česko;79816;Čelechovice na Hané;Prostějov;Olomoucký kraj;589403;3709;CZ0713;124;CZ071;CZ-71
CZ-79817;CZ;Česko;79817;Smržice;Prostějov;Olomoucký kraj;590029;3709;CZ0713;124;CZ071;CZ-71
CZ-79821;CZ;Česko;79821;Bedihošť;Prostějov;Olomoucký kraj;589268;3709;CZ0713;124;CZ071;CZ-71
CZ-79823;CZ;Česko;79823;Klenovice na Hané;Prostějov;Olomoucký kraj;589608;3709;CZ0713;124;CZ071;CZ-71
CZ-79824;CZ;Česko;79824;Pivín;Prostějov;Olomoucký kraj;589888;3709;CZ0713;124;CZ071;CZ-71
CZ-79825;CZ;Česko;79825;Dobromilice;Prostějov;Olomoucký kraj;589446;3709;CZ0713;124;CZ071;CZ-71
CZ-79826;CZ;Česko;79826;Nezamyslice;Prostějov;Olomoucký kraj;589764;3709;CZ0713;124;CZ071;CZ-71
CZ-79827;CZ;Česko;79827;Němčice nad Hanou;Prostějov;Olomoucký kraj;589756;3709;CZ0713;124;CZ071;CZ-71
CZ-79828;CZ;Česko;79828;Mořice;Prostějov;Olomoucký kraj;589721;3709;CZ0713;124;CZ071;CZ-71
CZ-79829;CZ;Česko;79829;Tištín;Prostějov;Olomoucký kraj;590100;3709;CZ0713;124;CZ071;CZ-71
CZ-79830;CZ;Česko;79830;Pavlovice u Kojetína;Prostějov;Olomoucký kraj;557196;3709;CZ0713;124;CZ071;CZ-71
CZ-79841;CZ;Česko;79841;Kostelec na Hané;Prostějov;Olomoucký kraj;589632;3709;CZ0713;124;CZ071;CZ-71
CZ-79842;CZ;Česko;79842;Lešany;Prostějov;Olomoucký kraj;589683;3709;CZ0713;124;CZ071;CZ-71
CZ-79843;CZ;Česko;79843;Ptení;Prostějov;Olomoucký kraj;589942;3709;CZ0713;124;CZ071;CZ-71
CZ-79844;CZ;Česko;79844;Stražisko;Prostějov;Olomoucký kraj;590070;3709;CZ0713;124;CZ071;CZ-71
CZ-79845;CZ;Česko;79845;Lipová;Prostějov;Olomoucký kraj;589691;3709;CZ0713;124;CZ071;CZ-71
CZ-79846;CZ;Česko;79846;Brodek u Konice;Prostějov;Olomoucký kraj;589314;3709;CZ0713;124;CZ071;CZ-71
CZ-79847;CZ;Česko;79847;Horní Štěpánov;Prostějov;Olomoucký kraj;589519;3709;CZ0713;124;CZ071;CZ-71
CZ-79848;CZ;Česko;79848;Protivanov;Prostějov;Olomoucký kraj;589926;3709;CZ0713;124;CZ071;CZ-71
CZ-79849;CZ;Česko;79849;Malé Hradisko;Prostějov;Olomoucký kraj;589713;3709;CZ0713;124;CZ071;CZ-71
CZ-79851;CZ;Česko;79851;Přemyslovice;Prostějov;Olomoucký kraj;589934;3709;CZ0713;124;CZ071;CZ-71
CZ-79852;CZ;Česko;79852;Konice;Prostějov;Olomoucký kraj;589624;3709;CZ0713;124;CZ071;CZ-71
CZ-79853;CZ;Česko;79853;Jesenec;Prostějov;Olomoucký kraj;589586;3709;CZ0713;124;CZ071;CZ-71
CZ-79854;CZ;Česko;79854;Kladky;Prostějov;Olomoucký kraj;589594;3709;CZ0713;124;CZ071;CZ-71
CZ-79855;CZ;Česko;79855;Hvozd;Prostějov;Olomoucký kraj;589560;3709;CZ0713;124;CZ071;CZ-71
CZ-79856;CZ;Česko;79856;Bohuslavice;Prostějov;Olomoucký kraj;589292;3709;CZ0713;124;CZ071;CZ-71
CZ-79857;CZ;Česko;79857;Laškov;Prostějov;Olomoucký kraj;589675;3709;CZ0713;124;CZ071;CZ-71
CZ-79858;CZ;Česko;79858;Čechy pod Kosířem;Prostějov;Olomoucký kraj;589381;3709;CZ0713;124;CZ071;CZ-71
CZ-79861;CZ;Česko;79861;Drahany;Prostějov;Olomoucký kraj;589462;3709;CZ0713;124;CZ071;CZ-71
CZ-79862;CZ;Česko;79862;Rozstání;Prostějov;Olomoucký kraj;589977;3709;CZ0713;124;CZ071;CZ-71
SK-01001;SK;Slovensko;01001;Žilina;Žilina;Žilinský kraj;517402;511;SK031B;5;SK031;SK-ZI
SK-01003;SK;Slovensko;01003;Žilina;Žilina;Žilinský kraj;517402;511;SK031B;5;SK031;SK-ZI
SK-01004;SK;Slovensko;01004;Žilina;Žilina;Žilinský kraj;517402;511;SK031B;5;SK031;SK-ZI
SK-01007;SK;Slovensko;01007;Žilina;Žilina;Žilinský kraj;517402;511;SK031B;5;SK031;SK-ZI
SK-01008;SK;Slovensko;01008;Žilina;Žilina;Žilinský kraj;517402;511;SK031B;5;SK031;SK-ZI
SK-01009;SK;Slovensko;01009;Žilina;Žilina;Žilinský kraj;517402;511;SK031B;5;SK031;SK-ZI
SK-01014;SK;Slovensko;01014;Žilina;Žilina;Žilinský kraj;517402;511;SK031B;5;SK031;SK-ZI
SK-01015;SK;Slovensko;01015;Žilina;Žilina;Žilinský kraj;517402;511;SK031B;5;SK031;SK-ZI
SK-01301;SK;Slovensko;01301;Teplička nad Váhom;Žilina;Žilinský kraj;518034;511;SK031B;5;SK031;SK-ZI
SK-01302;SK;Slovensko;01302;Gbeľany;Žilina;Žilinský kraj;517551;511;SK031B;5;SK031;SK-ZI
SK-01303;SK;Slovensko;01303;Varín;Žilina;Žilinský kraj;518069;511;SK031B;5;SK031;SK-ZI
SK-01304;SK;Slovensko;01304;Dolná Tižina;Žilina;Žilinský kraj;517518;511;SK031B;5;SK031;SK-ZI
SK-01305;SK;Slovensko;01305;Belá;Žilina;Žilinský kraj;517429;511;SK031B;5;SK031;SK-ZI
SK-01306;SK;Slovensko;01306;Terchová;Žilina;Žilinský kraj;518042;511;SK031B;5;SK031;SK-ZI
SK-01311;SK;Slovensko;01311;Lietavská Lúčka;Žilina;Žilinský kraj;557935;511;SK031B;5;SK031;SK-ZI
SK-01312;SK;Slovensko;01312;Turie;Žilina;Žilinský kraj;518051;511;SK031B;5;SK031;SK-ZI
SK-01313;SK;Slovensko;01313;Rajecké Teplice;Žilina;Žilinský kraj;517933;511;SK031B;5;SK031;SK-ZI
SK-01314;SK;Slovensko;01314;Kamenná Poruba;Žilina;Žilinský kraj;517658;511;SK031B;5;SK031;SK-ZI
SK-01315;SK;Slovensko;01315;Rajecká Lesná;Žilina;Žilinský kraj;517925;511;SK031B;5;SK031;SK-ZI
SK-01318;SK;Slovensko;01318;Lietava;Žilina;Žilinský kraj;517739;511;SK031B;5;SK031;SK-ZI
SK-01319;SK;Slovensko;01319;Zbyňov;Žilina;Žilinský kraj;518131;511;SK031B;5;SK031;SK-ZI
SK-01322;SK;Slovensko;01322;Rosina;Žilina;Žilinský kraj;517941;511;SK031B;5;SK031;SK-ZI
SK-01323;SK;Slovensko;01323;Višňové;Žilina;Žilinský kraj;518093;511;SK031B;5;SK031;SK-ZI
SK-01324;SK;Slovensko;01324;Strečno;Žilina;Žilinský kraj;517984;511;SK031B;5;SK031;SK-ZI
SK-01325;SK;Slovensko;01325;Stráňavy;Žilina;Žilinský kraj;517950;511;SK031B;5;SK031;SK-ZI
SK-01331;SK;Slovensko;01331;Divina;Žilina;Žilinský kraj;517488;511;SK031B;5;SK031;SK-ZI
SK-01332;SK;Slovensko;01332;Dlhé Pole;Žilina;Žilinský kraj;517500;511;SK031B;5;SK031;SK-ZI
SK-01341;SK;Slovensko;01341;Dolný Hričov;Žilina;Žilinský kraj;517526;511;SK031B;5;SK031;SK-ZI
SK-01342;SK;Slovensko;01342;Horný Hričov;Žilina;Žilinský kraj;517593;511;SK031B;5;SK031;SK-ZI
SK-01351;SK;Slovensko;01351;Predmier;Bytča;Žilinský kraj;517895;501;SK0311;5;SK031;SK-ZI
SK-01352;SK;Slovensko;01352;Súľov-Hradná;Bytča;Žilinský kraj;517992;501;SK0311;5;SK031;SK-ZI
SK-01353;SK;Slovensko;01353;Petrovice;Bytča;Žilinský kraj;517861;501;SK0311;5;SK031;SK-ZI
SK-01354;SK;Slovensko;01354;Kolárovice;Bytča;Žilinský kraj;517674;501;SK0311;5;SK031;SK-ZI
SK-01355;SK;Slovensko;01355;Štiavnik;Bytča;Žilinský kraj;518018;501;SK0311;5;SK031;SK-ZI
SK-01356;SK;Slovensko;01356;Hvozdnica;Bytča;Žilinský kraj;517623;501;SK0311;5;SK031;SK-ZI
SK-01361;SK;Slovensko;01361;Kotešová;Bytča;Žilinský kraj;517691;501;SK0311;5;SK031;SK-ZI
SK-01362;SK;Slovensko;01362;Veľké Rovné;Bytča;Žilinský kraj;518085;501;SK0311;5;SK031;SK-ZI
SK-01401;SK;Slovensko;01401;Bytča;Bytča;Žilinský kraj;517461;501;SK0311;5;SK031;SK-ZI
SK-01501;SK;Slovensko;01501;Rajec;Žilina;Žilinský kraj;517917;511;SK031B;5;SK031;SK-ZI
SK-01701;SK;Slovensko;01701;Považská Bystrica;Považská Bystrica;Trenčiansky kraj;512842;306;SK0226;3;SK022;SK-TC
SK-01704;SK;Slovensko;01704;Považská Bystrica;Považská Bystrica;Trenčiansky kraj;512842;306;SK0226;3;SK022;SK-TC
SK-01705;SK;Slovensko;01705;Považská Bystrica;Považská Bystrica;Trenčiansky kraj;512842;306;SK0226;3;SK022;SK-TC
SK-01706;SK;Slovensko;01706;Považská Bystrica;Považská Bystrica;Trenčiansky kraj;512842;306;SK0226;3;SK022;SK-TC
SK-01707;SK;Slovensko;01707;Považská Bystrica;Považská Bystrica;Trenčiansky kraj;512842;306;SK0226;3;SK022;SK-TC
SK-01801;SK;Slovensko;01801;Udiča;Považská Bystrica;Trenčiansky kraj;513741;306;SK0226;3;SK022;SK-TC
SK-01802;SK;Slovensko;01802;Dolná Mariková;Považská Bystrica;Trenčiansky kraj;512966;306;SK0226;3;SK022;SK-TC
SK-01803;SK;Slovensko;01803;Horná Mariková;Považská Bystrica;Trenčiansky kraj;513083;306;SK0226;3;SK022;SK-TC
SK-01812;SK;Slovensko;01812;Brvnište;Považská Bystrica;Trenčiansky kraj;512915;306;SK0226;3;SK022;SK-TC
SK-01813;SK;Slovensko;01813;Papradno;Považská Bystrica;Trenčiansky kraj;513466;306;SK0226;3;SK022;SK-TC
SK-01815;SK;Slovensko;01815;Prečín;Považská Bystrica;Trenčiansky kraj;513563;306;SK0226;3;SK022;SK-TC
SK-01816;SK;Slovensko;01816;Domaniža;Považská Bystrica;Trenčiansky kraj;513008;306;SK0226;3;SK022;SK-TC
SK-01817;SK;Slovensko;01817;Jasenica;Považská Bystrica;Trenčiansky kraj;513172;306;SK0226;3;SK022;SK-TC
SK-01821;SK;Slovensko;01821;Dolný Lieskov;Považská Bystrica;Trenčiansky kraj;546640;306;SK0226;3;SK022;SK-TC
SK-01822;SK;Slovensko;01822;Pružina;Považská Bystrica;Trenčiansky kraj;513601;306;SK0226;3;SK022;SK-TC
SK-01826;SK;Slovensko;01826;Plevník-Drienové;Považská Bystrica;Trenčiansky kraj;513474;306;SK0226;3;SK022;SK-TC
SK-01831;SK;Slovensko;01831;Košecké Podhradie;Ilava;Trenčiansky kraj;513351;302;SK0222;3;SK022;SK-TC
SK-01832;SK;Slovensko;01832;Zliechov;Ilava;Trenčiansky kraj;513865;302;SK0222;3;SK022;SK-TC
SK-01835;SK;Slovensko;01835;Horná Poruba;Ilava;Trenčiansky kraj;513091;302;SK0222;3;SK022;SK-TC
SK-01841;SK;Slovensko;01841;Dubnica nad Váhom;Ilava;Trenčiansky kraj;513016;302;SK0222;3;SK022;SK-TC
SK-01851;SK;Slovensko;01851;Nová Dubnica;Ilava;Trenčiansky kraj;513440;302;SK0222;3;SK022;SK-TC
SK-01852;SK;Slovensko;01852;Pruské;Ilava;Trenčiansky kraj;513598;302;SK0222;3;SK022;SK-TC
SK-01853;SK;Slovensko;01853;Bolešov;Ilava;Trenčiansky kraj;512885;302;SK0222;3;SK022;SK-TC
SK-01854;SK;Slovensko;01854;Slavnica;Ilava;Trenčiansky kraj;557421;302;SK0222;3;SK022;SK-TC
SK-01855;SK;Slovensko;01855;Tuchyňa;Ilava;Trenčiansky kraj;513725;302;SK0222;3;SK022;SK-TC
SK-01856;SK;Slovensko;01856;Červený Kameň;Ilava;Trenčiansky kraj;512931;302;SK0222;3;SK022;SK-TC
SK-01857;SK;Slovensko;01857;Mikušovce;Ilava;Trenčiansky kraj;513385;302;SK0222;3;SK022;SK-TC
SK-01861;SK;Slovensko;01861;Beluša;Púchov;Trenčiansky kraj;512851;308;SK0228;3;SK022;SK-TC
SK-01863;SK;Slovensko;01863;Ladce;Ilava;Trenčiansky kraj;513296;302;SK0222;3;SK022;SK-TC
SK-01864;SK;Slovensko;01864;Košeca;Ilava;Trenčiansky kraj;513253;302;SK0222;3;SK022;SK-TC
SK-01901;SK;Slovensko;01901;Ilava;Ilava;Trenčiansky kraj;513156;302;SK0222;3;SK022;SK-TC
SK-02001;SK;Slovensko;02001;Púchov;Púchov;Trenčiansky kraj;513610;308;SK0228;3;SK022;SK-TC
SK-02051;SK;Slovensko;02051;Dohňany;Púchov;Trenčiansky kraj;512940;308;SK0228;3;SK022;SK-TC
SK-02052;SK;Slovensko;02052;Záriečie;Púchov;Trenčiansky kraj;513814;308;SK0228;3;SK022;SK-TC
SK-02053;SK;Slovensko;02053;Lúky;Púchov;Trenčiansky kraj;513334;308;SK0228;3;SK022;SK-TC
SK-02054;SK;Slovensko;02054;Lysá pod Makytou;Púchov;Trenčiansky kraj;513342;308;SK0228;3;SK022;SK-TC
SK-02055;SK;Slovensko;02055;Lazy pod Makytou;Púchov;Trenčiansky kraj;513300;308;SK0228;3;SK022;SK-TC
SK-02061;SK;Slovensko;02061;Lednické Rovne;Púchov;Trenčiansky kraj;513326;308;SK0228;3;SK022;SK-TC
SK-02062;SK;Slovensko;02062;Horovce;Púchov;Trenčiansky kraj;513121;308;SK0228;3;SK022;SK-TC
SK-02063;SK;Slovensko;02063;Lednica;Púchov;Trenčiansky kraj;513318;308;SK0228;3;SK022;SK-TC
SK-02064;SK;Slovensko;02064;Zubák;Púchov;Trenčiansky kraj;500348;308;SK0228;3;SK022;SK-TC
SK-02071;SK;Slovensko;02071;Nimnica;Púchov;Trenčiansky kraj;557447;308;SK0228;3;SK022;SK-TC
SK-02072;SK;Slovensko;02072;Mojtín;Púchov;Trenčiansky kraj;513407;308;SK0228;3;SK022;SK-TC
SK-02201;SK;Slovensko;02201;Čadca;Čadca;Žilinský kraj;509132;502;SK0312;5;SK031;SK-ZI
SK-02204;SK;Slovensko;02204;Čadca;Čadca;Žilinský kraj;509132;502;SK0312;5;SK031;SK-ZI
SK-02301;SK;Slovensko;02301;Oščadnica;Čadca;Žilinský kraj;509345;502;SK0312;5;SK031;SK-ZI
SK-02302;SK;Slovensko;02302;Krásno nad Kysucou;Čadca;Žilinský kraj;509248;502;SK0312;5;SK031;SK-ZI
SK-02303;SK;Slovensko;02303;Zborov nad Bystricou;Čadca;Žilinský kraj;509531;502;SK0312;5;SK031;SK-ZI
SK-02304;SK;Slovensko;02304;Stará Bystrica;Čadca;Žilinský kraj;509477;502;SK0312;5;SK031;SK-ZI
SK-02305;SK;Slovensko;02305;Nová Bystrica;Čadca;Žilinský kraj;509311;502;SK0312;5;SK031;SK-ZI
SK-02311;SK;Slovensko;02311;Zákopčie;Čadca;Žilinský kraj;509523;502;SK0312;5;SK031;SK-ZI
SK-02312;SK;Slovensko;02312;Svrčinovec;Čadca;Žilinský kraj;509493;502;SK0312;5;SK031;SK-ZI
SK-02313;SK;Slovensko;02313;Čierne;Čadca;Žilinský kraj;509159;502;SK0312;5;SK031;SK-ZI
SK-02314;SK;Slovensko;02314;Skalité;Čadca;Žilinský kraj;509451;502;SK0312;5;SK031;SK-ZI
SK-02321;SK;Slovensko;02321;Korňa;Čadca;Žilinský kraj;509230;502;SK0312;5;SK031;SK-ZI
SK-02322;SK;Slovensko;02322;Klokočov;Čadca;Žilinský kraj;509213;502;SK0312;5;SK031;SK-ZI
SK-02331;SK;Slovensko;02331;Rudina;Kysucké Nové Mesto;Žilinský kraj;509426;504;SK0314;5;SK031;SK-ZI
SK-02332;SK;Slovensko;02332;Snežnica;Kysucké Nové Mesto;Žilinský kraj;509469;504;SK0314;5;SK031;SK-ZI
SK-02333;SK;Slovensko;02333;Povina;Kysucké Nové Mesto;Žilinský kraj;509370;504;SK0314;5;SK031;SK-ZI
SK-02334;SK;Slovensko;02334;Kysucký Lieskovec;Kysucké Nové Mesto;Žilinský kraj;509264;504;SK0314;5;SK031;SK-ZI
SK-02335;SK;Slovensko;02335;Ochodnica;Kysucké Nové Mesto;Žilinský kraj;509329;504;SK0314;5;SK031;SK-ZI
SK-02336;SK;Slovensko;02336;Radoľa;Kysucké Nové Mesto;Žilinský kraj;580791;504;SK0314;5;SK031;SK-ZI
SK-02341;SK;Slovensko;02341;Nesluša;Kysucké Nové Mesto;Žilinský kraj;509302;504;SK0314;5;SK031;SK-ZI
SK-02345;SK;Slovensko;02345;Horný Vadičov;Kysucké Nové Mesto;Žilinský kraj;509205;504;SK0314;5;SK031;SK-ZI
SK-02351;SK;Slovensko;02351;Raková;Čadca;Žilinský kraj;509400;502;SK0312;5;SK031;SK-ZI
SK-02352;SK;Slovensko;02352;Olešná;Čadca;Žilinský kraj;509337;502;SK0312;5;SK031;SK-ZI
SK-02353;SK;Slovensko;02353;Staškov;Čadca;Žilinský kraj;509485;502;SK0312;5;SK031;SK-ZI
SK-02354;SK;Slovensko;02354;Turzovka;Čadca;Žilinský kraj;509507;502;SK0312;5;SK031;SK-ZI
SK-02355;SK;Slovensko;02355;Vysoká nad Kysucou;Čadca;Žilinský kraj;509515;502;SK0312;5;SK031;SK-ZI
SK-02356;SK;Slovensko;02356;Makov;Čadca;Žilinský kraj;509299;502;SK0312;5;SK031;SK-ZI
SK-02357;SK;Slovensko;02357;Podvysoká;Čadca;Žilinský kraj;509361;502;SK0312;5;SK031;SK-ZI
SK-02401;SK;Slovensko;02401;Kysucké Nové Mesto;Kysucké Nové Mesto;Žilinský kraj;509256;504;SK0314;5;SK031;SK-ZI
SK-02404;SK;Slovensko;02404;Kysucké Nové Mesto;Kysucké Nové Mesto;Žilinský kraj;509256;504;SK0314;5;SK031;SK-ZI
SK-02601;SK;Slovensko;02601;Dolný Kubín;Dolný Kubín;Žilinský kraj;509540;503;SK0313;5;SK031;SK-ZI
SK-02705;SK;Slovensko;02705;Zázrivá;Dolný Kubín;Žilinský kraj;510211;503;SK0313;5;SK031;SK-ZI
SK-02712;SK;Slovensko;02712;Liesek;Tvrdošín;Žilinský kraj;509795;510;SK031A;5;SK031;SK-ZI
SK-02713;SK;Slovensko;02713;Suchá Hora;Tvrdošín;Žilinský kraj;510076;510;SK031A;5;SK031;SK-ZI
SK-02721;SK;Slovensko;02721;Žaškov;Dolný Kubín;Žilinský kraj;510254;503;SK0313;5;SK031;SK-ZI
SK-02732;SK;Slovensko;02732;Zuberec;Tvrdošín;Žilinský kraj;510238;510;SK031A;5;SK031;SK-ZI
SK-02741;SK;Slovensko;02741;Oravský Podzámok;Dolný Kubín;Žilinský kraj;509957;503;SK0313;5;SK031;SK-ZI
SK-02742;SK;Slovensko;02742;Podbiel;Tvrdošín;Žilinský kraj;509981;510;SK031A;5;SK031;SK-ZI
SK-02743;SK;Slovensko;02743;Nižná;Tvrdošín;Žilinský kraj;509876;510;SK031A;5;SK031;SK-ZI
SK-02744;SK;Slovensko;02744;Tvrdošín;Tvrdošín;Žilinský kraj;510114;510;SK031A;5;SK031;SK-ZI
SK-02751;SK;Slovensko;02751;Kraľovany;Dolný Kubín;Žilinský kraj;509744;503;SK0313;5;SK031;SK-ZI
SK-02753;SK;Slovensko;02753;Istebné;Dolný Kubín;Žilinský kraj;509701;503;SK0313;5;SK031;SK-ZI
SK-02754;SK;Slovensko;02754;Veličná;Dolný Kubín;Žilinský kraj;510165;503;SK0313;5;SK031;SK-ZI
SK-02755;SK;Slovensko;02755;Chlebnice;Dolný Kubín;Žilinský kraj;509698;503;SK0313;5;SK031;SK-ZI
SK-02801;SK;Slovensko;02801;Trstená;Tvrdošín;Žilinský kraj;510106;510;SK031A;5;SK031;SK-ZI
SK-02901;SK;Slovensko;02901;Námestovo;Námestovo;Žilinský kraj;509868;507;SK0317;5;SK031;SK-ZI
SK-02941;SK;Slovensko;02941;Klin;Námestovo;Žilinský kraj;509728;507;SK0317;5;SK031;SK-ZI
SK-02942;SK;Slovensko;02942;Bobrov;Námestovo;Žilinský kraj;509582;507;SK0317;5;SK031;SK-ZI
SK-02943;SK;Slovensko;02943;Zubrohlava;Námestovo;Žilinský kraj;510246;507;SK0317;5;SK031;SK-ZI
SK-02944;SK;Slovensko;02944;Rabča;Námestovo;Žilinský kraj;510025;507;SK0317;5;SK031;SK-ZI
SK-02945;SK;Slovensko;02945;Rabčice;Námestovo;Žilinský kraj;510033;507;SK0317;5;SK031;SK-ZI
SK-02946;SK;Slovensko;02946;Sihelné;Námestovo;Žilinský kraj;510050;507;SK0317;5;SK031;SK-ZI
SK-02947;SK;Slovensko;02947;Oravská Polhora;Námestovo;Žilinský kraj;509914;507;SK0317;5;SK031;SK-ZI
SK-02951;SK;Slovensko;02951;Lokca;Námestovo;Žilinský kraj;509809;507;SK0317;5;SK031;SK-ZI
SK-02952;SK;Slovensko;02952;Hruštín;Námestovo;Žilinský kraj;509680;507;SK0317;5;SK031;SK-ZI
SK-02953;SK;Slovensko;02953;Breza;Námestovo;Žilinský kraj;509591;507;SK0317;5;SK031;SK-ZI
SK-02954;SK;Slovensko;02954;Krušetnica;Námestovo;Žilinský kraj;509779;507;SK0317;5;SK031;SK-ZI
SK-02955;SK;Slovensko;02955;Novoť;Námestovo;Žilinský kraj;509884;507;SK0317;5;SK031;SK-ZI
SK-02956;SK;Slovensko;02956;Zákamenné;Námestovo;Žilinský kraj;510203;507;SK0317;5;SK031;SK-ZI
SK-02957;SK;Slovensko;02957;Oravská Lesná;Námestovo;Žilinský kraj;509906;507;SK0317;5;SK031;SK-ZI
SK-02962;SK;Slovensko;02962;Oravské Veselé;Námestovo;Žilinský kraj;509931;507;SK0317;5;SK031;SK-ZI
SK-02963;SK;Slovensko;02963;Mútne;Námestovo;Žilinský kraj;509850;507;SK0317;5;SK031;SK-ZI
SK-02964;SK;Slovensko;02964;Oravská Jasenica;Námestovo;Žilinský kraj;509892;507;SK0317;5;SK031;SK-ZI
SK-03101;SK;Slovensko;03101;Liptovský Mikuláš;Liptovský Mikuláš;Žilinský kraj;510262;505;SK0315;5;SK031;SK-ZI
SK-03104;SK;Slovensko;03104;Liptovský Mikuláš;Liptovský Mikuláš;Žilinský kraj;510262;505;SK0315;5;SK031;SK-ZI
SK-03105;SK;Slovensko;03105;Liptovský Mikuláš;Liptovský Mikuláš;Žilinský kraj;510262;505;SK0315;5;SK031;SK-ZI
SK-03202;SK;Slovensko;03202;Závažná Poruba;Liptovský Mikuláš;Žilinský kraj;511196;505;SK0315;5;SK031;SK-ZI
SK-03203;SK;Slovensko;03203;Liptovský Ján;Liptovský Mikuláš;Žilinský kraj;510734;505;SK0315;5;SK031;SK-ZI
SK-03204;SK;Slovensko;03204;Jakubovany;Liptovský Mikuláš;Žilinský kraj;510505;505;SK0315;5;SK031;SK-ZI
SK-03205;SK;Slovensko;03205;Žiar;Liptovský Mikuláš;Žilinský kraj;511200;505;SK0315;5;SK031;SK-ZI
SK-03211;SK;Slovensko;03211;Svätý Kríž;Liptovský Mikuláš;Žilinský kraj;511048;505;SK0315;5;SK031;SK-ZI
SK-03212;SK;Slovensko;03212;Dúbrava;Liptovský Mikuláš;Žilinský kraj;510408;505;SK0315;5;SK031;SK-ZI
SK-03213;SK;Slovensko;03213;Vlachy;Liptovský Mikuláš;Žilinský kraj;511153;505;SK0315;5;SK031;SK-ZI
SK-03214;SK;Slovensko;03214;Ľubeľa;Liptovský Mikuláš;Žilinský kraj;510793;505;SK0315;5;SK031;SK-ZI
SK-03215;SK;Slovensko;03215;Partizánska Ľupča;Liptovský Mikuláš;Žilinský kraj;510904;505;SK0315;5;SK031;SK-ZI
SK-03221;SK;Slovensko;03221;Bobrovec;Liptovský Mikuláš;Žilinský kraj;510327;505;SK0315;5;SK031;SK-ZI
SK-03223;SK;Slovensko;03223;Kvačany;Liptovský Mikuláš;Žilinský kraj;510572;505;SK0315;5;SK031;SK-ZI
SK-03231;SK;Slovensko;03231;Hybe;Liptovský Mikuláš;Žilinský kraj;510467;505;SK0315;5;SK031;SK-ZI
SK-03232;SK;Slovensko;03232;Východná;Liptovský Mikuláš;Žilinský kraj;511170;505;SK0315;5;SK031;SK-ZI
SK-03233;SK;Slovensko;03233;Kráľova Lehota;Liptovský Mikuláš;Žilinský kraj;510564;505;SK0315;5;SK031;SK-ZI
SK-03234;SK;Slovensko;03234;Nižná Boca;Liptovský Mikuláš;Žilinský kraj;510874;505;SK0315;5;SK031;SK-ZI
SK-03242;SK;Slovensko;03242;Pribylina;Liptovský Mikuláš;Žilinský kraj;510963;505;SK0315;5;SK031;SK-ZI
SK-03244;SK;Slovensko;03244;Liptovská Kokava;Liptovský Mikuláš;Žilinský kraj;510611;505;SK0315;5;SK031;SK-ZI
SK-03261;SK;Slovensko;03261;Važec;Liptovský Mikuláš;Žilinský kraj;511129;505;SK0315;5;SK031;SK-ZI
SK-03301;SK;Slovensko;03301;Liptovský Hrádok;Liptovský Mikuláš;Žilinský kraj;510726;505;SK0315;5;SK031;SK-ZI
SK-03401;SK;Slovensko;03401;Ružomberok;Ružomberok;Žilinský kraj;510998;508;SK0318;5;SK031;SK-ZI
SK-03403;SK;Slovensko;03403;Ružomberok;Ružomberok;Žilinský kraj;510998;508;SK0318;5;SK031;SK-ZI
SK-03406;SK;Slovensko;03406;Ružomberok;Ružomberok;Žilinský kraj;510998;508;SK0318;5;SK031;SK-ZI
SK-03471;SK;Slovensko;03471;Ludrová;Ružomberok;Žilinský kraj;510823;508;SK0318;5;SK031;SK-ZI
SK-03472;SK;Slovensko;03472;Liptovská Lúžna;Ružomberok;Žilinský kraj;510629;508;SK0318;5;SK031;SK-ZI
SK-03473;SK;Slovensko;03473;Liptovská Osada;Ružomberok;Žilinský kraj;510637;508;SK0318;5;SK031;SK-ZI
SK-03474;SK;Slovensko;03474;Liptovské Revúce;Ružomberok;Žilinský kraj;510718;508;SK0318;5;SK031;SK-ZI
SK-03481;SK;Slovensko;03481;Lisková;Ružomberok;Žilinský kraj;510785;508;SK0318;5;SK031;SK-ZI
SK-03482;SK;Slovensko;03482;Lúčky;Ružomberok;Žilinský kraj;510815;508;SK0318;5;SK031;SK-ZI
SK-03483;SK;Slovensko;03483;Liptovská Teplá;Ružomberok;Žilinský kraj;510670;508;SK0318;5;SK031;SK-ZI
SK-03484;SK;Slovensko;03484;Liptovské Sliače;Ružomberok;Žilinský kraj;511005;508;SK0318;5;SK031;SK-ZI
SK-03491;SK;Slovensko;03491;Hubová;Ružomberok;Žilinský kraj;510441;508;SK0318;5;SK031;SK-ZI
SK-03492;SK;Slovensko;03492;Stankovany;Ružomberok;Žilinský kraj;511030;508;SK0318;5;SK031;SK-ZI
SK-03495;SK;Slovensko;03495;Likavka;Ružomberok;Žilinský kraj;510599;508;SK0318;5;SK031;SK-ZI
SK-03496;SK;Slovensko;03496;Komjatná;Ružomberok;Žilinský kraj;510548;508;SK0318;5;SK031;SK-ZI
SK-03601;SK;Slovensko;03601;Martin;Martin;Žilinský kraj;512036;506;SK0316;5;SK031;SK-ZI
SK-03802;SK;Slovensko;03802;Dražkovce;Martin;Žilinský kraj;512214;506;SK0316;5;SK031;SK-ZI
SK-03803;SK;Slovensko;03803;Sklabiňa;Martin;Žilinský kraj;512583;506;SK0316;5;SK031;SK-ZI
SK-03804;SK;Slovensko;03804;Bystrička;Martin;Žilinský kraj;512133;506;SK0316;5;SK031;SK-ZI
SK-03811;SK;Slovensko;03811;Belá-Dulice;Martin;Žilinský kraj;512052;506;SK0316;5;SK031;SK-ZI
SK-03812;SK;Slovensko;03812;Necpaly;Martin;Žilinský kraj;512478;506;SK0316;5;SK031;SK-ZI
SK-03815;SK;Slovensko;03815;Blatnica;Martin;Žilinský kraj;512079;506;SK0316;5;SK031;SK-ZI
SK-03821;SK;Slovensko;03821;Mošovce;Turčianske Teplice;Žilinský kraj;512460;509;SK0319;5;SK031;SK-ZI
SK-03822;SK;Slovensko;03822;Slovenské Pravno;Turčianske Teplice;Žilinský kraj;512621;509;SK0319;5;SK031;SK-ZI
SK-03823;SK;Slovensko;03823;Dubové;Turčianske Teplice;Žilinský kraj;512222;509;SK0319;5;SK031;SK-ZI
SK-03831;SK;Slovensko;03831;Vrícko;Martin;Žilinský kraj;512796;506;SK0316;5;SK031;SK-ZI
SK-03835;SK;Slovensko;03835;Valča;Martin;Žilinský kraj;512761;506;SK0316;5;SK031;SK-ZI
SK-03840;SK;Slovensko;03840;Žabokreky;Martin;Žilinský kraj;512834;506;SK0316;5;SK031;SK-ZI
SK-03841;SK;Slovensko;03841;Košťany nad Turcom;Martin;Žilinský kraj;512371;506;SK0316;5;SK031;SK-ZI
SK-03842;SK;Slovensko;03842;Príbovce;Martin;Žilinský kraj;512524;506;SK0316;5;SK031;SK-ZI
SK-03843;SK;Slovensko;03843;Kláštor pod Znievom;Martin;Žilinský kraj;512354;506;SK0316;5;SK031;SK-ZI
SK-03844;SK;Slovensko;03844;Jazernica;Turčianske Teplice;Žilinský kraj;512320;509;SK0319;5;SK031;SK-ZI
SK-03845;SK;Slovensko;03845;Malý Čepčín;Turčianske Teplice;Žilinský kraj;512443;509;SK0319;5;SK031;SK-ZI
SK-03846;SK;Slovensko;03846;Horná Štubňa;Turčianske Teplice;Žilinský kraj;512273;509;SK0319;5;SK031;SK-ZI
SK-03847;SK;Slovensko;03847;Sklené;Turčianske Teplice;Žilinský kraj;512605;509;SK0319;5;SK031;SK-ZI
SK-03848;SK;Slovensko;03848;Turček;Turčianske Teplice;Žilinský kraj;512699;509;SK0319;5;SK031;SK-ZI
SK-03851;SK;Slovensko;03851;Turčianska Štiavnička;Martin;Žilinský kraj;512702;506;SK0316;5;SK031;SK-ZI
SK-03852;SK;Slovensko;03852;Sučany;Martin;Žilinský kraj;512648;506;SK0316;5;SK031;SK-ZI
SK-03853;SK;Slovensko;03853;Turany;Martin;Žilinský kraj;512681;506;SK0316;5;SK031;SK-ZI
SK-03854;SK;Slovensko;03854;Krpeľany;Martin;Žilinský kraj;512389;506;SK0316;5;SK031;SK-ZI
SK-03861;SK;Slovensko;03861;Vrútky;Martin;Žilinský kraj;557358;506;SK0316;5;SK031;SK-ZI
SK-03901;SK;Slovensko;03901;Turčianske Teplice;Turčianske Teplice;Žilinský kraj;512729;509;SK0319;5;SK031;SK-ZI
SK-04001;SK;Slovensko;04001;Košice-Sever;Košice I;Košický kraj;598151;802;SK0422;8;SK042;SK-KI
SK-04011;SK;Slovensko;04011;Košice-Západ;Košice II;Košický kraj;598224;803;SK0423;8;SK042;SK-KI
SK-04012;SK;Slovensko;04012;Košice-Nad jazerom;Košice IV;Košický kraj;599816;805;SK0425;8;SK042;SK-KI
SK-04013;SK;Slovensko;04013;Košice-Ťahanovce;Košice I;Košický kraj;598127;802;SK0422;8;SK042;SK-KI
SK-04014;SK;Slovensko;04014;Košice-Košická Nová Ves;Košice III;Košický kraj;599018;804;SK0424;8;SK042;SK-KI
SK-04015;SK;Slovensko;04015;Košice-Šaca;Košice II;Košický kraj;599841;803;SK0423;8;SK042;SK-KI
SK-04016;SK;Slovensko;04016;Košice-Myslava;Košice II;Košický kraj;598216;803;SK0423;8;SK042;SK-KI
SK-04017;SK;Slovensko;04017;Košice-Barca;Košice IV;Košický kraj;599093;805;SK0425;8;SK042;SK-KI
SK-04018;SK;Slovensko;04018;Košice-Krásna;Košice IV;Košický kraj;599794;805;SK0425;8;SK042;SK-KI
SK-04022;SK;Slovensko;04022;Košice-Dargovských hrdinov;Košice III;Košický kraj;598682;804;SK0424;8;SK042;SK-KI
SK-04023;SK;Slovensko;04023;Košice-Sídlisko KVP;Košice II;Košický kraj;599883;803;SK0423;8;SK042;SK-KI
SK-04401;SK;Slovensko;04401;Drienovec;Košice - okolie;Košický kraj;521337;806;SK0426;8;SK042;SK-KI
SK-04402;SK;Slovensko;04402;Turňa nad Bodvou;Košice - okolie;Košický kraj;559784;806;SK0426;8;SK042;SK-KI
SK-04405;SK;Slovensko;04405;Janík;Košice - okolie;Košický kraj;521485;806;SK0426;8;SK042;SK-KI
SK-04410;SK;Slovensko;04410;Geča;Košice - okolie;Košický kraj;521370;806;SK0426;8;SK042;SK-KI
SK-04411;SK;Slovensko;04411;Trstené pri Hornáde;Košice - okolie;Košický kraj;522104;806;SK0426;8;SK042;SK-KI
SK-04412;SK;Slovensko;04412;Nižný Klátov;Košice - okolie;Košický kraj;521752;806;SK0426;8;SK042;SK-KI
SK-04413;SK;Slovensko;04413;Valaliky;Košice - okolie;Košický kraj;522139;806;SK0426;8;SK042;SK-KI
SK-04414;SK;Slovensko;04414;Čaňa;Košice - okolie;Košický kraj;521299;806;SK0426;8;SK042;SK-KI
SK-04415;SK;Slovensko;04415;Nižná Myšľa;Košice - okolie;Košický kraj;521736;806;SK0426;8;SK042;SK-KI
SK-04416;SK;Slovensko;04416;Bohdanovce;Košice - okolie;Košický kraj;521205;806;SK0426;8;SK042;SK-KI
SK-04417;SK;Slovensko;04417;Slanec;Košice - okolie;Košický kraj;522007;806;SK0426;8;SK042;SK-KI
SK-04418;SK;Slovensko;04418;Kalša;Košice - okolie;Košický kraj;521507;806;SK0426;8;SK042;SK-KI
SK-04419;SK;Slovensko;04419;Ruskov;Košice - okolie;Košický kraj;521957;806;SK0426;8;SK042;SK-KI
SK-04420;SK;Slovensko;04420;Malá Ida;Košice - okolie;Košický kraj;521655;806;SK0426;8;SK042;SK-KI
SK-04421;SK;Slovensko;04421;Šemša;Košice - okolie;Košický kraj;522066;806;SK0426;8;SK042;SK-KI
SK-04423;SK;Slovensko;04423;Jasov;Košice - okolie;Košický kraj;521493;806;SK0426;8;SK042;SK-KI
SK-04424;SK;Slovensko;04424;Poproč;Košice - okolie;Košický kraj;521892;806;SK0426;8;SK042;SK-KI
SK-04425;SK;Slovensko;04425;Medzev;Košice - okolie;Košický kraj;521671;806;SK0426;8;SK042;SK-KI
SK-04426;SK;Slovensko;04426;Štós;Košice - okolie;Košický kraj;522074;806;SK0426;8;SK042;SK-KI
SK-04431;SK;Slovensko;04431;Družstevná pri Hornáde;Košice - okolie;Košický kraj;521345;806;SK0426;8;SK042;SK-KI
SK-04441;SK;Slovensko;04441;Sady nad Torysou;Košice - okolie;Košický kraj;521965;806;SK0426;8;SK042;SK-KI
SK-04442;SK;Slovensko;04442;Rozhanovce;Košice - okolie;Košický kraj;521931;806;SK0426;8;SK042;SK-KI
SK-04443;SK;Slovensko;04443;Budimír;Košice - okolie;Košický kraj;521221;806;SK0426;8;SK042;SK-KI
SK-04444;SK;Slovensko;04444;Ploské;Košice - okolie;Košický kraj;521884;806;SK0426;8;SK042;SK-KI
SK-04445;SK;Slovensko;04445;Bidovce;Košice - okolie;Košický kraj;521183;806;SK0426;8;SK042;SK-KI
SK-04447;SK;Slovensko;04447;Kecerovce;Košice - okolie;Košický kraj;521523;806;SK0426;8;SK042;SK-KI
SK-04454;SK;Slovensko;04454;Košice-Šaca;Košice II;Košický kraj;599841;803;SK0423;8;SK042;SK-KI
SK-04455;SK;Slovensko;04455;Veľká Ida;Košice - okolie;Košický kraj;522147;806;SK0426;8;SK042;SK-KI
SK-04457;SK;Slovensko;04457;Sokoľany;Košice - okolie;Košický kraj;559865;806;SK0426;8;SK042;SK-KI
SK-04458;SK;Slovensko;04458;Seňa;Košice - okolie;Košický kraj;521973;806;SK0426;8;SK042;SK-KI
SK-04461;SK;Slovensko;04461;Zlatá Idka;Košice - okolie;Košický kraj;522244;806;SK0426;8;SK042;SK-KI
SK-04465;SK;Slovensko;04465;Košická Belá;Košice - okolie;Košický kraj;521574;806;SK0426;8;SK042;SK-KI
SK-04471;SK;Slovensko;04471;Čečejovce;Košice - okolie;Košický kraj;521302;806;SK0426;8;SK042;SK-KI
SK-04473;SK;Slovensko;04473;Buzica;Košice - okolie;Košický kraj;521264;806;SK0426;8;SK042;SK-KI
SK-04474;SK;Slovensko;04474;Perín-Chym;Košice - okolie;Košický kraj;521876;806;SK0426;8;SK042;SK-KI
SK-04481;SK;Slovensko;04481;Kysak;Košice - okolie;Košický kraj;521639;806;SK0426;8;SK042;SK-KI
SK-04501;SK;Slovensko;04501;Moldava nad Bodvou;Košice - okolie;Košický kraj;521698;806;SK0426;8;SK042;SK-KI
SK-04801;SK;Slovensko;04801;Rožňava;Rožňava;Košický kraj;525529;808;SK0428;8;SK042;SK-KI
SK-04901;SK;Slovensko;04901;Muráň;Revúca;Banskobystrický kraj;525987;608;SK0328;6;SK032;SK-BC
SK-04911;SK;Slovensko;04911;Plešivec;Rožňava;Košický kraj;526096;808;SK0428;8;SK042;SK-KI
SK-04912;SK;Slovensko;04912;Gemerská Hôrka;Rožňava;Košický kraj;525651;808;SK0428;8;SK042;SK-KI
SK-04913;SK;Slovensko;04913;Hucín;Revúca;Banskobystrický kraj;525766;608;SK0328;6;SK032;SK-BC
SK-04914;SK;Slovensko;04914;Licince;Revúca;Banskobystrický kraj;525901;608;SK0328;6;SK032;SK-BC
SK-04916;SK;Slovensko;04916;Jelšava;Revúca;Banskobystrický kraj;525791;608;SK0328;6;SK032;SK-BC
SK-04918;SK;Slovensko;04918;Lubeník;Revúca;Banskobystrický kraj;525928;608;SK0328;6;SK032;SK-BC
SK-04921;SK;Slovensko;04921;Betliar;Rožňava;Košický kraj;525545;808;SK0428;8;SK042;SK-KI
SK-04922;SK;Slovensko;04922;Gemerská Poloma;Rožňava;Košický kraj;525669;808;SK0428;8;SK042;SK-KI
SK-04923;SK;Slovensko;04923;Nižná Slaná;Rožňava;Košický kraj;526045;808;SK0428;8;SK042;SK-KI
SK-04924;SK;Slovensko;04924;Vlachovo;Rožňava;Košický kraj;526339;808;SK0428;8;SK042;SK-KI
SK-04925;SK;Slovensko;04925;Dobšiná;Rožňava;Košický kraj;525634;808;SK0428;8;SK042;SK-KI
SK-04926;SK;Slovensko;04926;Rejdová;Rožňava;Košický kraj;526134;808;SK0428;8;SK042;SK-KI
SK-04931;SK;Slovensko;04931;Rakovnica;Rožňava;Košický kraj;526126;808;SK0428;8;SK042;SK-KI
SK-04932;SK;Slovensko;04932;Štítnik;Rožňava;Košický kraj;526312;808;SK0428;8;SK042;SK-KI
SK-04934;SK;Slovensko;04934;Markuška;Rožňava;Košický kraj;525952;808;SK0428;8;SK042;SK-KI
SK-04935;SK;Slovensko;04935;Ochtiná;Rožňava;Košický kraj;526053;808;SK0428;8;SK042;SK-KI
SK-04936;SK;Slovensko;04936;Slavošovce;Rožňava;Košický kraj;526282;808;SK0428;8;SK042;SK-KI
SK-04941;SK;Slovensko;04941;Krásnohorské Podhradie;Rožňava;Košický kraj;525871;808;SK0428;8;SK042;SK-KI
SK-04942;SK;Slovensko;04942;Lipovník;Rožňava;Košický kraj;525910;808;SK0428;8;SK042;SK-KI
SK-04943;SK;Slovensko;04943;Jablonov nad Turňou;Rožňava;Košický kraj;525782;808;SK0428;8;SK042;SK-KI
SK-04944;SK;Slovensko;04944;Hrhov;Rožňava;Košický kraj;525740;808;SK0428;8;SK042;SK-KI
SK-04945;SK;Slovensko;04945;Krásnohorská Dlhá Lúka;Rožňava;Košický kraj;525863;808;SK0428;8;SK042;SK-KI
SK-04951;SK;Slovensko;04951;Brzotín;Rožňava;Košický kraj;560022;808;SK0428;8;SK042;SK-KI
SK-04952;SK;Slovensko;04952;Silica;Rožňava;Košický kraj;526223;808;SK0428;8;SK042;SK-KI
SK-04955;SK;Slovensko;04955;Dlhá Ves;Rožňava;Košický kraj;525626;808;SK0428;8;SK042;SK-KI
SK-04961;SK;Slovensko;04961;Rákoš;Revúca;Banskobystrický kraj;526118;608;SK0328;6;SK032;SK-BC
SK-04962;SK;Slovensko;04962;Kameňany;Revúca;Banskobystrický kraj;525812;608;SK0328;6;SK032;SK-BC
SK-04964;SK;Slovensko;04964;Sirk;Revúca;Banskobystrický kraj;526258;608;SK0328;6;SK032;SK-BC
SK-04971;SK;Slovensko;04971;Stratená;Rožňava;Košický kraj;526291;808;SK0428;8;SK042;SK-KI
SK-04973;SK;Slovensko;04973;Dedinky;Rožňava;Košický kraj;525618;808;SK0428;8;SK042;SK-KI
SK-05001;SK;Slovensko;05001;Revúca;Revúca;Banskobystrický kraj;526142;608;SK0328;6;SK032;SK-BC
SK-05201;SK;Slovensko;05201;Spišská Nová Ves;Spišská Nová Ves;Košický kraj;526355;810;SK042A;8;SK042;SK-KI
SK-05205;SK;Slovensko;05205;Spišská Nová Ves;Spišská Nová Ves;Košický kraj;526355;810;SK042A;8;SK042;SK-KI
SK-05301;SK;Slovensko;05301;Harichovce;Spišská Nová Ves;Košický kraj;526533;810;SK042A;8;SK042;SK-KI
SK-05302;SK;Slovensko;05302;Spišský Hrhov;Levoča;Prešovský kraj;543608;704;SK0414;7;SK041;SK-PV
SK-05303;SK;Slovensko;05303;Jablonov;Levoča;Prešovský kraj;543179;704;SK0414;7;SK041;SK-PV
SK-05304;SK;Slovensko;05304;Spišské Podhradie;Levoča;Prešovský kraj;543578;704;SK0414;7;SK041;SK-PV
SK-05305;SK;Slovensko;05305;Granč-Petrovce;Levoča;Prešovský kraj;526517;704;SK0414;7;SK041;SK-PV
SK-05306;SK;Slovensko;05306;Bijacovce;Levoča;Prešovský kraj;526401;704;SK0414;7;SK041;SK-PV
SK-05311;SK;Slovensko;05311;Smižany;Spišská Nová Ves;Košický kraj;560154;810;SK042A;8;SK042;SK-KI
SK-05313;SK;Slovensko;05313;Letanovce;Spišská Nová Ves;Košický kraj;543284;810;SK042A;8;SK042;SK-KI
SK-05314;SK;Slovensko;05314;Spišský Štvrtok;Levoča;Prešovský kraj;543624;704;SK0414;7;SK041;SK-PV
SK-05315;SK;Slovensko;05315;Hrabušice;Spišská Nová Ves;Košický kraj;526592;810;SK042A;8;SK042;SK-KI
SK-05321;SK;Slovensko;05321;Markušovce;Spišská Nová Ves;Košický kraj;543331;810;SK042A;8;SK042;SK-KI
SK-05322;SK;Slovensko;05322;Jamník;Spišská Nová Ves;Košický kraj;543195;810;SK042A;8;SK042;SK-KI
SK-05323;SK;Slovensko;05323;Rudňany;Spišská Nová Ves;Košický kraj;543519;810;SK042A;8;SK042;SK-KI
SK-05331;SK;Slovensko;05331;Spišská Nová Ves;Spišská Nová Ves;Košický kraj;526355;810;SK042A;8;SK042;SK-KI
SK-05332;SK;Slovensko;05332;Hnilčík;Spišská Nová Ves;Košický kraj;526576;810;SK042A;8;SK042;SK-KI
SK-05333;SK;Slovensko;05333;Nálepkovo;Gelnica;Košický kraj;543373;801;SK0421;8;SK042;SK-KI
SK-05334;SK;Slovensko;05334;Švedlár;Gelnica;Košický kraj;543659;801;SK0421;8;SK042;SK-KI
SK-05340;SK;Slovensko;05340;Slovinky;Spišská Nová Ves;Košický kraj;543535;810;SK042A;8;SK042;SK-KI
SK-05342;SK;Slovensko;05342;Krompachy;Spišská Nová Ves;Košický kraj;543268;810;SK042A;8;SK042;SK-KI
SK-05351;SK;Slovensko;05351;Kluknava;Gelnica;Košický kraj;543233;801;SK0421;8;SK042;SK-KI
SK-05361;SK;Slovensko;05361;Spišské Vlachy;Spišská Nová Ves;Košický kraj;543594;810;SK042A;8;SK042;SK-KI
SK-05362;SK;Slovensko;05362;Bystrany;Spišská Nová Ves;Košický kraj;526436;810;SK042A;8;SK042;SK-KI
SK-05363;SK;Slovensko;05363;Spišský Hrušov;Spišská Nová Ves;Košický kraj;543616;810;SK042A;8;SK042;SK-KI
SK-05371;SK;Slovensko;05371;Torysky;Levoča;Prešovský kraj;543675;704;SK0414;7;SK041;SK-PV
SK-05373;SK;Slovensko;05373;Vyšný Slavkov;Levoča;Prešovský kraj;526614;704;SK0414;7;SK041;SK-PV
SK-05375;SK;Slovensko;05375;Hnilec;Spišská Nová Ves;Košický kraj;526584;810;SK042A;8;SK042;SK-KI
SK-05376;SK;Slovensko;05376;Mlynky;Spišská Nová Ves;Košický kraj;543357;810;SK042A;8;SK042;SK-KI
SK-05401;SK;Slovensko;05401;Levoča;Levoča;Prešovský kraj;543292;704;SK0414;7;SK041;SK-PV
SK-05501;SK;Slovensko;05501;Margecany;Gelnica;Košický kraj;543322;801;SK0421;8;SK042;SK-KI
SK-05551;SK;Slovensko;05551;Veľký Folkmar;Gelnica;Košický kraj;543705;801;SK0421;8;SK042;SK-KI
SK-05552;SK;Slovensko;05552;Kojšov;Gelnica;Košický kraj;543241;801;SK0421;8;SK042;SK-KI
SK-05561;SK;Slovensko;05561;Jaklovce;Gelnica;Košický kraj;543187;801;SK0421;8;SK042;SK-KI
SK-05562;SK;Slovensko;05562;Prakovce;Gelnica;Košický kraj;543497;801;SK0421;8;SK042;SK-KI
SK-05563;SK;Slovensko;05563;Helcmanovce;Gelnica;Košický kraj;526541;801;SK0421;8;SK042;SK-KI
SK-05564;SK;Slovensko;05564;Mníšek nad Hnilcom;Gelnica;Košický kraj;543365;801;SK0421;8;SK042;SK-KI
SK-05565;SK;Slovensko;05565;Smolnícka Huta;Gelnica;Košický kraj;543551;801;SK0421;8;SK042;SK-KI
SK-05566;SK;Slovensko;05566;Smolník;Gelnica;Košický kraj;543560;801;SK0421;8;SK042;SK-KI
SK-05571;SK;Slovensko;05571;Žakarovce;Gelnica;Košický kraj;526649;801;SK0421;8;SK042;SK-KI
SK-05601;SK;Slovensko;05601;Gelnica;Gelnica;Košický kraj;526509;801;SK0421;8;SK042;SK-KI
SK-05801;SK;Slovensko;05801;Poprad;Poprad;Prešovský kraj;523381;706;SK0416;7;SK041;SK-PV
SK-05901;SK;Slovensko;05901;Spišská Belá;Kežmarok;Prešovský kraj;523828;703;SK0413;7;SK041;SK-PV
SK-05902;SK;Slovensko;05902;Slovenská Ves;Kežmarok;Prešovský kraj;523810;703;SK0413;7;SK041;SK-PV
SK-05904;SK;Slovensko;05904;Matiašovce;Kežmarok;Prešovský kraj;523712;703;SK0413;7;SK041;SK-PV
SK-05906;SK;Slovensko;05906;Červený Kláštor;Kežmarok;Prešovský kraj;523429;703;SK0413;7;SK041;SK-PV
SK-05907;SK;Slovensko;05907;Lendak;Kežmarok;Prešovský kraj;523623;703;SK0413;7;SK041;SK-PV
SK-05911;SK;Slovensko;05911;Hozelec;Poprad;Prešovský kraj;523496;706;SK0416;7;SK041;SK-PV
SK-05912;SK;Slovensko;05912;Hôrka;Poprad;Prešovský kraj;523488;706;SK0416;7;SK041;SK-PV
SK-05913;SK;Slovensko;05913;Jánovce;Poprad;Prešovský kraj;523542;706;SK0416;7;SK041;SK-PV
SK-05914;SK;Slovensko;05914;Spišský Štiavnik;Poprad;Prešovský kraj;523879;706;SK0416;7;SK041;SK-PV
SK-05916;SK;Slovensko;05916;Hranovnica;Poprad;Prešovský kraj;523518;706;SK0416;7;SK041;SK-PV
SK-05917;SK;Slovensko;05917;Vernár;Poprad;Prešovský kraj;524026;706;SK0416;7;SK041;SK-PV
SK-05918;SK;Slovensko;05918;Spišské Bystré;Poprad;Prešovský kraj;523852;706;SK0416;7;SK041;SK-PV
SK-05919;SK;Slovensko;05919;Vikartovce;Poprad;Prešovský kraj;524034;706;SK0416;7;SK041;SK-PV
SK-05921;SK;Slovensko;05921;Svit;Poprad;Prešovský kraj;523925;706;SK0416;7;SK041;SK-PV
SK-05931;SK;Slovensko;05931;Lučivná;Poprad;Prešovský kraj;523658;706;SK0416;7;SK041;SK-PV
SK-05934;SK;Slovensko;05934;Spišská Teplica;Poprad;Prešovský kraj;523844;706;SK0416;7;SK041;SK-PV
SK-05935;SK;Slovensko;05935;Batizovce;Poprad;Prešovský kraj;523402;706;SK0416;7;SK041;SK-PV
SK-05936;SK;Slovensko;05936;Mengusovce;Poprad;Prešovský kraj;523721;706;SK0416;7;SK041;SK-PV
SK-05937;SK;Slovensko;05937;Štôla;Poprad;Prešovský kraj;559890;706;SK0416;7;SK041;SK-PV
SK-05938;SK;Slovensko;05938;Štrba;Poprad;Prešovský kraj;523933;706;SK0416;7;SK041;SK-PV
SK-05939;SK;Slovensko;05939;Šuňava;Poprad;Prešovský kraj;524107;706;SK0416;7;SK041;SK-PV
SK-05940;SK;Slovensko;05940;Liptovská Teplička;Poprad;Prešovský kraj;523631;706;SK0416;7;SK041;SK-PV
SK-05941;SK;Slovensko;05941;Štrba;Poprad;Prešovský kraj;523933;706;SK0416;7;SK041;SK-PV
SK-05942;SK;Slovensko;05942;Gerlachov;Poprad;Prešovský kraj;523445;706;SK0416;7;SK041;SK-PV
SK-05951;SK;Slovensko;05951;Poprad;Poprad;Prešovský kraj;523381;706;SK0416;7;SK041;SK-PV
SK-05952;SK;Slovensko;05952;Veľká Lomnica;Kežmarok;Prešovský kraj;524000;703;SK0413;7;SK041;SK-PV
SK-05954;SK;Slovensko;05954;Vysoké Tatry;Poprad;Prešovský kraj;560103;706;SK0416;7;SK041;SK-PV
SK-05955;SK;Slovensko;05955;Ždiar;Poprad;Prešovský kraj;524131;706;SK0416;7;SK041;SK-PV
SK-05956;SK;Slovensko;05956;Tatranská Javorina;Poprad;Prešovský kraj;580368;706;SK0416;7;SK041;SK-PV
SK-05960;SK;Slovensko;05960;Vysoké Tatry;Poprad;Prešovský kraj;560103;706;SK0416;7;SK041;SK-PV
SK-05971;SK;Slovensko;05971;Ľubica;Kežmarok;Prešovský kraj;523682;703;SK0413;7;SK041;SK-PV
SK-05972;SK;Slovensko;05972;Vrbov;Kežmarok;Prešovský kraj;524077;703;SK0413;7;SK041;SK-PV
SK-05973;SK;Slovensko;05973;Žakovce;Kežmarok;Prešovský kraj;524123;703;SK0413;7;SK041;SK-PV
SK-05976;SK;Slovensko;05976;Rakúsy;Kežmarok;Prešovský kraj;523798;703;SK0413;7;SK041;SK-PV
SK-05978;SK;Slovensko;05978;Veľká Franková;Kežmarok;Prešovský kraj;523992;703;SK0413;7;SK041;SK-PV
SK-05979;SK;Slovensko;05979;Osturňa;Kežmarok;Prešovský kraj;523771;703;SK0413;7;SK041;SK-PV
SK-05981;SK;Slovensko;05981;Vysoké Tatry;Poprad;Prešovský kraj;560103;706;SK0416;7;SK041;SK-PV
SK-05983;SK;Slovensko;05983;Vysoké Tatry;Poprad;Prešovský kraj;560103;706;SK0416;7;SK041;SK-PV
SK-05984;SK;Slovensko;05984;Vysoké Tatry;Poprad;Prešovský kraj;560103;706;SK0416;7;SK041;SK-PV
SK-05985;SK;Slovensko;05985;Štrba;Poprad;Prešovský kraj;523933;706;SK0416;7;SK041;SK-PV
SK-05986;SK;Slovensko;05986;Nová Lesná;Poprad;Prešovský kraj;523763;706;SK0416;7;SK041;SK-PV
SK-05991;SK;Slovensko;05991;Mlynica;Poprad;Prešovský kraj;523747;706;SK0416;7;SK041;SK-PV
SK-05992;SK;Slovensko;05992;Huncovce;Kežmarok;Prešovský kraj;523526;703;SK0413;7;SK041;SK-PV
SK-05993;SK;Slovensko;05993;Bušovce;Kežmarok;Prešovský kraj;523411;703;SK0413;7;SK041;SK-PV
SK-05994;SK;Slovensko;05994;Ihľany;Kežmarok;Prešovský kraj;523534;703;SK0413;7;SK041;SK-PV
SK-05995;SK;Slovensko;05995;Toporec;Kežmarok;Prešovský kraj;523976;703;SK0413;7;SK041;SK-PV
SK-06001;SK;Slovensko;06001;Kežmarok;Kežmarok;Prešovský kraj;523585;703;SK0413;7;SK041;SK-PV
SK-06101;SK;Slovensko;06101;Spišská Stará Ves;Kežmarok;Prešovský kraj;523836;703;SK0413;7;SK041;SK-PV
SK-06201;SK;Slovensko;06201;Vysoké Tatry;Poprad;Prešovský kraj;560103;706;SK0416;7;SK041;SK-PV
SK-06401;SK;Slovensko;06401;Stará Ľubovňa;Stará Ľubovňa;Prešovský kraj;526665;710;SK041A;7;SK041;SK-PV
SK-06501;SK;Slovensko;06501;Hniezdne;Stará Ľubovňa;Prešovský kraj;526720;710;SK041A;7;SK041;SK-PV
SK-06502;SK;Slovensko;06502;Vyšné Ružbachy;Stará Ľubovňa;Prešovský kraj;527092;710;SK041A;7;SK041;SK-PV
SK-06503;SK;Slovensko;06503;Podolínec;Stará Ľubovňa;Prešovský kraj;526975;710;SK041A;7;SK041;SK-PV
SK-06511;SK;Slovensko;06511;Nová Ľubovňa;Stará Ľubovňa;Prešovský kraj;526924;710;SK041A;7;SK041;SK-PV
SK-06512;SK;Slovensko;06512;Jakubany;Stará Ľubovňa;Prešovský kraj;526762;710;SK041A;7;SK041;SK-PV
SK-06522;SK;Slovensko;06522;Mníšek nad Popradom;Stará Ľubovňa;Prešovský kraj;526908;710;SK041A;7;SK041;SK-PV
SK-06531;SK;Slovensko;06531;Jarabina;Stará Ľubovňa;Prešovský kraj;526771;710;SK041A;7;SK041;SK-PV
SK-06532;SK;Slovensko;06532;Kamienka;Stará Ľubovňa;Prešovský kraj;526789;710;SK041A;7;SK041;SK-PV
SK-06533;SK;Slovensko;06533;Veľký Lipník;Stará Ľubovňa;Prešovský kraj;527076;710;SK041A;7;SK041;SK-PV
SK-06534;SK;Slovensko;06534;Haligovce;Stará Ľubovňa;Prešovský kraj;526711;710;SK041A;7;SK041;SK-PV
SK-06541;SK;Slovensko;06541;Ľubotín;Stará Ľubovňa;Prešovský kraj;526878;710;SK041A;7;SK041;SK-PV
SK-06542;SK;Slovensko;06542;Čirč;Stará Ľubovňa;Prešovský kraj;526673;710;SK041A;7;SK041;SK-PV
SK-06543;SK;Slovensko;06543;Orlov;Stará Ľubovňa;Prešovský kraj;526941;710;SK041A;7;SK041;SK-PV
SK-06544;SK;Slovensko;06544;Plaveč;Stará Ľubovňa;Prešovský kraj;526959;710;SK041A;7;SK041;SK-PV
SK-06545;SK;Slovensko;06545;Plavnica;Stará Ľubovňa;Prešovský kraj;526967;710;SK041A;7;SK041;SK-PV
SK-06546;SK;Slovensko;06546;Malý Lipník;Stará Ľubovňa;Prešovský kraj;526886;710;SK041A;7;SK041;SK-PV
SK-06548;SK;Slovensko;06548;Šarišské Jastrabie;Stará Ľubovňa;Prešovský kraj;527041;710;SK041A;7;SK041;SK-PV
SK-06601;SK;Slovensko;06601;Humenné;Humenné;Prešovský kraj;520004;702;SK0412;7;SK041;SK-PV
SK-06701;SK;Slovensko;06701;Radvaň nad Laborcom;Medzilaborce;Prešovský kraj;520691;705;SK0415;7;SK041;SK-PV
SK-06702;SK;Slovensko;06702;Čabiny;Medzilaborce;Prešovský kraj;520101;705;SK0415;7;SK041;SK-PV
SK-06704;SK;Slovensko;06704;Oľka;Medzilaborce;Prešovský kraj;520578;705;SK0415;7;SK041;SK-PV
SK-06711;SK;Slovensko;06711;Ľubiša;Humenné;Prešovský kraj;520454;702;SK0412;7;SK041;SK-PV
SK-06712;SK;Slovensko;06712;Koškovce;Humenné;Prešovský kraj;520403;702;SK0412;7;SK041;SK-PV
SK-06713;SK;Slovensko;06713;Rokytov pri Humennom;Humenné;Prešovský kraj;520250;702;SK0412;7;SK041;SK-PV
SK-06716;SK;Slovensko;06716;Čabalovce;Medzilaborce;Prešovský kraj;520098;705;SK0415;7;SK041;SK-PV
SK-06722;SK;Slovensko;06722;Ohradzany;Humenné;Prešovský kraj;520560;702;SK0412;7;SK041;SK-PV
SK-06723;SK;Slovensko;06723;Hrubov;Humenné;Prešovský kraj;520233;702;SK0412;7;SK041;SK-PV
SK-06724;SK;Slovensko;06724;Lukačovce;Humenné;Prešovský kraj;520462;702;SK0412;7;SK041;SK-PV
SK-06731;SK;Slovensko;06731;Udavské;Humenné;Prešovský kraj;520926;702;SK0412;7;SK041;SK-PV
SK-06732;SK;Slovensko;06732;Vyšný Hrušov;Humenné;Prešovský kraj;521035;702;SK0412;7;SK041;SK-PV
SK-06733;SK;Slovensko;06733;Papín;Humenné;Prešovský kraj;520624;702;SK0412;7;SK041;SK-PV
SK-06734;SK;Slovensko;06734;Osadné;Snina;Prešovský kraj;520594;709;SK0419;7;SK041;SK-PV
SK-06735;SK;Slovensko;06735;Pčoliné;Snina;Prešovský kraj;520641;709;SK0419;7;SK041;SK-PV
SK-06741;SK;Slovensko;06741;Ptičie;Humenné;Prešovský kraj;520683;702;SK0412;7;SK041;SK-PV
SK-06745;SK;Slovensko;06745;Topoľovka;Humenné;Prešovský kraj;520896;702;SK0412;7;SK041;SK-PV
SK-06752;SK;Slovensko;06752;Habura;Medzilaborce;Prešovský kraj;520187;705;SK0415;7;SK041;SK-PV
SK-06761;SK;Slovensko;06761;Stakčín;Snina;Prešovský kraj;520829;709;SK0419;7;SK041;SK-PV
SK-06765;SK;Slovensko;06765;Topoľa;Snina;Prešovský kraj;520888;709;SK0419;7;SK041;SK-PV
SK-06766;SK;Slovensko;06766;Kolbasov;Snina;Prešovský kraj;520381;709;SK0419;7;SK041;SK-PV
SK-06767;SK;Slovensko;06767;Ulič;Snina;Prešovský kraj;520934;709;SK0419;7;SK041;SK-PV
SK-06768;SK;Slovensko;06768;Zboj;Snina;Prešovský kraj;521051;709;SK0419;7;SK041;SK-PV
SK-06771;SK;Slovensko;06771;Ladomirov;Snina;Prešovský kraj;520438;709;SK0419;7;SK041;SK-PV
SK-06772;SK;Slovensko;06772;Kalná Roztoka;Snina;Prešovský kraj;520322;709;SK0419;7;SK041;SK-PV
SK-06773;SK;Slovensko;06773;Ubľa;Snina;Prešovský kraj;520918;709;SK0419;7;SK041;SK-PV
SK-06777;SK;Slovensko;06777;Zemplínske Hámre;Snina;Prešovský kraj;521108;709;SK0419;7;SK041;SK-PV
SK-06781;SK;Slovensko;06781;Belá nad Cirochou;Snina;Prešovský kraj;520039;709;SK0419;7;SK041;SK-PV
SK-06782;SK;Slovensko;06782;Dlhé nad Cirochou;Snina;Prešovský kraj;520161;709;SK0419;7;SK041;SK-PV
SK-06783;SK;Slovensko;06783;Kamenica nad Cirochou;Humenné;Prešovský kraj;520331;702;SK0412;7;SK041;SK-PV
SK-06801;SK;Slovensko;06801;Medzilaborce;Medzilaborce;Prešovský kraj;520471;705;SK0415;7;SK041;SK-PV
SK-06901;SK;Slovensko;06901;Snina;Snina;Prešovský kraj;520802;709;SK0419;7;SK041;SK-PV
SK-07101;SK;Slovensko;07101;Michalovce;Michalovce;Košický kraj;522279;807;SK0427;8;SK042;SK-KI
SK-07201;SK;Slovensko;07201;Pozdišovce;Michalovce;Košický kraj;522961;807;SK0427;8;SK042;SK-KI
SK-07202;SK;Slovensko;07202;Horovce;Michalovce;Košický kraj;522481;807;SK0427;8;SK042;SK-KI
SK-07203;SK;Slovensko;07203;Moravany;Michalovce;Košický kraj;522791;807;SK0427;8;SK042;SK-KI
SK-07204;SK;Slovensko;07204;Trhovište;Michalovce;Košický kraj;523186;807;SK0427;8;SK042;SK-KI
SK-07205;SK;Slovensko;07205;Bracovce;Michalovce;Košický kraj;522368;807;SK0427;8;SK042;SK-KI
SK-07206;SK;Slovensko;07206;Malčice;Michalovce;Košický kraj;522759;807;SK0427;8;SK042;SK-KI
SK-07211;SK;Slovensko;07211;Iňačovce;Michalovce;Košický kraj;522511;807;SK0427;8;SK042;SK-KI
SK-07213;SK;Slovensko;07213;Zemplínska Široká;Michalovce;Košický kraj;523364;807;SK0427;8;SK042;SK-KI
SK-07214;SK;Slovensko;07214;Pavlovce nad Uhom;Michalovce;Košický kraj;522872;807;SK0427;8;SK042;SK-KI
SK-07215;SK;Slovensko;07215;Budkovce;Michalovce;Košický kraj;522376;807;SK0427;8;SK042;SK-KI
SK-07216;SK;Slovensko;07216;Hatalov;Michalovce;Košický kraj;522431;807;SK0427;8;SK042;SK-KI
SK-07217;SK;Slovensko;07217;Slavkovce;Michalovce;Košický kraj;523062;807;SK0427;8;SK042;SK-KI
SK-07221;SK;Slovensko;07221;Nacina Ves;Michalovce;Košický kraj;522805;807;SK0427;8;SK042;SK-KI
SK-07222;SK;Slovensko;07222;Strážske;Michalovce;Košický kraj;523101;807;SK0427;8;SK042;SK-KI
SK-07223;SK;Slovensko;07223;Staré;Michalovce;Košický kraj;523097;807;SK0427;8;SK042;SK-KI
SK-07231;SK;Slovensko;07231;Vinné;Michalovce;Košický kraj;523259;807;SK0427;8;SK042;SK-KI
SK-07232;SK;Slovensko;07232;Jovsa;Michalovce;Košický kraj;522562;807;SK0427;8;SK042;SK-KI
SK-07233;SK;Slovensko;07233;Závadka;Michalovce;Košický kraj;523348;807;SK0427;8;SK042;SK-KI
SK-07234;SK;Slovensko;07234;Zalužice;Michalovce;Košický kraj;523241;807;SK0427;8;SK042;SK-KI
SK-07236;SK;Slovensko;07236;Kaluža;Michalovce;Košický kraj;522589;807;SK0427;8;SK042;SK-KI
SK-07237;SK;Slovensko;07237;Lastomír;Michalovce;Košický kraj;522694;807;SK0427;8;SK042;SK-KI
SK-07241;SK;Slovensko;07241;Remetské Hámre;Sobrance;Košický kraj;523003;809;SK0429;8;SK042;SK-KI
SK-07242;SK;Slovensko;07242;Úbrež;Sobrance;Košický kraj;523224;809;SK0429;8;SK042;SK-KI
SK-07243;SK;Slovensko;07243;Veľké Revištia;Sobrance;Košický kraj;523232;809;SK0429;8;SK042;SK-KI
SK-07244;SK;Slovensko;07244;Blatné Remety;Sobrance;Košický kraj;522341;809;SK0429;8;SK042;SK-KI
SK-07251;SK;Slovensko;07251;Krčava;Sobrance;Košický kraj;522660;809;SK0429;8;SK042;SK-KI
SK-07252;SK;Slovensko;07252;Jenkovce;Sobrance;Košický kraj;522554;809;SK0429;8;SK042;SK-KI
SK-07253;SK;Slovensko;07253;Bežovce;Sobrance;Košický kraj;522325;809;SK0429;8;SK042;SK-KI
SK-07254;SK;Slovensko;07254;Lekárovce;Sobrance;Košický kraj;522716;809;SK0429;8;SK042;SK-KI
SK-07255;SK;Slovensko;07255;Ostrov;Sobrance;Košický kraj;522856;809;SK0429;8;SK042;SK-KI
SK-07261;SK;Slovensko;07261;Porúbka;Sobrance;Košický kraj;522953;809;SK0429;8;SK042;SK-KI
SK-07262;SK;Slovensko;07262;Koromľa;Sobrance;Košický kraj;522643;809;SK0429;8;SK042;SK-KI
SK-07263;SK;Slovensko;07263;Choňkovce;Sobrance;Košický kraj;522503;809;SK0429;8;SK042;SK-KI
SK-07264;SK;Slovensko;07264;Podhoroď;Sobrance;Košický kraj;522929;809;SK0429;8;SK042;SK-KI
SK-07301;SK;Slovensko;07301;Sobrance;Sobrance;Košický kraj;523089;809;SK0429;8;SK042;SK-KI
SK-07501;SK;Slovensko;07501;Trebišov;Trebišov;Košický kraj;528099;811;SK042B;8;SK042;SK-KI
SK-07601;SK;Slovensko;07601;Zemplínske Hradište;Trebišov;Košický kraj;544027;811;SK042B;8;SK042;SK-KI
SK-07602;SK;Slovensko;07602;Novosad;Trebišov;Košický kraj;528617;811;SK042B;8;SK042;SK-KI
SK-07603;SK;Slovensko;07603;Hraň;Trebišov;Košický kraj;528366;811;SK042B;8;SK042;SK-KI
SK-07605;SK;Slovensko;07605;Cejkov;Trebišov;Košický kraj;528234;811;SK042B;8;SK042;SK-KI
SK-07612;SK;Slovensko;07612;Kuzmice;Trebišov;Košický kraj;528471;811;SK042B;8;SK042;SK-KI
SK-07613;SK;Slovensko;07613;Kazimír;Trebišov;Košický kraj;528421;811;SK042B;8;SK042;SK-KI
SK-07614;SK;Slovensko;07614;Michaľany;Trebišov;Košický kraj;528587;811;SK042B;8;SK042;SK-KI
SK-07615;SK;Slovensko;07615;Veľaty;Trebišov;Košický kraj;543845;811;SK042B;8;SK042;SK-KI
SK-07616;SK;Slovensko;07616;Zemplínska Nová Ves;Trebišov;Košický kraj;544001;811;SK042B;8;SK042;SK-KI
SK-07617;SK;Slovensko;07617;Nižný Žipov;Trebišov;Košický kraj;528609;811;SK042B;8;SK042;SK-KI
SK-07622;SK;Slovensko;07622;Vojčice;Trebišov;Košický kraj;543951;811;SK042B;8;SK042;SK-KI
SK-07631;SK;Slovensko;07631;Streda nad Bodrogom;Trebišov;Košický kraj;543802;811;SK042B;8;SK042;SK-KI
SK-07632;SK;Slovensko;07632;Borša;Trebišov;Košický kraj;528170;811;SK042B;8;SK042;SK-KI
SK-07633;SK;Slovensko;07633;Slovenské Nové Mesto;Trebišov;Košický kraj;543756;811;SK042B;8;SK042;SK-KI
SK-07634;SK;Slovensko;07634;Zemplín;Trebišov;Košický kraj;543993;811;SK042B;8;SK042;SK-KI
SK-07635;SK;Slovensko;07635;Somotor;Trebišov;Košický kraj;543772;811;SK042B;8;SK042;SK-KI
SK-07636;SK;Slovensko;07636;Veľký Kamenec;Trebišov;Košický kraj;543918;811;SK042B;8;SK042;SK-KI
SK-07637;SK;Slovensko;07637;Rad;Trebišov;Košický kraj;528706;811;SK042B;8;SK042;SK-KI
SK-07641;SK;Slovensko;07641;Biel;Trebišov;Košický kraj;528145;811;SK042B;8;SK042;SK-KI
SK-07642;SK;Slovensko;07642;Veľké Trakany;Trebišov;Košický kraj;543896;811;SK042B;8;SK042;SK-KI
SK-07643;SK;Slovensko;07643;Čierna nad Tisou;Trebišov;Košický kraj;528293;811;SK042B;8;SK042;SK-KI
SK-07651;SK;Slovensko;07651;Pribeník;Trebišov;Košický kraj;528684;811;SK042B;8;SK042;SK-KI
SK-07652;SK;Slovensko;07652;Malý Horeš;Trebišov;Košický kraj;528552;811;SK042B;8;SK042;SK-KI
SK-07653;SK;Slovensko;07653;Zatín;Trebišov;Košický kraj;543977;811;SK042B;8;SK042;SK-KI
SK-07661;SK;Slovensko;07661;Dargov;Trebišov;Košický kraj;528315;811;SK042B;8;SK042;SK-KI
SK-07662;SK;Slovensko;07662;Parchovany;Trebišov;Košický kraj;528676;811;SK042B;8;SK042;SK-KI
SK-07664;SK;Slovensko;07664;Zemplínska Teplica;Trebišov;Košický kraj;544019;811;SK042B;8;SK042;SK-KI
SK-07671;SK;Slovensko;07671;Čičarovce;Michalovce;Košický kraj;528277;807;SK0427;8;SK042;SK-KI
SK-07672;SK;Slovensko;07672;Vojany;Michalovce;Košický kraj;543942;807;SK0427;8;SK042;SK-KI
SK-07674;SK;Slovensko;07674;Drahňov;Michalovce;Košický kraj;528331;807;SK0427;8;SK042;SK-KI
SK-07675;SK;Slovensko;07675;Oborín;Michalovce;Košický kraj;528633;807;SK0427;8;SK042;SK-KI
SK-07677;SK;Slovensko;07677;Veľké Slemence;Michalovce;Košický kraj;543888;807;SK0427;8;SK042;SK-KI
SK-07681;SK;Slovensko;07681;Čerhov;Trebišov;Košický kraj;528251;811;SK042B;8;SK042;SK-KI
SK-07682;SK;Slovensko;07682;Veľká Tŕňa;Trebišov;Košický kraj;513806;811;SK042B;8;SK042;SK-KI
SK-07683;SK;Slovensko;07683;Svätuše;Trebišov;Košický kraj;528650;811;SK042B;8;SK042;SK-KI
SK-07684;SK;Slovensko;07684;Leles;Trebišov;Košický kraj;528510;811;SK042B;8;SK042;SK-KI
SK-07701;SK;Slovensko;07701;Kráľovský Chlmec;Trebišov;Košický kraj;528447;811;SK042B;8;SK042;SK-KI
SK-07801;SK;Slovensko;07801;Sečovce;Trebišov;Košický kraj;528722;811;SK042B;8;SK042;SK-KI
SK-07901;SK;Slovensko;07901;Veľké Kapušany;Michalovce;Košický kraj;543853;807;SK0427;8;SK042;SK-KI
SK-08001;SK;Slovensko;08001;Prešov;Prešov;Prešovský kraj;524140;707;SK0417;7;SK041;SK-PV
SK-08005;SK;Slovensko;08005;Prešov;Prešov;Prešovský kraj;524140;707;SK0417;7;SK041;SK-PV
SK-08006;SK;Slovensko;08006;Ľubotice;Prešov;Prešovský kraj;518590;707;SK0417;7;SK041;SK-PV
SK-08201;SK;Slovensko;08201;Kendice;Prešov;Prešovský kraj;524638;707;SK0417;7;SK041;SK-PV
SK-08203;SK;Slovensko;08203;Lemešany;Prešov;Prešovský kraj;524743;707;SK0417;7;SK041;SK-PV
SK-08204;SK;Slovensko;08204;Drienov;Prešov;Prešovský kraj;524352;707;SK0417;7;SK041;SK-PV
SK-08205;SK;Slovensko;08205;Šarišské Bohdanovce;Prešov;Prešovský kraj;525201;707;SK0417;7;SK041;SK-PV
SK-08206;SK;Slovensko;08206;Žehňa;Prešov;Prešovský kraj;525499;707;SK0417;7;SK041;SK-PV
SK-08207;SK;Slovensko;08207;Červenica;Prešov;Prešovský kraj;524301;707;SK0417;7;SK041;SK-PV
SK-08212;SK;Slovensko;08212;Kapušany;Prešov;Prešovský kraj;524620;707;SK0417;7;SK041;SK-PV
SK-08213;SK;Slovensko;08213;Tulčík;Prešov;Prešovský kraj;525341;707;SK0417;7;SK041;SK-PV
SK-08214;SK;Slovensko;08214;Pušovce;Prešov;Prešovský kraj;525065;707;SK0417;7;SK041;SK-PV
SK-08215;SK;Slovensko;08215;Chmeľov;Prešov;Prešovský kraj;524506;707;SK0417;7;SK041;SK-PV
SK-08216;SK;Slovensko;08216;Fintice;Prešov;Prešovský kraj;524395;707;SK0417;7;SK041;SK-PV
SK-08221;SK;Slovensko;08221;Veľký Šariš;Prešov;Prešovský kraj;525405;707;SK0417;7;SK041;SK-PV
SK-08222;SK;Slovensko;08222;Šarišské Michaľany;Sabinov;Prešovský kraj;525235;708;SK0418;7;SK041;SK-PV
SK-08232;SK;Slovensko;08232;Kojatice;Prešov;Prešovský kraj;524654;707;SK0417;7;SK041;SK-PV
SK-08233;SK;Slovensko;08233;Chminianska Nová Ves;Prešov;Prešovský kraj;524522;707;SK0417;7;SK041;SK-PV
SK-08235;SK;Slovensko;08235;Hermanovce;Prešov;Prešovský kraj;524468;707;SK0417;7;SK041;SK-PV
SK-08236;SK;Slovensko;08236;Lipovce;Prešov;Prešovský kraj;524786;707;SK0417;7;SK041;SK-PV
SK-08237;SK;Slovensko;08237;Široké;Prešov;Prešovský kraj;525260;707;SK0417;7;SK041;SK-PV
SK-08238;SK;Slovensko;08238;Víťaz;Prešov;Prešovský kraj;525413;707;SK0417;7;SK041;SK-PV
SK-08241;SK;Slovensko;08241;Rokycany;Prešov;Prešovský kraj;525111;707;SK0417;7;SK041;SK-PV
SK-08242;SK;Slovensko;08242;Radatice;Prešov;Prešovský kraj;525073;707;SK0417;7;SK041;SK-PV
SK-08243;SK;Slovensko;08243;Sedlice;Prešov;Prešovský kraj;525154;707;SK0417;7;SK041;SK-PV
SK-08244;SK;Slovensko;08244;Klenov;Prešov;Prešovský kraj;524646;707;SK0417;7;SK041;SK-PV
SK-08252;SK;Slovensko;08252;Dulova Ves;Prešov;Prešovský kraj;524387;707;SK0417;7;SK041;SK-PV
SK-08253;SK;Slovensko;08253;Petrovany;Prešov;Prešovský kraj;525014;707;SK0417;7;SK041;SK-PV
SK-08256;SK;Slovensko;08256;Pečovská Nová Ves;Sabinov;Prešovský kraj;525006;708;SK0418;7;SK041;SK-PV
SK-08257;SK;Slovensko;08257;Ľutina;Sabinov;Prešovský kraj;524824;708;SK0418;7;SK041;SK-PV
SK-08261;SK;Slovensko;08261;Ražňany;Sabinov;Prešovský kraj;525090;708;SK0418;7;SK041;SK-PV
SK-08263;SK;Slovensko;08263;Jarovnice;Sabinov;Prešovský kraj;524603;708;SK0418;7;SK041;SK-PV
SK-08266;SK;Slovensko;08266;Gregorovce;Prešov;Prešovský kraj;524433;707;SK0417;7;SK041;SK-PV
SK-08267;SK;Slovensko;08267;Terňa;Prešov;Prešovský kraj;525294;707;SK0417;7;SK041;SK-PV
SK-08271;SK;Slovensko;08271;Lipany;Sabinov;Prešovský kraj;524778;708;SK0418;7;SK041;SK-PV
SK-08273;SK;Slovensko;08273;Šarišské Dravce;Sabinov;Prešovský kraj;525219;708;SK0418;7;SK041;SK-PV
SK-08274;SK;Slovensko;08274;Brezovica;Sabinov;Prešovský kraj;524239;708;SK0418;7;SK041;SK-PV
SK-08275;SK;Slovensko;08275;Nižný Slavkov;Sabinov;Prešovský kraj;524921;708;SK0418;7;SK041;SK-PV
SK-08276;SK;Slovensko;08276;Torysa;Sabinov;Prešovský kraj;525316;708;SK0418;7;SK041;SK-PV
SK-08301;SK;Slovensko;08301;Sabinov;Sabinov;Prešovský kraj;525146;708;SK0418;7;SK041;SK-PV
SK-08501;SK;Slovensko;08501;Bardejov;Bardejov;Prešovský kraj;519006;701;SK0411;7;SK041;SK-PV
SK-08601;SK;Slovensko;08601;Mokroluh;Bardejov;Prešovský kraj;519618;701;SK0411;7;SK041;SK-PV
SK-08602;SK;Slovensko;08602;Gaboltov;Bardejov;Prešovský kraj;519171;701;SK0411;7;SK041;SK-PV
SK-08604;SK;Slovensko;08604;Kružlov;Bardejov;Prešovský kraj;519421;701;SK0411;7;SK041;SK-PV
SK-08605;SK;Slovensko;08605;Lukov;Bardejov;Prešovský kraj;519553;701;SK0411;7;SK041;SK-PV
SK-08606;SK;Slovensko;08606;Malcov;Bardejov;Prešovský kraj;519570;701;SK0411;7;SK041;SK-PV
SK-08611;SK;Slovensko;08611;Komárov;Bardejov;Prešovský kraj;519367;701;SK0411;7;SK041;SK-PV
SK-08612;SK;Slovensko;08612;Kurima;Bardejov;Prešovský kraj;519456;701;SK0411;7;SK041;SK-PV
SK-08614;SK;Slovensko;08614;Hažlín;Bardejov;Prešovský kraj;519227;701;SK0411;7;SK041;SK-PV
SK-08621;SK;Slovensko;08621;Rešov;Bardejov;Prešovský kraj;519758;701;SK0411;7;SK041;SK-PV
SK-08622;SK;Slovensko;08622;Kľušov;Bardejov;Prešovský kraj;519324;701;SK0411;7;SK041;SK-PV
SK-08631;SK;Slovensko;08631;Bardejov;Bardejov;Prešovský kraj;519006;701;SK0411;7;SK041;SK-PV
SK-08633;SK;Slovensko;08633;Zborov;Bardejov;Prešovský kraj;519961;701;SK0411;7;SK041;SK-PV
SK-08635;SK;Slovensko;08635;Becherov;Bardejov;Prešovský kraj;519057;701;SK0411;7;SK041;SK-PV
SK-08636;SK;Slovensko;08636;Mikulášová;Bardejov;Prešovský kraj;519600;701;SK0411;7;SK041;SK-PV
SK-08637;SK;Slovensko;08637;Šarišské Čierne;Bardejov;Prešovský kraj;519847;701;SK0411;7;SK041;SK-PV
SK-08641;SK;Slovensko;08641;Raslavice;Bardejov;Prešovský kraj;519936;701;SK0411;7;SK041;SK-PV
SK-08642;SK;Slovensko;08642;Hertník;Bardejov;Prešovský kraj;519235;701;SK0411;7;SK041;SK-PV
SK-08643;SK;Slovensko;08643;Koprivnica;Bardejov;Prešovský kraj;519375;701;SK0411;7;SK041;SK-PV
SK-08644;SK;Slovensko;08644;Kuková;Svidník;Prešovský kraj;519448;712;SK041C;7;SK041;SK-PV
SK-08645;SK;Slovensko;08645;Marhaň;Bardejov;Prešovský kraj;519588;701;SK0411;7;SK041;SK-PV
SK-08646;SK;Slovensko;08646;Hankovce;Bardejov;Prešovský kraj;519201;701;SK0411;7;SK041;SK-PV
SK-08701;SK;Slovensko;08701;Giraltovce;Svidník;Prešovský kraj;519197;712;SK041C;7;SK041;SK-PV
SK-08901;SK;Slovensko;08901;Svidník;Svidník;Prešovský kraj;527106;712;SK041C;7;SK041;SK-PV
SK-09001;SK;Slovensko;09001;Kapišová;Svidník;Prešovský kraj;527360;712;SK041C;7;SK041;SK-PV
SK-09002;SK;Slovensko;09002;Kružlová;Svidník;Prešovský kraj;527483;712;SK041C;7;SK041;SK-PV
SK-09003;SK;Slovensko;09003;Ladomirová;Svidník;Prešovský kraj;527505;712;SK041C;7;SK041;SK-PV
SK-09005;SK;Slovensko;09005;Krajná Bystrá;Svidník;Prešovský kraj;527424;712;SK041C;7;SK041;SK-PV
SK-09011;SK;Slovensko;09011;Vyšný Mirošov;Svidník;Prešovský kraj;528072;712;SK041C;7;SK041;SK-PV
SK-09016;SK;Slovensko;09016;Cernina;Svidník;Prešovský kraj;527211;712;SK041C;7;SK041;SK-PV
SK-09021;SK;Slovensko;09021;Chotča;Stropkov;Prešovský kraj;527335;711;SK041B;7;SK041;SK-PV
SK-09022;SK;Slovensko;09022;Bukovce;Stropkov;Prešovský kraj;527181;711;SK041B;7;SK041;SK-PV
SK-09023;SK;Slovensko;09023;Havaj;Stropkov;Prešovský kraj;527297;711;SK041B;7;SK041;SK-PV
SK-09024;SK;Slovensko;09024;Miková;Stropkov;Prešovský kraj;527572;711;SK041B;7;SK041;SK-PV
SK-09031;SK;Slovensko;09031;Brusnica;Stropkov;Prešovský kraj;527173;711;SK041B;7;SK041;SK-PV
SK-09032;SK;Slovensko;09032;Vyšná Olšava;Stropkov;Prešovský kraj;528048;711;SK041B;7;SK041;SK-PV
SK-09033;SK;Slovensko;09033;Bžany;Stropkov;Prešovský kraj;527203;711;SK041B;7;SK041;SK-PV
SK-09034;SK;Slovensko;09034;Vyšný Hrabovec;Stropkov;Prešovský kraj;560073;711;SK041B;7;SK041;SK-PV
SK-09041;SK;Slovensko;09041;Mestisko;Svidník;Prešovský kraj;527564;712;SK041C;7;SK041;SK-PV
SK-09042;SK;Slovensko;09042;Okrúhle;Svidník;Prešovský kraj;527696;712;SK041C;7;SK041;SK-PV
SK-09101;SK;Slovensko;09101;Stropkov;Stropkov;Prešovský kraj;527840;711;SK041B;7;SK041;SK-PV
SK-09301;SK;Slovensko;09301;Vranov nad Topľou;Vranov nad Topľou;Prešovský kraj;544051;713;SK041D;7;SK041;SK-PV
SK-09302;SK;Slovensko;09302;Vranov nad Topľou;Vranov nad Topľou;Prešovský kraj;544051;713;SK041D;7;SK041;SK-PV
SK-09303;SK;Slovensko;09303;Vranov nad Topľou;Vranov nad Topľou;Prešovský kraj;544051;713;SK041D;7;SK041;SK-PV
SK-09401;SK;Slovensko;09401;Tovarné;Vranov nad Topľou;Prešovský kraj;529192;713;SK041D;7;SK041;SK-PV
SK-09402;SK;Slovensko;09402;Kvakovce;Vranov nad Topľou;Prešovský kraj;528820;713;SK041D;7;SK041;SK-PV
SK-09403;SK;Slovensko;09403;Žalobín;Vranov nad Topľou;Prešovský kraj;529290;713;SK041D;7;SK041;SK-PV
SK-09404;SK;Slovensko;09404;Nová Kelča;Vranov nad Topľou;Prešovský kraj;528935;713;SK041D;7;SK041;SK-PV
SK-09405;SK;Slovensko;09405;Holčíkovce;Vranov nad Topľou;Prešovský kraj;528731;713;SK041D;7;SK041;SK-PV
SK-09406;SK;Slovensko;09406;Košarovce;Humenné;Prešovský kraj;528803;702;SK0412;7;SK041;SK-PV
SK-09407;SK;Slovensko;09407;Pakostov;Humenné;Prešovský kraj;528951;702;SK0412;7;SK041;SK-PV
SK-09408;SK;Slovensko;09408;Ruská Poruba;Humenné;Prešovský kraj;529095;702;SK0412;7;SK041;SK-PV
SK-09409;SK;Slovensko;09409;Sedliská;Vranov nad Topľou;Prešovský kraj;529141;713;SK041D;7;SK041;SK-PV
SK-09412;SK;Slovensko;09412;Vechec;Vranov nad Topľou;Prešovský kraj;529222;713;SK041D;7;SK041;SK-PV
SK-09413;SK;Slovensko;09413;Sačurov;Vranov nad Topľou;Prešovský kraj;529125;713;SK041D;7;SK041;SK-PV
SK-09414;SK;Slovensko;09414;Sečovská Polianka;Vranov nad Topľou;Prešovský kraj;529133;713;SK041D;7;SK041;SK-PV
SK-09415;SK;Slovensko;09415;Zámutov;Vranov nad Topľou;Prešovský kraj;529265;713;SK041D;7;SK041;SK-PV
SK-09421;SK;Slovensko;09421;Nižný Hrabovec;Vranov nad Topľou;Prešovský kraj;528901;713;SK041D;7;SK041;SK-PV
SK-09422;SK;Slovensko;09422;Nižný Hrušov;Vranov nad Topľou;Prešovský kraj;528919;713;SK041D;7;SK041;SK-PV
SK-09423;SK;Slovensko;09423;Merník;Vranov nad Topľou;Prešovský kraj;528871;713;SK041D;7;SK041;SK-PV
SK-09431;SK;Slovensko;09431;Hanušovce nad Topľou;Vranov nad Topľou;Prešovský kraj;544213;713;SK041D;7;SK041;SK-PV
SK-09433;SK;Slovensko;09433;Vyšný Žipov;Vranov nad Topľou;Prešovský kraj;529257;713;SK041D;7;SK041;SK-PV
SK-09434;SK;Slovensko;09434;Bystré;Vranov nad Topľou;Prešovský kraj;544094;713;SK041D;7;SK041;SK-PV
SK-09435;SK;Slovensko;09435;Čaklov;Vranov nad Topľou;Prešovský kraj;544116;713;SK041D;7;SK041;SK-PV
SK-81101;SK;Slovensko;81101;Bratislava-Staré Mesto;Bratislava I;Bratislavský kraj;528595;101;SK0101;1;SK010;SK-BL
SK-81102;SK;Slovensko;81102;Bratislava-Staré Mesto;Bratislava I;Bratislavský kraj;528595;101;SK0101;1;SK010;SK-BL
SK-81103;SK;Slovensko;81103;Bratislava-Staré Mesto;Bratislava I;Bratislavský kraj;528595;101;SK0101;1;SK010;SK-BL
SK-81104;SK;Slovensko;81104;Bratislava-Staré Mesto;Bratislava I;Bratislavský kraj;528595;101;SK0101;1;SK010;SK-BL
SK-81105;SK;Slovensko;81105;Bratislava-Staré Mesto;Bratislava I;Bratislavský kraj;528595;101;SK0101;1;SK010;SK-BL
SK-81106;SK;Slovensko;81106;Bratislava-Staré Mesto;Bratislava I;Bratislavský kraj;528595;101;SK0101;1;SK010;SK-BL
SK-81107;SK;Slovensko;81107;Bratislava-Staré Mesto;Bratislava I;Bratislavský kraj;528595;101;SK0101;1;SK010;SK-BL
SK-81108;SK;Slovensko;81108;Bratislava-Staré Mesto;Bratislava I;Bratislavský kraj;528595;101;SK0101;1;SK010;SK-BL
SK-81109;SK;Slovensko;81109;Bratislava-Staré Mesto;Bratislava I;Bratislavský kraj;528595;101;SK0101;1;SK010;SK-BL
SK-82101;SK;Slovensko;82101;Bratislava-Ružinov;Bratislava II;Bratislavský kraj;529320;102;SK0102;1;SK010;SK-BL
SK-82102;SK;Slovensko;82102;Bratislava-Ružinov;Bratislava II;Bratislavský kraj;529320;102;SK0102;1;SK010;SK-BL
SK-82103;SK;Slovensko;82103;Bratislava-Ružinov;Bratislava II;Bratislavský kraj;529320;102;SK0102;1;SK010;SK-BL
SK-82104;SK;Slovensko;82104;Bratislava-Ružinov;Bratislava II;Bratislavský kraj;529320;102;SK0102;1;SK010;SK-BL
SK-82105;SK;Slovensko;82105;Bratislava-Ružinov;Bratislava II;Bratislavský kraj;529320;102;SK0102;1;SK010;SK-BL
SK-82106;SK;Slovensko;82106;Bratislava-Podunajské Biskupice;Bratislava II;Bratislavský kraj;529311;102;SK0102;1;SK010;SK-BL
SK-82107;SK;Slovensko;82107;Bratislava-Vrakuňa;Bratislava II;Bratislavský kraj;529338;102;SK0102;1;SK010;SK-BL
SK-82108;SK;Slovensko;82108;Bratislava-Ružinov;Bratislava II;Bratislavský kraj;529320;102;SK0102;1;SK010;SK-BL
SK-82109;SK;Slovensko;82109;Bratislava-Ružinov;Bratislava II;Bratislavský kraj;529320;102;SK0102;1;SK010;SK-BL
SK-83000;SK;Slovensko;83000;Bratislava-Nové Mesto;Bratislava III;Bratislavský kraj;529346;103;SK0103;1;SK010;SK-BL
SK-83004;SK;Slovensko;83004;Bratislava-Rača;Bratislava III;Bratislavský kraj;529354;103;SK0103;1;SK010;SK-BL
SK-83005;SK;Slovensko;83005;Bratislava-Rača;Bratislava III;Bratislavský kraj;529354;103;SK0103;1;SK010;SK-BL
SK-83007;SK;Slovensko;83007;Bratislava-Nové Mesto;Bratislava III;Bratislavský kraj;529346;103;SK0103;1;SK010;SK-BL
SK-83101;SK;Slovensko;83101;Bratislava-Nové Mesto;Bratislava III;Bratislavský kraj;529346;103;SK0103;1;SK010;SK-BL
SK-83102;SK;Slovensko;83102;Bratislava-Nové Mesto;Bratislava III;Bratislavský kraj;529346;103;SK0103;1;SK010;SK-BL
SK-83103;SK;Slovensko;83103;Bratislava-Nové Mesto;Bratislava III;Bratislavský kraj;529346;103;SK0103;1;SK010;SK-BL
SK-83104;SK;Slovensko;83104;Bratislava-Nové Mesto;Bratislava III;Bratislavský kraj;529346;103;SK0103;1;SK010;SK-BL
SK-83106;SK;Slovensko;83106;Bratislava-Rača;Bratislava III;Bratislavský kraj;529354;103;SK0103;1;SK010;SK-BL
SK-83107;SK;Slovensko;83107;Bratislava-Vajnory;Bratislava III;Bratislavský kraj;529362;103;SK0103;1;SK010;SK-BL
SK-83151;SK;Slovensko;83151;Bratislava-Rača;Bratislava III;Bratislavský kraj;529354;103;SK0103;1;SK010;SK-BL
SK-83152;SK;Slovensko;83152;Bratislava-Nové Mesto;Bratislava III;Bratislavský kraj;529346;103;SK0103;1;SK010;SK-BL
SK-83153;SK;Slovensko;83153;Bratislava-Rača;Bratislava III;Bratislavský kraj;529354;103;SK0103;1;SK010;SK-BL
SK-83154;SK;Slovensko;83154;Bratislava-Rača;Bratislava III;Bratislavský kraj;529354;103;SK0103;1;SK010;SK-BL
SK-84002;SK;Slovensko;84002;Bratislava-Záhorská Bystrica;Bratislava IV;Bratislavský kraj;529427;104;SK0104;1;SK010;SK-BL
SK-84008;SK;Slovensko;84008;Bratislava-Záhorská Bystrica;Bratislava IV;Bratislavský kraj;529427;104;SK0104;1;SK010;SK-BL
SK-84101;SK;Slovensko;84101;Bratislava-Dúbravka;Bratislava IV;Bratislavský kraj;529389;104;SK0104;1;SK010;SK-BL
SK-84102;SK;Slovensko;84102;Bratislava-Dúbravka;Bratislava IV;Bratislavský kraj;529389;104;SK0104;1;SK010;SK-BL
SK-84103;SK;Slovensko;84103;Bratislava-Lamač;Bratislava IV;Bratislavský kraj;529419;104;SK0104;1;SK010;SK-BL
SK-84104;SK;Slovensko;84104;Bratislava-Karlova Ves;Bratislava IV;Bratislavský kraj;529397;104;SK0104;1;SK010;SK-BL
SK-84105;SK;Slovensko;84105;Bratislava-Karlova Ves;Bratislava IV;Bratislavský kraj;529397;104;SK0104;1;SK010;SK-BL
SK-84106;SK;Slovensko;84106;Bratislava-Záhorská Bystrica;Bratislava IV;Bratislavský kraj;529427;104;SK0104;1;SK010;SK-BL
SK-84107;SK;Slovensko;84107;Bratislava-Devínska Nová Ves;Bratislava IV;Bratislavský kraj;529371;104;SK0104;1;SK010;SK-BL
SK-84108;SK;Slovensko;84108;Bratislava-Devínska Nová Ves;Bratislava IV;Bratislavský kraj;529371;104;SK0104;1;SK010;SK-BL
SK-84110;SK;Slovensko;84110;Bratislava-Devín;Bratislava IV;Bratislavský kraj;529401;104;SK0104;1;SK010;SK-BL
SK-85000;SK;Slovensko;85000;Bratislava-Petržalka;Bratislava V;Bratislavský kraj;529460;105;SK0105;1;SK010;SK-BL
SK-85009;SK;Slovensko;85009;Bratislava-Rusovce;Bratislava V;Bratislavský kraj;529494;105;SK0105;1;SK010;SK-BL
SK-85101;SK;Slovensko;85101;Bratislava-Petržalka;Bratislava V;Bratislavský kraj;529460;105;SK0105;1;SK010;SK-BL
SK-85102;SK;Slovensko;85102;Bratislava-Petržalka;Bratislava V;Bratislavský kraj;529460;105;SK0105;1;SK010;SK-BL
SK-85103;SK;Slovensko;85103;Bratislava-Petržalka;Bratislava V;Bratislavský kraj;529460;105;SK0105;1;SK010;SK-BL
SK-85104;SK;Slovensko;85104;Bratislava-Petržalka;Bratislava V;Bratislavský kraj;529460;105;SK0105;1;SK010;SK-BL
SK-85105;SK;Slovensko;85105;Bratislava-Petržalka;Bratislava V;Bratislavský kraj;529460;105;SK0105;1;SK010;SK-BL
SK-85106;SK;Slovensko;85106;Bratislava-Petržalka;Bratislava V;Bratislavský kraj;529460;105;SK0105;1;SK010;SK-BL
SK-85107;SK;Slovensko;85107;Bratislava-Petržalka;Bratislava V;Bratislavský kraj;529460;105;SK0105;1;SK010;SK-BL
SK-85110;SK;Slovensko;85110;Bratislava-Rusovce;Bratislava V;Bratislavský kraj;529494;105;SK0105;1;SK010;SK-BL
SK-90001;SK;Slovensko;90001;Modra;Pezinok;Bratislavský kraj;508101;107;SK0107;1;SK010;SK-BL
SK-90021;SK;Slovensko;90021;Svätý Jur;Pezinok;Bratislavský kraj;507989;107;SK0107;1;SK010;SK-BL
SK-90023;SK;Slovensko;90023;Viničné;Pezinok;Bratislavský kraj;508306;107;SK0107;1;SK010;SK-BL
SK-90024;SK;Slovensko;90024;Veľký Biel;Senec;Bratislavský kraj;508292;108;SK0108;1;SK010;SK-BL
SK-90025;SK;Slovensko;90025;Chorvátsky Grob;Senec;Bratislavský kraj;507911;108;SK0108;1;SK010;SK-BL
SK-90026;SK;Slovensko;90026;Slovenský Grob;Pezinok;Bratislavský kraj;508225;107;SK0107;1;SK010;SK-BL
SK-90027;SK;Slovensko;90027;Bernolákovo;Senec;Bratislavský kraj;507814;108;SK0108;1;SK010;SK-BL
SK-90028;SK;Slovensko;90028;Ivanka pri Dunaji;Senec;Bratislavský kraj;507938;108;SK0108;1;SK010;SK-BL
SK-90029;SK;Slovensko;90029;Nová Dedinka;Senec;Bratislavský kraj;508136;108;SK0108;1;SK010;SK-BL
SK-90031;SK;Slovensko;90031;Stupava;Malacky;Bratislavský kraj;508233;106;SK0106;1;SK010;SK-BL
SK-90032;SK;Slovensko;90032;Borinka;Malacky;Bratislavský kraj;507831;106;SK0106;1;SK010;SK-BL
SK-90033;SK;Slovensko;90033;Marianka;Malacky;Bratislavský kraj;508080;106;SK0106;1;SK010;SK-BL
SK-90041;SK;Slovensko;90041;Rovinka;Senec;Bratislavský kraj;508209;108;SK0108;1;SK010;SK-BL
SK-90042;SK;Slovensko;90042;Miloslavov;Senec;Bratislavský kraj;508098;108;SK0108;1;SK010;SK-BL
SK-90043;SK;Slovensko;90043;Hamuliakovo;Senec;Bratislavský kraj;507903;108;SK0108;1;SK010;SK-BL
SK-90044;SK;Slovensko;90044;Tomášov;Senec;Bratislavský kraj;508276;108;SK0108;1;SK010;SK-BL
SK-90045;SK;Slovensko;90045;Malinovo;Senec;Bratislavský kraj;508071;108;SK0108;1;SK010;SK-BL
SK-90046;SK;Slovensko;90046;Most pri Bratislave;Senec;Bratislavský kraj;508110;108;SK0108;1;SK010;SK-BL
SK-90050;SK;Slovensko;90050;Hrubá Borša;Senec;Bratislavský kraj;503797;108;SK0108;1;SK010;SK-BL
SK-90051;SK;Slovensko;90051;Zohor;Malacky;Bratislavský kraj;508381;106;SK0106;1;SK010;SK-BL
SK-90052;SK;Slovensko;90052;Kuchyňa;Malacky;Bratislavský kraj;508021;106;SK0106;1;SK010;SK-BL
SK-90053;SK;Slovensko;90053;Pernek;Malacky;Bratislavský kraj;508161;106;SK0106;1;SK010;SK-BL
SK-90054;SK;Slovensko;90054;Jablonové;Malacky;Bratislavský kraj;507954;106;SK0106;1;SK010;SK-BL
SK-90055;SK;Slovensko;90055;Lozorno;Malacky;Bratislavský kraj;508055;106;SK0106;1;SK010;SK-BL
SK-90061;SK;Slovensko;90061;Gajary;Malacky;Bratislavský kraj;507890;106;SK0106;1;SK010;SK-BL
SK-90062;SK;Slovensko;90062;Kostolište;Malacky;Bratislavský kraj;508012;106;SK0106;1;SK010;SK-BL
SK-90063;SK;Slovensko;90063;Jakubov;Malacky;Bratislavský kraj;507962;106;SK0106;1;SK010;SK-BL
SK-90064;SK;Slovensko;90064;Suchohrad;Malacky;Bratislavský kraj;508241;106;SK0106;1;SK010;SK-BL
SK-90065;SK;Slovensko;90065;Záhorská Ves;Malacky;Bratislavský kraj;508365;106;SK0106;1;SK010;SK-BL
SK-90066;SK;Slovensko;90066;Vysoká pri Morave;Malacky;Bratislavský kraj;508349;106;SK0106;1;SK010;SK-BL
SK-90067;SK;Slovensko;90067;Láb;Malacky;Bratislavský kraj;508039;106;SK0106;1;SK010;SK-BL
SK-90068;SK;Slovensko;90068;Plavecký Štvrtok;Malacky;Bratislavský kraj;508195;106;SK0106;1;SK010;SK-BL
SK-90081;SK;Slovensko;90081;Šenkvice;Pezinok;Bratislavský kraj;508250;107;SK0107;1;SK010;SK-BL
SK-90082;SK;Slovensko;90082;Blatné;Senec;Bratislavský kraj;507822;108;SK0108;1;SK010;SK-BL
SK-90083;SK;Slovensko;90083;Čataj;Senec;Bratislavský kraj;507865;108;SK0108;1;SK010;SK-BL
SK-90084;SK;Slovensko;90084;Báhoň;Pezinok;Bratislavský kraj;507806;107;SK0107;1;SK010;SK-BL
SK-90085;SK;Slovensko;90085;Vištuk;Pezinok;Bratislavský kraj;508322;107;SK0107;1;SK010;SK-BL
SK-90086;SK;Slovensko;90086;Budmerice;Pezinok;Bratislavský kraj;507849;107;SK0107;1;SK010;SK-BL
SK-90088;SK;Slovensko;90088;Doľany;Pezinok;Bratislavský kraj;507873;107;SK0107;1;SK010;SK-BL
SK-90089;SK;Slovensko;90089;Častá;Pezinok;Bratislavský kraj;507857;107;SK0107;1;SK010;SK-BL
SK-90090;SK;Slovensko;90090;Dubová;Pezinok;Bratislavský kraj;507881;107;SK0107;1;SK010;SK-BL
SK-90091;SK;Slovensko;90091;Limbach;Pezinok;Bratislavský kraj;508047;107;SK0107;1;SK010;SK-BL
SK-90101;SK;Slovensko;90101;Malacky;Malacky;Bratislavský kraj;508063;106;SK0106;1;SK010;SK-BL
SK-90201;SK;Slovensko;90201;Pezinok;Pezinok;Bratislavský kraj;508179;107;SK0107;1;SK010;SK-BL
SK-90203;SK;Slovensko;90203;Pezinok;Pezinok;Bratislavský kraj;508179;107;SK0107;1;SK010;SK-BL
SK-90301;SK;Slovensko;90301;Senec;Senec;Bratislavský kraj;508217;108;SK0108;1;SK010;SK-BL
SK-90501;SK;Slovensko;90501;Senica;Senica;Trnavský kraj;504203;205;SK0215;2;SK021;SK-TA
SK-90602;SK;Slovensko;90602;Dojč;Senica;Trnavský kraj;504335;205;SK0215;2;SK021;SK-TA
SK-90603;SK;Slovensko;90603;Koválov;Senica;Trnavský kraj;504475;205;SK0215;2;SK021;SK-TA
SK-90604;SK;Slovensko;90604;Častkov;Senica;Trnavský kraj;504327;205;SK0215;2;SK021;SK-TA
SK-90605;SK;Slovensko;90605;Sobotište;Senica;Trnavský kraj;504840;205;SK0215;2;SK021;SK-TA
SK-90606;SK;Slovensko;90606;Vrbovce;Myjava;Trenčiansky kraj;504971;303;SK0223;3;SK022;SK-TC
SK-90607;SK;Slovensko;90607;Šajdíkove Humence;Senica;Trnavský kraj;504882;205;SK0215;2;SK021;SK-TA
SK-90611;SK;Slovensko;90611;Prietrž;Senica;Trnavský kraj;504700;205;SK0215;2;SK021;SK-TA
SK-90612;SK;Slovensko;90612;Osuské;Senica;Trnavský kraj;504602;205;SK0215;2;SK021;SK-TA
SK-90613;SK;Slovensko;90613;Brezová pod Bradlom;Myjava;Trenčiansky kraj;504262;303;SK0223;3;SK022;SK-TC
SK-90614;SK;Slovensko;90614;Bukovec;Myjava;Trenčiansky kraj;504289;303;SK0223;3;SK022;SK-TC
SK-90615;SK;Slovensko;90615;Košariská;Myjava;Trenčiansky kraj;504467;303;SK0223;3;SK022;SK-TC
SK-90621;SK;Slovensko;90621;Jablonka;Myjava;Trenčiansky kraj;504424;303;SK0223;3;SK022;SK-TC
SK-90622;SK;Slovensko;90622;Poriadie;Myjava;Trenčiansky kraj;504688;303;SK0223;3;SK022;SK-TC
SK-90623;SK;Slovensko;90623;Rudník;Myjava;Trenčiansky kraj;504793;303;SK0223;3;SK022;SK-TC
SK-90631;SK;Slovensko;90631;Hlboké;Senica;Trnavský kraj;504360;205;SK0215;2;SK021;SK-TA
SK-90632;SK;Slovensko;90632;Jablonica;Senica;Trnavský kraj;504416;205;SK0215;2;SK021;SK-TA
SK-90633;SK;Slovensko;90633;Cerová;Senica;Trnavský kraj;504297;205;SK0215;2;SK021;SK-TA
SK-90634;SK;Slovensko;90634;Prievaly;Senica;Trnavský kraj;504726;205;SK0215;2;SK021;SK-TA
SK-90635;SK;Slovensko;90635;Plavecký Mikuláš;Malacky;Bratislavský kraj;504637;106;SK0106;1;SK010;SK-BL
SK-90636;SK;Slovensko;90636;Plavecké Podhradie;Malacky;Bratislavský kraj;504629;106;SK0106;1;SK010;SK-BL
SK-90637;SK;Slovensko;90637;Sološnica;Malacky;Bratislavský kraj;504858;106;SK0106;1;SK010;SK-BL
SK-90638;SK;Slovensko;90638;Rohožník;Malacky;Bratislavský kraj;504769;106;SK0106;1;SK010;SK-BL
SK-90645;SK;Slovensko;90645;Štefanov;Senica;Trnavský kraj;504904;205;SK0215;2;SK021;SK-TA
SK-90701;SK;Slovensko;90701;Myjava;Myjava;Trenčiansky kraj;504581;303;SK0223;3;SK022;SK-TC
SK-90703;SK;Slovensko;90703;Myjava;Myjava;Trenčiansky kraj;504581;303;SK0223;3;SK022;SK-TC
SK-90801;SK;Slovensko;90801;Kúty;Senica;Trnavský kraj;504513;205;SK0215;2;SK021;SK-TA
SK-90841;SK;Slovensko;90841;Šaštín-Stráže;Senica;Trnavský kraj;504891;205;SK0215;2;SK021;SK-TA
SK-90842;SK;Slovensko;90842;Smolinské;Senica;Trnavský kraj;504823;205;SK0215;2;SK021;SK-TA
SK-90843;SK;Slovensko;90843;Čáry;Senica;Trnavský kraj;504319;205;SK0215;2;SK021;SK-TA
SK-90844;SK;Slovensko;90844;Petrova Ves;Skalica;Trnavský kraj;504611;206;SK0216;2;SK021;SK-TA
SK-90845;SK;Slovensko;90845;Gbely;Skalica;Trnavský kraj;504351;206;SK0216;2;SK021;SK-TA
SK-90846;SK;Slovensko;90846;Unín;Skalica;Trnavský kraj;504939;206;SK0216;2;SK021;SK-TA
SK-90847;SK;Slovensko;90847;Radimov;Skalica;Trnavský kraj;504734;206;SK0216;2;SK021;SK-TA
SK-90848;SK;Slovensko;90848;Kopčany;Skalica;Trnavský kraj;504459;206;SK0216;2;SK021;SK-TA
SK-90849;SK;Slovensko;90849;Vrádište;Skalica;Trnavský kraj;504963;206;SK0216;2;SK021;SK-TA
SK-90851;SK;Slovensko;90851;Holíč;Skalica;Trnavský kraj;504378;206;SK0216;2;SK021;SK-TA
SK-90861;SK;Slovensko;90861;Popudinské Močidľany;Skalica;Trnavský kraj;504670;206;SK0216;2;SK021;SK-TA
SK-90862;SK;Slovensko;90862;Dubovce;Skalica;Trnavský kraj;504343;206;SK0216;2;SK021;SK-TA
SK-90863;SK;Slovensko;90863;Radošovce;Skalica;Trnavský kraj;504742;206;SK0216;2;SK021;SK-TA
SK-90864;SK;Slovensko;90864;Chropov;Skalica;Trnavský kraj;504394;206;SK0216;2;SK021;SK-TA
SK-90865;SK;Slovensko;90865;Mokrý Háj;Skalica;Trnavský kraj;504564;206;SK0216;2;SK021;SK-TA
SK-90871;SK;Slovensko;90871;Moravský Svätý Ján;Senica;Trnavský kraj;504572;205;SK0215;2;SK021;SK-TA
SK-90872;SK;Slovensko;90872;Závod;Malacky;Bratislavský kraj;504980;106;SK0106;1;SK010;SK-BL
SK-90873;SK;Slovensko;90873;Veľké Leváre;Malacky;Bratislavský kraj;504947;106;SK0106;1;SK010;SK-BL
SK-90874;SK;Slovensko;90874;Malé Leváre;Malacky;Bratislavský kraj;504556;106;SK0106;1;SK010;SK-BL
SK-90875;SK;Slovensko;90875;Studienka;Malacky;Bratislavský kraj;504874;106;SK0106;1;SK010;SK-BL
SK-90876;SK;Slovensko;90876;Lakšárska Nová Ves;Senica;Trnavský kraj;504521;205;SK0215;2;SK021;SK-TA
SK-90877;SK;Slovensko;90877;Borský Mikuláš;Senica;Trnavský kraj;504238;205;SK0215;2;SK021;SK-TA
SK-90878;SK;Slovensko;90878;Kuklov;Senica;Trnavský kraj;504491;205;SK0215;2;SK021;SK-TA
SK-90879;SK;Slovensko;90879;Borský Svätý Jur;Senica;Trnavský kraj;504220;205;SK0215;2;SK021;SK-TA
SK-90880;SK;Slovensko;90880;Sekule;Senica;Trnavský kraj;556114;205;SK0215;2;SK021;SK-TA
SK-90885;SK;Slovensko;90885;Brodské;Skalica;Trnavský kraj;504271;206;SK0216;2;SK021;SK-TA
SK-90901;SK;Slovensko;90901;Skalica;Skalica;Trnavský kraj;504815;206;SK0216;2;SK021;SK-TA
SK-91101;SK;Slovensko;91101;Trenčín;Trenčín;Trenčiansky kraj;505820;309;SK0229;3;SK022;SK-TC
SK-91105;SK;Slovensko;91105;Trenčín;Trenčín;Trenčiansky kraj;505820;309;SK0229;3;SK022;SK-TC
SK-91106;SK;Slovensko;91106;Trenčín;Trenčín;Trenčiansky kraj;505820;309;SK0229;3;SK022;SK-TC
SK-91108;SK;Slovensko;91108;Trenčín;Trenčín;Trenčiansky kraj;505820;309;SK0229;3;SK022;SK-TC
SK-91303;SK;Slovensko;91303;Drietoma;Trenčín;Trenčiansky kraj;505960;309;SK0229;3;SK022;SK-TC
SK-91304;SK;Slovensko;91304;Chocholná-Velčice;Trenčín;Trenčiansky kraj;506087;309;SK0229;3;SK022;SK-TC
SK-91305;SK;Slovensko;91305;Melčice-Lieskové;Trenčín;Trenčiansky kraj;545686;309;SK0229;3;SK022;SK-TC
SK-91307;SK;Slovensko;91307;Bošáca;Nové Mesto nad Váhom;Trenčiansky kraj;505871;304;SK0224;3;SK022;SK-TC
SK-91308;SK;Slovensko;91308;Nová Bošáca;Nové Mesto nad Váhom;Trenčiansky kraj;506303;304;SK0224;3;SK022;SK-TC
SK-91311;SK;Slovensko;91311;Trenčianske Stankovce;Trenčín;Trenčiansky kraj;545741;309;SK0229;3;SK022;SK-TC
SK-91321;SK;Slovensko;91321;Trenčianska Turná;Trenčín;Trenčiansky kraj;506567;309;SK0229;3;SK022;SK-TC
SK-91322;SK;Slovensko;91322;Trenčianske Jastrabie;Trenčín;Trenčiansky kraj;506591;309;SK0229;3;SK022;SK-TC
SK-91323;SK;Slovensko;91323;Dubodiel;Trenčín;Trenčiansky kraj;505978;309;SK0229;3;SK022;SK-TC
SK-91324;SK;Slovensko;91324;Svinná;Trenčín;Trenčiansky kraj;506532;309;SK0229;3;SK022;SK-TC
SK-91325;SK;Slovensko;91325;Bobot;Trenčín;Trenčiansky kraj;505854;309;SK0229;3;SK022;SK-TC
SK-91326;SK;Slovensko;91326;Motešice;Trenčín;Trenčiansky kraj;506273;309;SK0229;3;SK022;SK-TC
SK-91331;SK;Slovensko;91331;Skalka nad Váhom;Trenčín;Trenčiansky kraj;546682;309;SK0229;3;SK022;SK-TC
SK-91332;SK;Slovensko;91332;Dolná Súča;Trenčín;Trenčiansky kraj;505943;309;SK0229;3;SK022;SK-TC
SK-91333;SK;Slovensko;91333;Horná Súča;Trenčín;Trenčiansky kraj;506010;309;SK0229;3;SK022;SK-TC
SK-91336;SK;Slovensko;91336;Selec;Trenčín;Trenčiansky kraj;506478;309;SK0229;3;SK022;SK-TC
SK-91338;SK;Slovensko;91338;Soblahov;Trenčín;Trenčiansky kraj;506508;309;SK0229;3;SK022;SK-TC
SK-91401;SK;Slovensko;91401;Trenčianska Teplá;Trenčín;Trenčiansky kraj;506559;309;SK0229;3;SK022;SK-TC
SK-91441;SK;Slovensko;91441;Nemšová;Trenčín;Trenčiansky kraj;506281;309;SK0229;3;SK022;SK-TC
SK-91442;SK;Slovensko;91442;Horné Srnie;Trenčín;Trenčiansky kraj;506036;309;SK0229;3;SK022;SK-TC
SK-91443;SK;Slovensko;91443;Omšenie;Trenčín;Trenčiansky kraj;506354;309;SK0229;3;SK022;SK-TC
SK-91451;SK;Slovensko;91451;Trenčianske Teplice;Trenčín;Trenčiansky kraj;506613;309;SK0229;3;SK022;SK-TC
SK-91501;SK;Slovensko;91501;Nové Mesto nad Váhom;Nové Mesto nad Váhom;Trenčiansky kraj;506338;304;SK0224;3;SK022;SK-TC
SK-91601;SK;Slovensko;91601;Stará Turá;Nové Mesto nad Váhom;Trenčiansky kraj;506524;304;SK0224;3;SK022;SK-TC
SK-91611;SK;Slovensko;91611;Bzince pod Javorinou;Nové Mesto nad Váhom;Trenčiansky kraj;505897;304;SK0224;3;SK022;SK-TC
SK-91612;SK;Slovensko;91612;Lubina;Nové Mesto nad Váhom;Trenčiansky kraj;506184;304;SK0224;3;SK022;SK-TC
SK-91613;SK;Slovensko;91613;Kostolné;Myjava;Trenčiansky kraj;506141;303;SK0223;3;SK022;SK-TC
SK-91614;SK;Slovensko;91614;Hrašné;Myjava;Trenčiansky kraj;506079;303;SK0223;3;SK022;SK-TC
SK-91616;SK;Slovensko;91616;Krajné;Myjava;Trenčiansky kraj;506150;303;SK0223;3;SK022;SK-TC
SK-91621;SK;Slovensko;91621;Čachtice;Nové Mesto nad Váhom;Trenčiansky kraj;505901;304;SK0224;3;SK022;SK-TC
SK-91622;SK;Slovensko;91622;Podolie;Nové Mesto nad Váhom;Trenčiansky kraj;506427;304;SK0224;3;SK022;SK-TC
SK-91623;SK;Slovensko;91623;Pobedim;Nové Mesto nad Váhom;Trenčiansky kraj;506401;304;SK0224;3;SK022;SK-TC
SK-91624;SK;Slovensko;91624;Horná Streda;Nové Mesto nad Váhom;Trenčiansky kraj;506001;304;SK0224;3;SK022;SK-TC
SK-91625;SK;Slovensko;91625;Brunovce;Nové Mesto nad Váhom;Trenčiansky kraj;505889;304;SK0224;3;SK022;SK-TC
SK-91626;SK;Slovensko;91626;Považany;Nové Mesto nad Váhom;Trenčiansky kraj;506443;304;SK0224;3;SK022;SK-TC
SK-91627;SK;Slovensko;91627;Častkovce;Nové Mesto nad Váhom;Trenčiansky kraj;505919;304;SK0224;3;SK022;SK-TC
SK-91631;SK;Slovensko;91631;Kočovce;Nové Mesto nad Váhom;Trenčiansky kraj;506125;304;SK0224;3;SK022;SK-TC
SK-91632;SK;Slovensko;91632;Hôrka nad Váhom;Nové Mesto nad Váhom;Trenčiansky kraj;505994;304;SK0224;3;SK022;SK-TC
SK-91633;SK;Slovensko;91633;Hrádok;Nové Mesto nad Váhom;Trenčiansky kraj;506052;304;SK0224;3;SK022;SK-TC
SK-91635;SK;Slovensko;91635;Modrová;Nové Mesto nad Váhom;Trenčiansky kraj;506249;304;SK0224;3;SK022;SK-TC
SK-91637;SK;Slovensko;91637;Kálnica;Nové Mesto nad Váhom;Trenčiansky kraj;506109;304;SK0224;3;SK022;SK-TC
SK-91638;SK;Slovensko;91638;Beckov;Nové Mesto nad Váhom;Trenčiansky kraj;505846;304;SK0224;3;SK022;SK-TC
SK-91641;SK;Slovensko;91641;Dolné Srnie;Nové Mesto nad Váhom;Trenčiansky kraj;505951;304;SK0224;3;SK022;SK-TC
SK-91642;SK;Slovensko;91642;Moravské Lieskové;Nové Mesto nad Váhom;Trenčiansky kraj;506265;304;SK0224;3;SK022;SK-TC
SK-91701;SK;Slovensko;91701;Trnava;Trnava;Trnavský kraj;506745;207;SK0217;2;SK021;SK-TA
SK-91702;SK;Slovensko;91702;Trnava;Trnava;Trnavský kraj;506745;207;SK0217;2;SK021;SK-TA
SK-91705;SK;Slovensko;91705;Trnava;Trnava;Trnavský kraj;506745;207;SK0217;2;SK021;SK-TA
SK-91708;SK;Slovensko;91708;Trnava;Trnava;Trnavský kraj;506745;207;SK0217;2;SK021;SK-TA
SK-91901;SK;Slovensko;91901;Suchá nad Parnou;Trnava;Trnavský kraj;507571;207;SK0217;2;SK021;SK-TA
SK-91902;SK;Slovensko;91902;Dolné Orešany;Trnava;Trnavský kraj;506940;207;SK0217;2;SK021;SK-TA
SK-91903;SK;Slovensko;91903;Horné Orešany;Trnava;Trnavský kraj;507067;207;SK0217;2;SK021;SK-TA
SK-91904;SK;Slovensko;91904;Smolenice;Trnava;Trnavský kraj;507555;207;SK0217;2;SK021;SK-TA
SK-91905;SK;Slovensko;91905;Trstín;Trnava;Trnavský kraj;507687;207;SK0217;2;SK021;SK-TA
SK-91907;SK;Slovensko;91907;Bíňovce;Trnava;Trnavský kraj;506788;207;SK0217;2;SK021;SK-TA
SK-91908;SK;Slovensko;91908;Boleráz;Trnava;Trnavský kraj;506818;207;SK0217;2;SK021;SK-TA
SK-91909;SK;Slovensko;91909;Bohdanovce nad Trnavou;Trnava;Trnavský kraj;506796;207;SK0217;2;SK021;SK-TA
SK-91910;SK;Slovensko;91910;Buková;Trnava;Trnavský kraj;506869;207;SK0217;2;SK021;SK-TA
SK-91921;SK;Slovensko;91921;Zeleneč;Trnava;Trnavský kraj;507776;207;SK0217;2;SK021;SK-TA
SK-91922;SK;Slovensko;91922;Majcichov;Trnava;Trnavský kraj;507296;207;SK0217;2;SK021;SK-TA
SK-91923;SK;Slovensko;91923;Vlčkovce;Trnava;Trnavský kraj;556513;207;SK0217;2;SK021;SK-TA
SK-91924;SK;Slovensko;91924;Križovany nad Dudváhom;Trnava;Trnavský kraj;556483;207;SK0217;2;SK021;SK-TA
SK-91925;SK;Slovensko;91925;Šúrovce;Trnava;Trnavský kraj;507636;207;SK0217;2;SK021;SK-TA
SK-91926;SK;Slovensko;91926;Zavar;Trnava;Trnavský kraj;507768;207;SK0217;2;SK021;SK-TA
SK-91927;SK;Slovensko;91927;Brestovany;Trnava;Trnavský kraj;506842;207;SK0217;2;SK021;SK-TA
SK-91928;SK;Slovensko;91928;Bučany;Trnava;Trnavský kraj;506851;207;SK0217;2;SK021;SK-TA
SK-91929;SK;Slovensko;91929;Malženice;Trnava;Trnavský kraj;507318;207;SK0217;2;SK021;SK-TA
SK-91930;SK;Slovensko;91930;Jaslovské Bohunice;Trnava;Trnavský kraj;507156;207;SK0217;2;SK021;SK-TA
SK-91932;SK;Slovensko;91932;Opoj;Trnava;Trnavský kraj;556491;207;SK0217;2;SK021;SK-TA
SK-91933;SK;Slovensko;91933;Trakovice;Hlohovec;Trnavský kraj;507661;203;SK0213;2;SK021;SK-TA
SK-91934;SK;Slovensko;91934;Biely Kostol;Trnava;Trnavský kraj;580473;207;SK0217;2;SK021;SK-TA
SK-91935;SK;Slovensko;91935;Hrnčiarovce nad Parnou;Trnava;Trnavský kraj;581020;207;SK0217;2;SK021;SK-TA
SK-91942;SK;Slovensko;91942;Voderady;Trnava;Trnavský kraj;507741;207;SK0217;2;SK021;SK-TA
SK-91943;SK;Slovensko;91943;Cífer;Trnava;Trnavský kraj;506877;207;SK0217;2;SK021;SK-TA
SK-91951;SK;Slovensko;91951;Špačince;Trnava;Trnavský kraj;507601;207;SK0217;2;SK021;SK-TA
SK-91952;SK;Slovensko;91952;Dolné Dubové;Trnava;Trnavský kraj;506931;207;SK0217;2;SK021;SK-TA
SK-91953;SK;Slovensko;91953;Dechtice;Trnava;Trnavský kraj;506893;207;SK0217;2;SK021;SK-TA
SK-91954;SK;Slovensko;91954;Dobrá Voda;Trnava;Trnavský kraj;506915;207;SK0217;2;SK021;SK-TA
SK-91955;SK;Slovensko;91955;Kátlovce;Trnava;Trnavský kraj;507164;207;SK0217;2;SK021;SK-TA
SK-91961;SK;Slovensko;91961;Ružindol;Trnava;Trnavský kraj;507512;207;SK0217;2;SK021;SK-TA
SK-91965;SK;Slovensko;91965;Dolná Krupá;Trnava;Trnavský kraj;506923;207;SK0217;2;SK021;SK-TA
SK-92001;SK;Slovensko;92001;Hlohovec;Hlohovec;Trnavský kraj;507032;203;SK0213;2;SK021;SK-TA
SK-92003;SK;Slovensko;92003;Hlohovec;Hlohovec;Trnavský kraj;507032;203;SK0213;2;SK021;SK-TA
SK-92041;SK;Slovensko;92041;Leopoldov;Hlohovec;Trnavský kraj;507253;203;SK0213;2;SK021;SK-TA
SK-92042;SK;Slovensko;92042;Červeník;Hlohovec;Trnavský kraj;506885;203;SK0213;2;SK021;SK-TA
SK-92052;SK;Slovensko;92052;Siladice;Hlohovec;Trnavský kraj;507539;203;SK0213;2;SK021;SK-TA
SK-92055;SK;Slovensko;92055;Bojničky;Hlohovec;Trnavský kraj;506800;203;SK0213;2;SK021;SK-TA
SK-92056;SK;Slovensko;92056;Dvorníky;Hlohovec;Trnavský kraj;507024;203;SK0213;2;SK021;SK-TA
SK-92061;SK;Slovensko;92061;Dolné Trhovište;Hlohovec;Trnavský kraj;506966;203;SK0213;2;SK021;SK-TA
SK-92062;SK;Slovensko;92062;Horné Otrokovce;Hlohovec;Trnavský kraj;507075;203;SK0213;2;SK021;SK-TA
SK-92063;SK;Slovensko;92063;Pastuchov;Hlohovec;Trnavský kraj;507415;203;SK0213;2;SK021;SK-TA
SK-92064;SK;Slovensko;92064;Kľačany;Hlohovec;Trnavský kraj;507172;203;SK0213;2;SK021;SK-TA
SK-92065;SK;Slovensko;92065;Sasinkovo;Hlohovec;Trnavský kraj;507521;203;SK0213;2;SK021;SK-TA
SK-92066;SK;Slovensko;92066;Horné Trhovište;Hlohovec;Trnavský kraj;556602;203;SK0213;2;SK021;SK-TA
SK-92101;SK;Slovensko;92101;Piešťany;Piešťany;Trnavský kraj;507440;204;SK0214;2;SK021;SK-TA
SK-92201;SK;Slovensko;92201;Ostrov;Piešťany;Trnavský kraj;507385;204;SK0214;2;SK021;SK-TA
SK-92202;SK;Slovensko;92202;Krakovany;Piešťany;Trnavský kraj;507229;204;SK0214;2;SK021;SK-TA
SK-92203;SK;Slovensko;92203;Vrbové;Piešťany;Trnavský kraj;507750;204;SK0214;2;SK021;SK-TA
SK-92204;SK;Slovensko;92204;Dolný Lopašov;Piešťany;Trnavský kraj;506982;204;SK0214;2;SK021;SK-TA
SK-92205;SK;Slovensko;92205;Chtelnica;Piešťany;Trnavský kraj;507121;204;SK0214;2;SK021;SK-TA
SK-92206;SK;Slovensko;92206;Nižná;Piešťany;Trnavský kraj;507369;204;SK0214;2;SK021;SK-TA
SK-92207;SK;Slovensko;92207;Veľké Kostoľany;Piešťany;Trnavský kraj;507709;204;SK0214;2;SK021;SK-TA
SK-92208;SK;Slovensko;92208;Veselé;Piešťany;Trnavský kraj;507725;204;SK0214;2;SK021;SK-TA
SK-92209;SK;Slovensko;92209;Borovce;Piešťany;Trnavský kraj;506834;204;SK0214;2;SK021;SK-TA
SK-92210;SK;Slovensko;92210;Trebatice;Piešťany;Trnavský kraj;507679;204;SK0214;2;SK021;SK-TA
SK-92211;SK;Slovensko;92211;Prašník;Piešťany;Trnavský kraj;507466;204;SK0214;2;SK021;SK-TA
SK-92221;SK;Slovensko;92221;Moravany nad Váhom;Piešťany;Trnavský kraj;507342;204;SK0214;2;SK021;SK-TA
SK-92231;SK;Slovensko;92231;Sokolovce;Piešťany;Trnavský kraj;507563;204;SK0214;2;SK021;SK-TA
SK-92241;SK;Slovensko;92241;Drahovce;Piešťany;Trnavský kraj;506991;204;SK0214;2;SK021;SK-TA
SK-92242;SK;Slovensko;92242;Madunice;Hlohovec;Trnavský kraj;507288;203;SK0213;2;SK021;SK-TA
SK-92401;SK;Slovensko;92401;Galanta;Galanta;Trnavský kraj;503665;202;SK0212;2;SK021;SK-TA
SK-92501;SK;Slovensko;92501;Matúškovo;Galanta;Trnavský kraj;555754;202;SK0212;2;SK021;SK-TA
SK-92502;SK;Slovensko;92502;Dolné Saliby;Galanta;Trnavský kraj;503746;202;SK0212;2;SK021;SK-TA
SK-92503;SK;Slovensko;92503;Horné Saliby;Galanta;Trnavský kraj;503771;202;SK0212;2;SK021;SK-TA
SK-92504;SK;Slovensko;92504;Tomášikovo;Galanta;Trnavský kraj;504076;202;SK0212;2;SK021;SK-TA
SK-92505;SK;Slovensko;92505;Vozokany;Galanta;Trnavský kraj;504173;202;SK0212;2;SK021;SK-TA
SK-92506;SK;Slovensko;92506;Čierna Voda;Galanta;Trnavský kraj;503690;202;SK0212;2;SK021;SK-TA
SK-92507;SK;Slovensko;92507;Mostová;Galanta;Trnavský kraj;503924;202;SK0212;2;SK021;SK-TA
SK-92508;SK;Slovensko;92508;Čierny Brod;Galanta;Trnavský kraj;503703;202;SK0212;2;SK021;SK-TA
SK-92509;SK;Slovensko;92509;Košúty;Galanta;Trnavský kraj;503860;202;SK0212;2;SK021;SK-TA
SK-92521;SK;Slovensko;92521;Sládkovičovo;Galanta;Trnavský kraj;504017;202;SK0212;2;SK021;SK-TA
SK-92522;SK;Slovensko;92522;Veľké Úľany;Galanta;Trnavský kraj;504131;202;SK0212;2;SK021;SK-TA
SK-92523;SK;Slovensko;92523;Jelka;Galanta;Trnavský kraj;503835;202;SK0212;2;SK021;SK-TA
SK-92526;SK;Slovensko;92526;Reca;Senec;Bratislavský kraj;503983;108;SK0108;1;SK010;SK-BL
SK-92527;SK;Slovensko;92527;Veľký Grob;Galanta;Trnavský kraj;504149;202;SK0212;2;SK021;SK-TA
SK-92528;SK;Slovensko;92528;Pusté Úľany;Galanta;Trnavský kraj;503975;202;SK0212;2;SK021;SK-TA
SK-92532;SK;Slovensko;92532;Veľká Mača;Galanta;Trnavský kraj;504122;202;SK0212;2;SK021;SK-TA
SK-92541;SK;Slovensko;92541;Kráľov Brod;Galanta;Trnavský kraj;503878;202;SK0212;2;SK021;SK-TA
SK-92542;SK;Slovensko;92542;Trstice;Galanta;Trnavský kraj;504106;202;SK0212;2;SK021;SK-TA
SK-92545;SK;Slovensko;92545;Abrahám;Galanta;Trnavský kraj;503673;202;SK0212;2;SK021;SK-TA
SK-92551;SK;Slovensko;92551;Šintava;Galanta;Trnavský kraj;504041;202;SK0212;2;SK021;SK-TA
SK-92552;SK;Slovensko;92552;Šoporňa;Galanta;Trnavský kraj;504050;202;SK0212;2;SK021;SK-TA
SK-92553;SK;Slovensko;92553;Pata;Galanta;Trnavský kraj;503959;202;SK0212;2;SK021;SK-TA
SK-92554;SK;Slovensko;92554;Zemianske Sady;Galanta;Trnavský kraj;504181;202;SK0212;2;SK021;SK-TA
SK-92555;SK;Slovensko;92555;Vinohrady nad Váhom;Galanta;Trnavský kraj;504157;202;SK0212;2;SK021;SK-TA
SK-92562;SK;Slovensko;92562;Váhovce;Galanta;Trnavský kraj;504114;202;SK0212;2;SK021;SK-TA
SK-92563;SK;Slovensko;92563;Dolná Streda;Galanta;Trnavský kraj;555789;202;SK0212;2;SK021;SK-TA
SK-92571;SK;Slovensko;92571;Trnovec nad Váhom;Šaľa;Nitriansky kraj;504092;405;SK0235;4;SK023;SK-NI
SK-92572;SK;Slovensko;92572;Selice;Šaľa;Nitriansky kraj;503991;405;SK0235;4;SK023;SK-NI
SK-92581;SK;Slovensko;92581;Diakovce;Šaľa;Nitriansky kraj;503711;405;SK0235;4;SK023;SK-NI
SK-92582;SK;Slovensko;92582;Tešedíkovo;Šaľa;Nitriansky kraj;504068;405;SK0235;4;SK023;SK-NI
SK-92583;SK;Slovensko;92583;Žihárec;Šaľa;Nitriansky kraj;504190;405;SK0235;4;SK023;SK-NI
SK-92584;SK;Slovensko;92584;Vlčany;Šaľa;Nitriansky kraj;504165;405;SK0235;4;SK023;SK-NI
SK-92585;SK;Slovensko;92585;Neded;Šaľa;Nitriansky kraj;503932;405;SK0235;4;SK023;SK-NI
SK-92591;SK;Slovensko;92591;Kráľová nad Váhom;Šaľa;Nitriansky kraj;503886;405;SK0235;4;SK023;SK-NI
SK-92592;SK;Slovensko;92592;Kajal;Galanta;Trnavský kraj;503843;202;SK0212;2;SK021;SK-TA
SK-92601;SK;Slovensko;92601;Sereď;Galanta;Trnavský kraj;504009;202;SK0212;2;SK021;SK-TA
SK-92701;SK;Slovensko;92701;Šaľa;Šaľa;Nitriansky kraj;504025;405;SK0235;4;SK023;SK-NI
SK-92705;SK;Slovensko;92705;Šaľa;Šaľa;Nitriansky kraj;504025;405;SK0235;4;SK023;SK-NI
SK-92901;SK;Slovensko;92901;Dunajská Streda;Dunajská Streda;Trnavský kraj;501433;201;SK0211;2;SK021;SK-TA
SK-93001;SK;Slovensko;93001;Veľké Blahovo;Dunajská Streda;Trnavský kraj;501981;201;SK0211;2;SK021;SK-TA
SK-93002;SK;Slovensko;93002;Orechová Potôň;Dunajská Streda;Trnavský kraj;501859;201;SK0211;2;SK021;SK-TA
SK-93003;SK;Slovensko;93003;Kostolné Kračany;Dunajská Streda;Trnavský kraj;501697;201;SK0211;2;SK021;SK-TA
SK-93004;SK;Slovensko;93004;Baka;Dunajská Streda;Trnavský kraj;501450;201;SK0211;2;SK021;SK-TA
SK-93005;SK;Slovensko;93005;Gabčíkovo;Dunajská Streda;Trnavský kraj;501573;201;SK0211;2;SK021;SK-TA
SK-93006;SK;Slovensko;93006;Ňárad;Dunajská Streda;Trnavský kraj;501930;201;SK0211;2;SK021;SK-TA
SK-93007;SK;Slovensko;93007;Medveďov;Dunajská Streda;Trnavský kraj;501760;201;SK0211;2;SK021;SK-TA
SK-93008;SK;Slovensko;93008;Čiližská Radvaň;Dunajská Streda;Trnavský kraj;501531;201;SK0211;2;SK021;SK-TA
SK-93010;SK;Slovensko;93010;Dolný Štál;Dunajská Streda;Trnavský kraj;501611;201;SK0211;2;SK021;SK-TA
SK-93011;SK;Slovensko;93011;Topoľníky;Dunajská Streda;Trnavský kraj;501921;201;SK0211;2;SK021;SK-TA
SK-93012;SK;Slovensko;93012;Ohrady;Dunajská Streda;Trnavský kraj;501816;201;SK0211;2;SK021;SK-TA
SK-93013;SK;Slovensko;93013;Trhová Hradská;Dunajská Streda;Trnavský kraj;555576;201;SK0211;2;SK021;SK-TA
SK-93014;SK;Slovensko;93014;Dolný Bar;Dunajská Streda;Trnavský kraj;501557;201;SK0211;2;SK021;SK-TA
SK-93016;SK;Slovensko;93016;Vydrany;Dunajská Streda;Trnavský kraj;502014;201;SK0211;2;SK021;SK-TA
SK-93021;SK;Slovensko;93021;Jahodná;Dunajská Streda;Trnavský kraj;501654;201;SK0211;2;SK021;SK-TA
SK-93025;SK;Slovensko;93025;Vrakúň;Dunajská Streda;Trnavský kraj;502006;201;SK0211;2;SK021;SK-TA
SK-93028;SK;Slovensko;93028;Okoč;Dunajská Streda;Trnavský kraj;501824;201;SK0211;2;SK021;SK-TA
SK-93030;SK;Slovensko;93030;Rohovce;Dunajská Streda;Trnavský kraj;501891;201;SK0211;2;SK021;SK-TA
SK-93031;SK;Slovensko;93031;Dobrohošť;Dunajská Streda;Trnavský kraj;501549;201;SK0211;2;SK021;SK-TA
SK-93032;SK;Slovensko;93032;Blatná na Ostrove;Dunajská Streda;Trnavský kraj;501492;201;SK0211;2;SK021;SK-TA
SK-93033;SK;Slovensko;93033;Horný Bar;Dunajská Streda;Trnavský kraj;501603;201;SK0211;2;SK021;SK-TA
SK-93034;SK;Slovensko;93034;Holice;Dunajská Streda;Trnavský kraj;501581;201;SK0211;2;SK021;SK-TA
SK-93035;SK;Slovensko;93035;Michal na Ostrove;Dunajská Streda;Trnavský kraj;501786;201;SK0211;2;SK021;SK-TA
SK-93036;SK;Slovensko;93036;Horná Potôň;Dunajská Streda;Trnavský kraj;501590;201;SK0211;2;SK021;SK-TA
SK-93037;SK;Slovensko;93037;Lehnice;Dunajská Streda;Trnavský kraj;501735;201;SK0211;2;SK021;SK-TA
SK-93038;SK;Slovensko;93038;Nový Život;Dunajská Streda;Trnavský kraj;501808;201;SK0211;2;SK021;SK-TA
SK-93039;SK;Slovensko;93039;Zlaté Klasy;Dunajská Streda;Trnavský kraj;502022;201;SK0211;2;SK021;SK-TA
SK-93040;SK;Slovensko;93040;Štvrtok na Ostrove;Dunajská Streda;Trnavský kraj;501913;201;SK0211;2;SK021;SK-TA
SK-93041;SK;Slovensko;93041;Hviezdoslavov;Dunajská Streda;Trnavský kraj;501638;201;SK0211;2;SK021;SK-TA
SK-93051;SK;Slovensko;93051;Veľká Paka;Dunajská Streda;Trnavský kraj;501972;201;SK0211;2;SK021;SK-TA
SK-93052;SK;Slovensko;93052;Blahová;Dunajská Streda;Trnavský kraj;501484;201;SK0211;2;SK021;SK-TA
SK-93101;SK;Slovensko;93101;Šamorín;Dunajská Streda;Trnavský kraj;501905;201;SK0211;2;SK021;SK-TA
SK-93201;SK;Slovensko;93201;Veľký Meder;Dunajská Streda;Trnavský kraj;501522;201;SK0211;2;SK021;SK-TA
SK-93401;SK;Slovensko;93401;Levice;Levice;Nitriansky kraj;502031;402;SK0232;4;SK023;SK-NI
SK-93405;SK;Slovensko;93405;Levice;Levice;Nitriansky kraj;502031;402;SK0232;4;SK023;SK-NI
SK-93502;SK;Slovensko;93502;Žemberovce;Levice;Nitriansky kraj;502995;402;SK0232;4;SK023;SK-NI
SK-93503;SK;Slovensko;93503;Bátovce;Levice;Nitriansky kraj;502057;402;SK0232;4;SK023;SK-NI
SK-93504;SK;Slovensko;93504;Devičany;Levice;Nitriansky kraj;502162;402;SK0232;4;SK023;SK-NI
SK-93505;SK;Slovensko;93505;Pukanec;Levice;Nitriansky kraj;502693;402;SK0232;4;SK023;SK-NI
SK-93506;SK;Slovensko;93506;Jabloňovce;Levice;Nitriansky kraj;502383;402;SK0232;4;SK023;SK-NI
SK-93521;SK;Slovensko;93521;Tlmače;Levice;Nitriansky kraj;502863;402;SK0232;4;SK023;SK-NI
SK-93522;SK;Slovensko;93522;Kozárovce;Levice;Nitriansky kraj;502421;402;SK0232;4;SK023;SK-NI
SK-93523;SK;Slovensko;93523;Rybník;Levice;Nitriansky kraj;502707;402;SK0232;4;SK023;SK-NI
SK-93524;SK;Slovensko;93524;Čajkov;Levice;Nitriansky kraj;502111;402;SK0232;4;SK023;SK-NI
SK-93525;SK;Slovensko;93525;Nová Dedina;Levice;Nitriansky kraj;502588;402;SK0232;4;SK023;SK-NI
SK-93526;SK;Slovensko;93526;Starý Tekov;Levice;Nitriansky kraj;502766;402;SK0232;4;SK023;SK-NI
SK-93527;SK;Slovensko;93527;Podlužany;Levice;Nitriansky kraj;502669;402;SK0232;4;SK023;SK-NI
SK-93529;SK;Slovensko;93529;Hronské Kľačany;Levice;Nitriansky kraj;502332;402;SK0232;4;SK023;SK-NI
SK-93531;SK;Slovensko;93531;Horná Seč;Levice;Nitriansky kraj;502260;402;SK0232;4;SK023;SK-NI
SK-93532;SK;Slovensko;93532;Kalná nad Hronom;Levice;Nitriansky kraj;502413;402;SK0232;4;SK023;SK-NI
SK-93533;SK;Slovensko;93533;Nový Tekov;Levice;Nitriansky kraj;502596;402;SK0232;4;SK023;SK-NI
SK-93534;SK;Slovensko;93534;Veľký Ďur;Levice;Nitriansky kraj;502936;402;SK0232;4;SK023;SK-NI
SK-93535;SK;Slovensko;93535;Tehla;Levice;Nitriansky kraj;502812;402;SK0232;4;SK023;SK-NI
SK-93536;SK;Slovensko;93536;Beša;Levice;Nitriansky kraj;502065;402;SK0232;4;SK023;SK-NI
SK-93537;SK;Slovensko;93537;Dolný Pial;Levice;Nitriansky kraj;502197;402;SK0232;4;SK023;SK-NI
SK-93538;SK;Slovensko;93538;Lok;Levice;Nitriansky kraj;502481;402;SK0232;4;SK023;SK-NI
SK-93541;SK;Slovensko;93541;Tekovské Lužany;Levice;Nitriansky kraj;502821;402;SK0232;4;SK023;SK-NI
SK-93551;SK;Slovensko;93551;Ondrejovce;Levice;Nitriansky kraj;502618;402;SK0232;4;SK023;SK-NI
SK-93552;SK;Slovensko;93552;Šarovce;Levice;Nitriansky kraj;502804;402;SK0232;4;SK023;SK-NI
SK-93555;SK;Slovensko;93555;Zbrojníky;Levice;Nitriansky kraj;502979;402;SK0232;4;SK023;SK-NI
SK-93556;SK;Slovensko;93556;Mýtne Ludany;Levice;Nitriansky kraj;502570;402;SK0232;4;SK023;SK-NI
SK-93557;SK;Slovensko;93557;Jur nad Hronom;Levice;Nitriansky kraj;502391;402;SK0232;4;SK023;SK-NI
SK-93561;SK;Slovensko;93561;Hronovce;Levice;Nitriansky kraj;502324;402;SK0232;4;SK023;SK-NI
SK-93562;SK;Slovensko;93562;Pohronský Ruskov;Levice;Nitriansky kraj;502677;402;SK0232;4;SK023;SK-NI
SK-93563;SK;Slovensko;93563;Čata;Levice;Nitriansky kraj;555843;402;SK0232;4;SK023;SK-NI
SK-93564;SK;Slovensko;93564;Keť;Levice;Nitriansky kraj;502472;402;SK0232;4;SK023;SK-NI
SK-93565;SK;Slovensko;93565;Veľké Ludince;Levice;Nitriansky kraj;502910;402;SK0232;4;SK023;SK-NI
SK-93566;SK;Slovensko;93566;Farná;Levice;Nitriansky kraj;502227;402;SK0232;4;SK023;SK-NI
SK-93567;SK;Slovensko;93567;Nýrovce;Levice;Nitriansky kraj;502600;402;SK0232;4;SK023;SK-NI
SK-93568;SK;Slovensko;93568;Čaka;Levice;Nitriansky kraj;502120;402;SK0232;4;SK023;SK-NI
SK-93569;SK;Slovensko;93569;Plavé Vozokany;Levice;Nitriansky kraj;502651;402;SK0232;4;SK023;SK-NI
SK-93571;SK;Slovensko;93571;Šalov;Levice;Nitriansky kraj;502791;402;SK0232;4;SK023;SK-NI
SK-93574;SK;Slovensko;93574;Pastovce;Levice;Nitriansky kraj;502626;402;SK0232;4;SK023;SK-NI
SK-93575;SK;Slovensko;93575;Ipeľský Sokolec;Levice;Nitriansky kraj;502375;402;SK0232;4;SK023;SK-NI
SK-93577;SK;Slovensko;93577;Vyškovce nad Ipľom;Levice;Nitriansky kraj;502944;402;SK0232;4;SK023;SK-NI
SK-93581;SK;Slovensko;93581;Veľké Turovce;Levice;Nitriansky kraj;502928;402;SK0232;4;SK023;SK-NI
SK-93582;SK;Slovensko;93582;Plášťovce;Levice;Nitriansky kraj;502642;402;SK0232;4;SK023;SK-NI
SK-93584;SK;Slovensko;93584;Horné Semerovce;Levice;Nitriansky kraj;502278;402;SK0232;4;SK023;SK-NI
SK-93585;SK;Slovensko;93585;Demandice;Levice;Nitriansky kraj;502154;402;SK0232;4;SK023;SK-NI
SK-93586;SK;Slovensko;93586;Hontianske Trsťany;Levice;Nitriansky kraj;545350;402;SK0232;4;SK023;SK-NI
SK-93587;SK;Slovensko;93587;Santovka;Levice;Nitriansky kraj;502715;402;SK0232;4;SK023;SK-NI
SK-93601;SK;Slovensko;93601;Šahy;Levice;Nitriansky kraj;502782;402;SK0232;4;SK023;SK-NI
SK-93701;SK;Slovensko;93701;Želiezovce;Levice;Nitriansky kraj;502987;402;SK0232;4;SK023;SK-NI
SK-94002;SK;Slovensko;94002;Nové Zámky;Nové Zámky;Nitriansky kraj;503011;404;SK0234;4;SK023;SK-NI
SK-94101;SK;Slovensko;94101;Bánov;Nové Zámky;Nitriansky kraj;503045;404;SK0234;4;SK023;SK-NI
SK-94102;SK;Slovensko;94102;Lipová;Nové Zámky;Nitriansky kraj;503321;404;SK0234;4;SK023;SK-NI
SK-94103;SK;Slovensko;94103;Úľany nad Žitavou;Nové Zámky;Nitriansky kraj;556050;404;SK0234;4;SK023;SK-NI
SK-94104;SK;Slovensko;94104;Mojzesovo;Nové Zámky;Nitriansky kraj;503398;404;SK0234;4;SK023;SK-NI
SK-94105;SK;Slovensko;94105;Černík;Nové Zámky;Nitriansky kraj;503126;404;SK0234;4;SK023;SK-NI
SK-94106;SK;Slovensko;94106;Komjatice;Nové Zámky;Nitriansky kraj;503282;404;SK0234;4;SK023;SK-NI
SK-94107;SK;Slovensko;94107;Veľký Kýr;Nové Zámky;Nitriansky kraj;503380;404;SK0234;4;SK023;SK-NI
SK-94110;SK;Slovensko;94110;Tvrdošovce;Nové Zámky;Nitriansky kraj;503614;404;SK0234;4;SK023;SK-NI
SK-94111;SK;Slovensko;94111;Palárikovo;Nové Zámky;Nitriansky kraj;503452;404;SK0234;4;SK023;SK-NI
SK-94121;SK;Slovensko;94121;Komoča;Nové Zámky;Nitriansky kraj;503291;404;SK0234;4;SK023;SK-NI
SK-94122;SK;Slovensko;94122;Zemné;Nové Zámky;Nitriansky kraj;503649;404;SK0234;4;SK023;SK-NI
SK-94123;SK;Slovensko;94123;Andovce;Nové Zámky;Nitriansky kraj;503029;404;SK0234;4;SK023;SK-NI
SK-94131;SK;Slovensko;94131;Dvory nad Žitavou;Nové Zámky;Nitriansky kraj;503177;404;SK0234;4;SK023;SK-NI
SK-94132;SK;Slovensko;94132;Semerovo;Nové Zámky;Nitriansky kraj;503533;404;SK0234;4;SK023;SK-NI
SK-94133;SK;Slovensko;94133;Kolta;Nové Zámky;Nitriansky kraj;503274;404;SK0234;4;SK023;SK-NI
SK-94134;SK;Slovensko;94134;Jasová;Nové Zámky;Nitriansky kraj;503215;404;SK0234;4;SK023;SK-NI
SK-94135;SK;Slovensko;94135;Dubník;Nové Zámky;Nitriansky kraj;503169;404;SK0234;4;SK023;SK-NI
SK-94136;SK;Slovensko;94136;Rúbaň;Nové Zámky;Nitriansky kraj;503517;404;SK0234;4;SK023;SK-NI
SK-94137;SK;Slovensko;94137;Strekov;Nové Zámky;Nitriansky kraj;503550;404;SK0234;4;SK023;SK-NI
SK-94141;SK;Slovensko;94141;Bešeňov;Nové Zámky;Nitriansky kraj;503070;404;SK0234;4;SK023;SK-NI
SK-94142;SK;Slovensko;94142;Veľké Lovce;Nové Zámky;Nitriansky kraj;503631;404;SK0234;4;SK023;SK-NI
SK-94143;SK;Slovensko;94143;Dolný Ohaj;Nové Zámky;Nitriansky kraj;503151;404;SK0234;4;SK023;SK-NI
SK-94144;SK;Slovensko;94144;Hul;Nové Zámky;Nitriansky kraj;503193;404;SK0234;4;SK023;SK-NI
SK-94145;SK;Slovensko;94145;Maňa;Nové Zámky;Nitriansky kraj;503363;404;SK0234;4;SK023;SK-NI
SK-94146;SK;Slovensko;94146;Trávnica;Nové Zámky;Nitriansky kraj;503606;404;SK0234;4;SK023;SK-NI
SK-94147;SK;Slovensko;94147;Radava;Nové Zámky;Nitriansky kraj;503495;404;SK0234;4;SK023;SK-NI
SK-94148;SK;Slovensko;94148;Podhájska;Nové Zámky;Nitriansky kraj;503479;404;SK0234;4;SK023;SK-NI
SK-94149;SK;Slovensko;94149;Bardoňovo;Nové Zámky;Nitriansky kraj;503053;404;SK0234;4;SK023;SK-NI
SK-94150;SK;Slovensko;94150;Dedinka;Nové Zámky;Nitriansky kraj;503134;404;SK0234;4;SK023;SK-NI
SK-94151;SK;Slovensko;94151;Pozba;Nové Zámky;Nitriansky kraj;503487;404;SK0234;4;SK023;SK-NI
SK-94162;SK;Slovensko;94162;Kmeťovo;Nové Zámky;Nitriansky kraj;503266;404;SK0234;4;SK023;SK-NI
SK-94201;SK;Slovensko;94201;Šurany;Nové Zámky;Nitriansky kraj;503592;404;SK0234;4;SK023;SK-NI
SK-94301;SK;Slovensko;94301;Štúrovo;Nové Zámky;Nitriansky kraj;503584;404;SK0234;4;SK023;SK-NI
SK-94304;SK;Slovensko;94304;Obid;Nové Zámky;Nitriansky kraj;582361;404;SK0234;4;SK023;SK-NI
SK-94342;SK;Slovensko;94342;Gbelce;Nové Zámky;Nitriansky kraj;503185;404;SK0234;4;SK023;SK-NI
SK-94352;SK;Slovensko;94352;Mužla;Nové Zámky;Nitriansky kraj;503401;404;SK0234;4;SK023;SK-NI
SK-94353;SK;Slovensko;94353;Belá;Nové Zámky;Nitriansky kraj;503061;404;SK0234;4;SK023;SK-NI
SK-94354;SK;Slovensko;94354;Svodín;Nové Zámky;Nitriansky kraj;503568;404;SK0234;4;SK023;SK-NI
SK-94355;SK;Slovensko;94355;Bruty;Nové Zámky;Nitriansky kraj;503100;404;SK0234;4;SK023;SK-NI
SK-94356;SK;Slovensko;94356;Bíňa;Nové Zámky;Nitriansky kraj;503088;404;SK0234;4;SK023;SK-NI
SK-94357;SK;Slovensko;94357;Kamenín;Nové Zámky;Nitriansky kraj;503240;404;SK0234;4;SK023;SK-NI
SK-94358;SK;Slovensko;94358;Kamenný Most;Nové Zámky;Nitriansky kraj;503258;404;SK0234;4;SK023;SK-NI
SK-94359;SK;Slovensko;94359;Sikenička;Nové Zámky;Nitriansky kraj;503541;404;SK0234;4;SK023;SK-NI
SK-94360;SK;Slovensko;94360;Nána;Nové Zámky;Nitriansky kraj;556092;404;SK0234;4;SK023;SK-NI
SK-94361;SK;Slovensko;94361;Salka;Nové Zámky;Nitriansky kraj;503525;404;SK0234;4;SK023;SK-NI
SK-94365;SK;Slovensko;94365;Kamenica nad Hronom;Nové Zámky;Nitriansky kraj;503231;404;SK0234;4;SK023;SK-NI
SK-94501;SK;Slovensko;94501;Komárno;Komárno;Nitriansky kraj;501026;401;SK0231;4;SK023;SK-NI
SK-94504;SK;Slovensko;94504;Komárno;Komárno;Nitriansky kraj;501026;401;SK0231;4;SK023;SK-NI
SK-94505;SK;Slovensko;94505;Komárno;Komárno;Nitriansky kraj;501026;401;SK0231;4;SK023;SK-NI
SK-94601;SK;Slovensko;94601;Kameničná;Komárno;Nitriansky kraj;501182;401;SK0231;4;SK023;SK-NI
SK-94602;SK;Slovensko;94602;Čalovec;Komárno;Nitriansky kraj;501085;401;SK0231;4;SK023;SK-NI
SK-94603;SK;Slovensko;94603;Kolárovo;Komárno;Nitriansky kraj;501204;401;SK0231;4;SK023;SK-NI
SK-94612;SK;Slovensko;94612;Zlatná na Ostrove;Komárno;Nitriansky kraj;501425;401;SK0231;4;SK023;SK-NI
SK-94613;SK;Slovensko;94613;Okoličná na Ostrove;Komárno;Nitriansky kraj;501301;401;SK0231;4;SK023;SK-NI
SK-94614;SK;Slovensko;94614;Zemianska Olča;Komárno;Nitriansky kraj;501417;401;SK0231;4;SK023;SK-NI
SK-94615;SK;Slovensko;94615;Tôň;Komárno;Nitriansky kraj;501361;401;SK0231;4;SK023;SK-NI
SK-94616;SK;Slovensko;94616;Holiare;Komárno;Nitriansky kraj;580911;401;SK0231;4;SK023;SK-NI
SK-94617;SK;Slovensko;94617;Sokolce;Komárno;Nitriansky kraj;501344;401;SK0231;4;SK023;SK-NI
SK-94619;SK;Slovensko;94619;Číčov;Komárno;Nitriansky kraj;501093;401;SK0231;4;SK023;SK-NI
SK-94621;SK;Slovensko;94621;Veľké Kosihy;Komárno;Nitriansky kraj;501387;401;SK0231;4;SK023;SK-NI
SK-94631;SK;Slovensko;94631;Chotín;Komárno;Nitriansky kraj;501158;401;SK0231;4;SK023;SK-NI
SK-94632;SK;Slovensko;94632;Marcelová;Komárno;Nitriansky kraj;501239;401;SK0231;4;SK023;SK-NI
SK-94633;SK;Slovensko;94633;Modrany;Komárno;Nitriansky kraj;501263;401;SK0231;4;SK023;SK-NI
SK-94634;SK;Slovensko;94634;Bátorove Kosihy;Komárno;Nitriansky kraj;501395;401;SK0231;4;SK023;SK-NI
SK-94635;SK;Slovensko;94635;Búč;Komárno;Nitriansky kraj;501077;401;SK0231;4;SK023;SK-NI
SK-94636;SK;Slovensko;94636;Kravany nad Dunajom;Komárno;Nitriansky kraj;501212;401;SK0231;4;SK023;SK-NI
SK-94637;SK;Slovensko;94637;Moča;Komárno;Nitriansky kraj;501255;401;SK0231;4;SK023;SK-NI
SK-94638;SK;Slovensko;94638;Radvaň nad Dunajom;Komárno;Nitriansky kraj;501336;401;SK0231;4;SK023;SK-NI
SK-94639;SK;Slovensko;94639;Iža;Komárno;Nitriansky kraj;501174;401;SK0231;4;SK023;SK-NI
SK-94651;SK;Slovensko;94651;Nesvady;Komárno;Nitriansky kraj;501280;401;SK0231;4;SK023;SK-NI
SK-94652;SK;Slovensko;94652;Imeľ;Komárno;Nitriansky kraj;501166;401;SK0231;4;SK023;SK-NI
SK-94654;SK;Slovensko;94654;Bajč;Komárno;Nitriansky kraj;501034;401;SK0231;4;SK023;SK-NI
SK-94655;SK;Slovensko;94655;Pribeta;Komárno;Nitriansky kraj;501328;401;SK0231;4;SK023;SK-NI
SK-94656;SK;Slovensko;94656;Dulovce;Komárno;Nitriansky kraj;501123;401;SK0231;4;SK023;SK-NI
SK-94657;SK;Slovensko;94657;Svätý Peter;Komárno;Nitriansky kraj;501115;401;SK0231;4;SK023;SK-NI
SK-94701;SK;Slovensko;94701;Hurbanovo;Komárno;Nitriansky kraj;501140;401;SK0231;4;SK023;SK-NI
SK-94703;SK;Slovensko;94703;Hurbanovo;Komárno;Nitriansky kraj;501140;401;SK0231;4;SK023;SK-NI
SK-94901;SK;Slovensko;94901;Nitra;Nitra;Nitriansky kraj;500011;403;SK0233;4;SK023;SK-NI
SK-94905;SK;Slovensko;94905;Nitra;Nitra;Nitriansky kraj;500011;403;SK0233;4;SK023;SK-NI
SK-94907;SK;Slovensko;94907;Nitra;Nitra;Nitriansky kraj;500011;403;SK0233;4;SK023;SK-NI
SK-94911;SK;Slovensko;94911;Nitra;Nitra;Nitriansky kraj;500011;403;SK0233;4;SK023;SK-NI
SK-95101;SK;Slovensko;95101;Nitrianske Hrnčiarovce;Nitra;Nitriansky kraj;556696;403;SK0233;4;SK023;SK-NI
SK-95102;SK;Slovensko;95102;Pohranice;Nitra;Nitriansky kraj;500682;403;SK0233;4;SK023;SK-NI
SK-95103;SK;Slovensko;95103;Čeľadice;Nitra;Nitriansky kraj;500135;403;SK0233;4;SK023;SK-NI
SK-95104;SK;Slovensko;95104;Veľký Lapáš;Nitra;Nitriansky kraj;555860;403;SK0233;4;SK023;SK-NI
SK-95105;SK;Slovensko;95105;Veľký Cetín;Nitra;Nitriansky kraj;500895;403;SK0233;4;SK023;SK-NI
SK-95106;SK;Slovensko;95106;Vinodol;Nitra;Nitriansky kraj;500917;403;SK0233;4;SK023;SK-NI
SK-95107;SK;Slovensko;95107;Čechynce;Nitra;Nitriansky kraj;555886;403;SK0233;4;SK023;SK-NI
SK-95108;SK;Slovensko;95108;Golianovo;Nitra;Nitriansky kraj;500232;403;SK0233;4;SK023;SK-NI
SK-95112;SK;Slovensko;95112;Ivanka pri Nitre;Nitra;Nitriansky kraj;558320;403;SK0233;4;SK023;SK-NI
SK-95113;SK;Slovensko;95113;Branč;Nitra;Nitriansky kraj;500071;403;SK0233;4;SK023;SK-NI
SK-95115;SK;Slovensko;95115;Mojmírovce;Nitra;Nitriansky kraj;500577;403;SK0233;4;SK023;SK-NI
SK-95116;SK;Slovensko;95116;Svätoplukovo;Nitra;Nitriansky kraj;555991;403;SK0233;4;SK023;SK-NI
SK-95117;SK;Slovensko;95117;Cabaj-Čápor;Nitra;Nitriansky kraj;545589;403;SK0233;4;SK023;SK-NI
SK-95121;SK;Slovensko;95121;Rišňovce;Nitra;Nitriansky kraj;500704;403;SK0233;4;SK023;SK-NI
SK-95122;SK;Slovensko;95122;Alekšince;Nitra;Nitriansky kraj;500020;403;SK0233;4;SK023;SK-NI
SK-95123;SK;Slovensko;95123;Lukáčovce;Nitra;Nitriansky kraj;500488;403;SK0233;4;SK023;SK-NI
SK-95124;SK;Slovensko;95124;Nové Sady;Nitra;Nitriansky kraj;500640;403;SK0233;4;SK023;SK-NI
SK-95125;SK;Slovensko;95125;Hruboňovo;Nitra;Nitriansky kraj;500313;403;SK0233;4;SK023;SK-NI
SK-95126;SK;Slovensko;95126;Šurianky;Nitra;Nitriansky kraj;500780;403;SK0233;4;SK023;SK-NI
SK-95131;SK;Slovensko;95131;Močenok;Šaľa;Nitriansky kraj;500739;405;SK0235;4;SK023;SK-NI
SK-95132;SK;Slovensko;95132;Horná Kráľová;Šaľa;Nitriansky kraj;555878;405;SK0235;4;SK023;SK-NI
SK-95133;SK;Slovensko;95133;Hájske;Šaľa;Nitriansky kraj;500241;405;SK0235;4;SK023;SK-NI
SK-95134;SK;Slovensko;95134;Báb;Nitra;Nitriansky kraj;500046;403;SK0233;4;SK023;SK-NI
SK-95135;SK;Slovensko;95135;Veľké Zálužie;Nitra;Nitriansky kraj;500887;403;SK0233;4;SK023;SK-NI
SK-95136;SK;Slovensko;95136;Lehota;Nitra;Nitriansky kraj;500453;403;SK0233;4;SK023;SK-NI
SK-95137;SK;Slovensko;95137;Rumanová;Nitra;Nitriansky kraj;500712;403;SK0233;4;SK023;SK-NI
SK-95141;SK;Slovensko;95141;Lužianky;Nitra;Nitriansky kraj;580899;403;SK0233;4;SK023;SK-NI
SK-95142;SK;Slovensko;95142;Zbehy;Nitra;Nitriansky kraj;500950;403;SK0233;4;SK023;SK-NI
SK-95143;SK;Slovensko;95143;Čakajovce;Nitra;Nitriansky kraj;500101;403;SK0233;4;SK023;SK-NI
SK-95144;SK;Slovensko;95144;Výčapy-Opatovce;Nitra;Nitriansky kraj;500941;403;SK0233;4;SK023;SK-NI
SK-95145;SK;Slovensko;95145;Horné Lefantovce;Nitra;Nitriansky kraj;545635;403;SK0233;4;SK023;SK-NI
SK-95146;SK;Slovensko;95146;Podhorany;Nitra;Nitriansky kraj;500674;403;SK0233;4;SK023;SK-NI
SK-95148;SK;Slovensko;95148;Jarok;Nitra;Nitriansky kraj;500356;403;SK0233;4;SK023;SK-NI
SK-95151;SK;Slovensko;95151;Nová Ves nad Žitavou;Nitra;Nitriansky kraj;500631;403;SK0233;4;SK023;SK-NI
SK-95152;SK;Slovensko;95152;Slepčany;Zlaté Moravce;Nitriansky kraj;500755;407;SK0237;4;SK023;SK-NI
SK-95153;SK;Slovensko;95153;Klasov;Nitra;Nitriansky kraj;500402;403;SK0233;4;SK023;SK-NI
SK-95154;SK;Slovensko;95154;Malé Chyndice;Nitra;Nitriansky kraj;556785;403;SK0233;4;SK023;SK-NI
SK-95161;SK;Slovensko;95161;Čifáre;Nitra;Nitriansky kraj;500160;403;SK0233;4;SK023;SK-NI
SK-95162;SK;Slovensko;95162;Nevidzany;Zlaté Moravce;Nitriansky kraj;500607;407;SK0237;4;SK023;SK-NI
SK-95171;SK;Slovensko;95171;Sľažany;Zlaté Moravce;Nitriansky kraj;500747;407;SK0237;4;SK023;SK-NI
SK-95172;SK;Slovensko;95172;Neverice;Zlaté Moravce;Nitriansky kraj;500593;407;SK0237;4;SK023;SK-NI
SK-95173;SK;Slovensko;95173;Jelenec;Nitra;Nitriansky kraj;500372;403;SK0233;4;SK023;SK-NI
SK-95174;SK;Slovensko;95174;Žirany;Nitra;Nitriansky kraj;500992;403;SK0233;4;SK023;SK-NI
SK-95175;SK;Slovensko;95175;Beladice;Zlaté Moravce;Nitriansky kraj;500062;407;SK0237;4;SK023;SK-NI
SK-95176;SK;Slovensko;95176;Tesárske Mlyňany;Zlaté Moravce;Nitriansky kraj;500810;407;SK0237;4;SK023;SK-NI
SK-95177;SK;Slovensko;95177;Ladice;Zlaté Moravce;Nitriansky kraj;500437;407;SK0237;4;SK023;SK-NI
SK-95178;SK;Slovensko;95178;Kolíňany;Nitra;Nitriansky kraj;500411;403;SK0233;4;SK023;SK-NI
SK-95181;SK;Slovensko;95181;Nemčiňany;Zlaté Moravce;Nitriansky kraj;500585;407;SK0237;4;SK023;SK-NI
SK-95182;SK;Slovensko;95182;Červený Hrádok;Zlaté Moravce;Nitriansky kraj;555916;407;SK0237;4;SK023;SK-NI
SK-95185;SK;Slovensko;95185;Skýcov;Zlaté Moravce;Nitriansky kraj;500721;407;SK0237;4;SK023;SK-NI
SK-95187;SK;Slovensko;95187;Volkovce;Zlaté Moravce;Nitriansky kraj;500925;407;SK0237;4;SK023;SK-NI
SK-95188;SK;Slovensko;95188;Lúčnica nad Žitavou;Nitra;Nitriansky kraj;500470;403;SK0233;4;SK023;SK-NI
SK-95191;SK;Slovensko;95191;Hosťovce;Zlaté Moravce;Nitriansky kraj;500305;407;SK0237;4;SK023;SK-NI
SK-95192;SK;Slovensko;95192;Žikava;Zlaté Moravce;Nitriansky kraj;500984;407;SK0237;4;SK023;SK-NI
SK-95193;SK;Slovensko;95193;Topoľčianky;Zlaté Moravce;Nitriansky kraj;500828;407;SK0237;4;SK023;SK-NI
SK-95194;SK;Slovensko;95194;Hostie;Zlaté Moravce;Nitriansky kraj;500283;407;SK0237;4;SK023;SK-NI
SK-95195;SK;Slovensko;95195;Obyce;Zlaté Moravce;Nitriansky kraj;500658;407;SK0237;4;SK023;SK-NI
SK-95196;SK;Slovensko;95196;Jedľové Kostoľany;Zlaté Moravce;Nitriansky kraj;500364;407;SK0237;4;SK023;SK-NI
SK-95197;SK;Slovensko;95197;Žitavany;Zlaté Moravce;Nitriansky kraj;582816;407;SK0237;4;SK023;SK-NI
SK-95201;SK;Slovensko;95201;Vráble;Nitra;Nitriansky kraj;500933;403;SK0233;4;SK023;SK-NI
SK-95301;SK;Slovensko;95301;Zlaté Moravce;Zlaté Moravce;Nitriansky kraj;500968;407;SK0237;4;SK023;SK-NI
SK-95305;SK;Slovensko;95305;Čierne Kľačany;Zlaté Moravce;Nitriansky kraj;500151;407;SK0237;4;SK023;SK-NI
SK-95501;SK;Slovensko;95501;Topoľčany;Topoľčany;Nitriansky kraj;504998;406;SK0236;4;SK023;SK-NI
SK-95503;SK;Slovensko;95503;Topoľčany;Topoľčany;Nitriansky kraj;504998;406;SK0236;4;SK023;SK-NI
SK-95601;SK;Slovensko;95601;Bojná;Topoľčany;Nitriansky kraj;542717;406;SK0236;4;SK023;SK-NI
SK-95602;SK;Slovensko;95602;Urmince;Topoľčany;Nitriansky kraj;505641;406;SK0236;4;SK023;SK-NI
SK-95603;SK;Slovensko;95603;Horné Štitáre;Topoľčany;Nitriansky kraj;542954;406;SK0236;4;SK023;SK-NI
SK-95605;SK;Slovensko;95605;Radošina;Topoľčany;Nitriansky kraj;505421;406;SK0236;4;SK023;SK-NI
SK-95606;SK;Slovensko;95606;Šalgovce;Topoľčany;Nitriansky kraj;505536;406;SK0236;4;SK023;SK-NI
SK-95607;SK;Slovensko;95607;Veľké Ripňany;Topoľčany;Nitriansky kraj;505714;406;SK0236;4;SK023;SK-NI
SK-95608;SK;Slovensko;95608;Horné Obdokovce;Topoľčany;Nitriansky kraj;542938;406;SK0236;4;SK023;SK-NI
SK-95611;SK;Slovensko;95611;Ludanice;Topoľčany;Nitriansky kraj;505048;406;SK0236;4;SK023;SK-NI
SK-95612;SK;Slovensko;95612;Preseľany;Topoľčany;Nitriansky kraj;505404;406;SK0236;4;SK023;SK-NI
SK-95613;SK;Slovensko;95613;Hrušovany;Topoľčany;Nitriansky kraj;542971;406;SK0236;4;SK023;SK-NI
SK-95614;SK;Slovensko;95614;Oponice;Topoľčany;Nitriansky kraj;505285;406;SK0236;4;SK023;SK-NI
SK-95615;SK;Slovensko;95615;Kovarce;Topoľčany;Nitriansky kraj;543071;406;SK0236;4;SK023;SK-NI
SK-95616;SK;Slovensko;95616;Nitrianska Streda;Topoľčany;Nitriansky kraj;505242;406;SK0236;4;SK023;SK-NI
SK-95617;SK;Slovensko;95617;Solčany;Topoľčany;Nitriansky kraj;505498;406;SK0236;4;SK023;SK-NI
SK-95618;SK;Slovensko;95618;Bošany;Partizánske;Trenčiansky kraj;542733;305;SK0225;3;SK022;SK-TC
SK-95619;SK;Slovensko;95619;Krnča;Topoľčany;Nitriansky kraj;543101;406;SK0236;4;SK023;SK-NI
SK-95621;SK;Slovensko;95621;Jacovce;Topoľčany;Nitriansky kraj;556157;406;SK0236;4;SK023;SK-NI
SK-95622;SK;Slovensko;95622;Prašice;Topoľčany;Nitriansky kraj;505374;406;SK0236;4;SK023;SK-NI
SK-95631;SK;Slovensko;95631;Krušovce;Topoľčany;Nitriansky kraj;556149;406;SK0236;4;SK023;SK-NI
SK-95632;SK;Slovensko;95632;Nadlice;Partizánske;Trenčiansky kraj;505170;305;SK0225;3;SK022;SK-TC
SK-95633;SK;Slovensko;95633;Chynorany;Partizánske;Trenčiansky kraj;543004;305;SK0225;3;SK022;SK-TC
SK-95634;SK;Slovensko;95634;Ostratice;Partizánske;Trenčiansky kraj;505307;305;SK0225;3;SK022;SK-TC
SK-95635;SK;Slovensko;95635;Nedašovce;Bánovce nad Bebravou;Trenčiansky kraj;505200;301;SK0221;3;SK022;SK-TC
SK-95636;SK;Slovensko;95636;Rybany;Bánovce nad Bebravou;Trenčiansky kraj;505455;301;SK0221;3;SK022;SK-TC
SK-95637;SK;Slovensko;95637;Zlatníky;Bánovce nad Bebravou;Trenčiansky kraj;505790;301;SK0221;3;SK022;SK-TC
SK-95638;SK;Slovensko;95638;Šišov;Bánovce nad Bebravou;Trenčiansky kraj;505552;301;SK0221;3;SK022;SK-TC
SK-95641;SK;Slovensko;95641;Uhrovec;Bánovce nad Bebravou;Trenčiansky kraj;505625;301;SK0221;3;SK022;SK-TC
SK-95652;SK;Slovensko;95652;Podlužany;Bánovce nad Bebravou;Trenčiansky kraj;505358;301;SK0221;3;SK022;SK-TC
SK-95653;SK;Slovensko;95653;Krásna Ves;Bánovce nad Bebravou;Trenčiansky kraj;543080;301;SK0221;3;SK022;SK-TC
SK-95654;SK;Slovensko;95654;Veľké Držkovce;Bánovce nad Bebravou;Trenčiansky kraj;545651;301;SK0221;3;SK022;SK-TC
SK-95655;SK;Slovensko;95655;Dvorec;Bánovce nad Bebravou;Trenčiansky kraj;542873;301;SK0221;3;SK022;SK-TC
SK-95701;SK;Slovensko;95701;Bánovce nad Bebravou;Bánovce nad Bebravou;Trenčiansky kraj;542652;301;SK0221;3;SK022;SK-TC
SK-95703;SK;Slovensko;95703;Dežerice;Bánovce nad Bebravou;Trenčiansky kraj;542822;301;SK0221;3;SK022;SK-TC
SK-95704;SK;Slovensko;95704;Bánovce nad Bebravou;Bánovce nad Bebravou;Trenčiansky kraj;542652;301;SK0221;3;SK022;SK-TC
SK-95801;SK;Slovensko;95801;Partizánske;Partizánske;Trenčiansky kraj;505315;305;SK0225;3;SK022;SK-TC
SK-95803;SK;Slovensko;95803;Partizánske;Partizánske;Trenčiansky kraj;505315;305;SK0225;3;SK022;SK-TC
SK-95804;SK;Slovensko;95804;Partizánske;Partizánske;Trenčiansky kraj;505315;305;SK0225;3;SK022;SK-TC
SK-95806;SK;Slovensko;95806;Partizánske;Partizánske;Trenčiansky kraj;505315;305;SK0225;3;SK022;SK-TC
SK-95841;SK;Slovensko;95841;Veľké Uherce;Partizánske;Trenčiansky kraj;505722;305;SK0225;3;SK022;SK-TC
SK-95842;SK;Slovensko;95842;Brodzany;Partizánske;Trenčiansky kraj;580449;305;SK0225;3;SK022;SK-TC
SK-95843;SK;Slovensko;95843;Nedanovce;Partizánske;Trenčiansky kraj;505196;305;SK0225;3;SK022;SK-TC
SK-95844;SK;Slovensko;95844;Klátova Nová Ves;Partizánske;Trenčiansky kraj;543047;305;SK0225;3;SK022;SK-TC
SK-95845;SK;Slovensko;95845;Veľký Klíž;Partizánske;Trenčiansky kraj;505731;305;SK0225;3;SK022;SK-TC
SK-95852;SK;Slovensko;95852;Žabokreky nad Nitrou;Partizánske;Trenčiansky kraj;505803;305;SK0225;3;SK022;SK-TC
SK-95853;SK;Slovensko;95853;Skačany;Partizánske;Trenčiansky kraj;505463;305;SK0225;3;SK022;SK-TC
SK-95854;SK;Slovensko;95854;Hradište;Partizánske;Trenčiansky kraj;542962;305;SK0225;3;SK022;SK-TC
SK-96001;SK;Slovensko;96001;Zvolen;Zvolen;Banskobystrický kraj;518158;611;SK032B;6;SK032;SK-BC
SK-96201;SK;Slovensko;96201;Zvolenská Slatina;Zvolen;Banskobystrický kraj;518972;611;SK032B;6;SK032;SK-BC
SK-96202;SK;Slovensko;96202;Vígľaš;Detva;Banskobystrický kraj;518921;604;SK0324;6;SK032;SK-BC
SK-96204;SK;Slovensko;96204;Kriváň;Detva;Banskobystrický kraj;518549;604;SK0324;6;SK032;SK-BC
SK-96205;SK;Slovensko;96205;Hriňová;Detva;Banskobystrický kraj;518468;604;SK0324;6;SK032;SK-BC
SK-96212;SK;Slovensko;96212;Detva;Detva;Banskobystrický kraj;518263;604;SK0324;6;SK032;SK-BC
SK-96221;SK;Slovensko;96221;Lieskovec;Zvolen;Banskobystrický kraj;558133;611;SK032B;6;SK032;SK-BC
SK-96223;SK;Slovensko;96223;Očová;Zvolen;Banskobystrický kraj;518662;611;SK032B;6;SK032;SK-BC
SK-96225;SK;Slovensko;96225;Stará Huta;Detva;Banskobystrický kraj;518816;604;SK0324;6;SK032;SK-BC
SK-96231;SK;Slovensko;96231;Sliač;Zvolen;Banskobystrický kraj;518808;611;SK032B;6;SK032;SK-BC
SK-96233;SK;Slovensko;96233;Budča;Zvolen;Banskobystrický kraj;518204;611;SK032B;6;SK032;SK-BC
SK-96234;SK;Slovensko;96234;Železná Breznica;Zvolen;Banskobystrický kraj;518981;611;SK032B;6;SK032;SK-BC
SK-96237;SK;Slovensko;96237;Kováčová;Zvolen;Banskobystrický kraj;518506;611;SK032B;6;SK032;SK-BC
SK-96241;SK;Slovensko;96241;Bzovík;Krupina;Banskobystrický kraj;518212;605;SK0325;6;SK032;SK-BC
SK-96243;SK;Slovensko;96243;Senohrad;Krupina;Banskobystrický kraj;518751;605;SK0325;6;SK032;SK-BC
SK-96244;SK;Slovensko;96244;Litava;Krupina;Banskobystrický kraj;518611;605;SK0325;6;SK032;SK-BC
SK-96251;SK;Slovensko;96251;Čabradský Vrbovok;Krupina;Banskobystrický kraj;518247;605;SK0325;6;SK032;SK-BC
SK-96252;SK;Slovensko;96252;Cerovo;Krupina;Banskobystrický kraj;518239;605;SK0325;6;SK032;SK-BC
SK-96255;SK;Slovensko;96255;Rykynčice;Krupina;Banskobystrický kraj;518701;605;SK0325;6;SK032;SK-BC
SK-96261;SK;Slovensko;96261;Dobrá Niva;Zvolen;Banskobystrický kraj;518298;611;SK032B;6;SK032;SK-BC
SK-96262;SK;Slovensko;96262;Sása;Zvolen;Banskobystrický kraj;518727;611;SK032B;6;SK032;SK-BC
SK-96263;SK;Slovensko;96263;Pliešovce;Zvolen;Banskobystrický kraj;518689;611;SK032B;6;SK032;SK-BC
SK-96265;SK;Slovensko;96265;Hontianske Nemce;Krupina;Banskobystrický kraj;518417;605;SK0325;6;SK032;SK-BC
SK-96266;SK;Slovensko;96266;Sebechleby;Krupina;Banskobystrický kraj;518735;605;SK0325;6;SK032;SK-BC
SK-96268;SK;Slovensko;96268;Hontianske Tesáre;Krupina;Banskobystrický kraj;518425;605;SK0325;6;SK032;SK-BC
SK-96271;SK;Slovensko;96271;Dudince;Krupina;Banskobystrický kraj;518387;605;SK0325;6;SK032;SK-BC
SK-96275;SK;Slovensko;96275;Horný Tisovník;Detva;Banskobystrický kraj;518450;604;SK0324;6;SK032;SK-BC
SK-96301;SK;Slovensko;96301;Krupina;Krupina;Banskobystrický kraj;518557;605;SK0325;6;SK032;SK-BC
SK-96501;SK;Slovensko;96501;Žiar nad Hronom;Žiar nad Hronom;Banskobystrický kraj;516589;613;SK032D;6;SK032;SK-BC
SK-96601;SK;Slovensko;96601;Hliník nad Hronom;Žiar nad Hronom;Banskobystrický kraj;516767;613;SK032D;6;SK032;SK-BC
SK-96602;SK;Slovensko;96602;Vyhne;Žiar nad Hronom;Banskobystrický kraj;517364;613;SK032D;6;SK032;SK-BC
SK-96603;SK;Slovensko;96603;Sklené Teplice;Žiar nad Hronom;Banskobystrický kraj;517241;613;SK032D;6;SK032;SK-BC
SK-96604;SK;Slovensko;96604;Prochot;Žiar nad Hronom;Banskobystrický kraj;517194;613;SK032D;6;SK032;SK-BC
SK-96611;SK;Slovensko;96611;Trnavá Hora;Žiar nad Hronom;Banskobystrický kraj;517313;613;SK032D;6;SK032;SK-BC
SK-96615;SK;Slovensko;96615;Banská Belá;Banská Štiavnica;Banskobystrický kraj;516627;602;SK0322;6;SK032;SK-BC
SK-96621;SK;Slovensko;96621;Lovča;Žiar nad Hronom;Banskobystrický kraj;517020;613;SK032D;6;SK032;SK-BC
SK-96622;SK;Slovensko;96622;Lutila;Žiar nad Hronom;Banskobystrický kraj;599336;613;SK032D;6;SK032;SK-BC
SK-96623;SK;Slovensko;96623;Lovčica-Trubín;Žiar nad Hronom;Banskobystrický kraj;517038;613;SK032D;6;SK032;SK-BC
SK-96624;SK;Slovensko;96624;Janova Lehota;Žiar nad Hronom;Banskobystrický kraj;516872;613;SK032D;6;SK032;SK-BC
SK-96641;SK;Slovensko;96641;Veľká Lehota;Žarnovica;Banskobystrický kraj;517330;612;SK032C;6;SK032;SK-BC
SK-96642;SK;Slovensko;96642;Malá Lehota;Žarnovica;Banskobystrický kraj;517062;612;SK032C;6;SK032;SK-BC
SK-96651;SK;Slovensko;96651;Rudno nad Hronom;Žarnovica;Banskobystrický kraj;517232;612;SK032C;6;SK032;SK-BC
SK-96652;SK;Slovensko;96652;Tekovská Breznica;Žarnovica;Banskobystrický kraj;517291;612;SK032C;6;SK032;SK-BC
SK-96653;SK;Slovensko;96653;Hronský Beňadik;Žarnovica;Banskobystrický kraj;516830;612;SK032C;6;SK032;SK-BC
SK-96654;SK;Slovensko;96654;Tekovské Nemce;Zlaté Moravce;Nitriansky kraj;517305;407;SK0237;4;SK023;SK-NI
SK-96661;SK;Slovensko;96661;Hodruša-Hámre;Žarnovica;Banskobystrický kraj;516759;612;SK032C;6;SK032;SK-BC
SK-96663;SK;Slovensko;96663;Hodruša-Hámre;Žarnovica;Banskobystrický kraj;516759;612;SK032C;6;SK032;SK-BC
SK-96671;SK;Slovensko;96671;Horné Hámre;Žarnovica;Banskobystrický kraj;516805;612;SK032C;6;SK032;SK-BC
SK-96674;SK;Slovensko;96674;Veľké Pole;Žarnovica;Banskobystrický kraj;517348;612;SK032C;6;SK032;SK-BC
SK-96677;SK;Slovensko;96677;Ostrý Grúň;Žarnovica;Banskobystrický kraj;517119;612;SK032C;6;SK032;SK-BC
SK-96678;SK;Slovensko;96678;Hrabičov;Žarnovica;Banskobystrický kraj;516813;612;SK032C;6;SK032;SK-BC
SK-96681;SK;Slovensko;96681;Žarnovica;Žarnovica;Banskobystrický kraj;517381;612;SK032C;6;SK032;SK-BC
SK-96701;SK;Slovensko;96701;Kremnica;Žiar nad Hronom;Banskobystrický kraj;516970;613;SK032D;6;SK032;SK-BC
SK-96801;SK;Slovensko;96801;Nová Baňa;Žarnovica;Banskobystrický kraj;517097;612;SK032C;6;SK032;SK-BC
SK-96901;SK;Slovensko;96901;Banská Štiavnica;Banská Štiavnica;Banskobystrický kraj;516643;602;SK0322;6;SK032;SK-BC
SK-96972;SK;Slovensko;96972;Svätý Anton;Banská Štiavnica;Banskobystrický kraj;516597;602;SK0322;6;SK032;SK-BC
SK-96973;SK;Slovensko;96973;Prenčov;Banská Štiavnica;Banskobystrický kraj;517178;602;SK0322;6;SK032;SK-BC
SK-96981;SK;Slovensko;96981;Štiavnické Bane;Banská Štiavnica;Banskobystrický kraj;517283;602;SK0322;6;SK032;SK-BC
SK-96982;SK;Slovensko;96982;Podhorie;Banská Štiavnica;Banskobystrický kraj;517143;602;SK0322;6;SK032;SK-BC
SK-97101;SK;Slovensko;97101;Prievidza;Prievidza;Trenčiansky kraj;513881;307;SK0227;3;SK022;SK-TC
SK-97201;SK;Slovensko;97201;Bojnice;Prievidza;Trenčiansky kraj;513903;307;SK0227;3;SK022;SK-TC
SK-97202;SK;Slovensko;97202;Opatovce nad Nitrou;Prievidza;Trenčiansky kraj;514284;307;SK0227;3;SK022;SK-TC
SK-97205;SK;Slovensko;97205;Sebedražie;Prievidza;Trenčiansky kraj;514373;307;SK0227;3;SK022;SK-TC
SK-97211;SK;Slovensko;97211;Lazany;Prievidza;Trenčiansky kraj;514128;307;SK0227;3;SK022;SK-TC
SK-97212;SK;Slovensko;97212;Nedožery-Brezany;Prievidza;Trenčiansky kraj;514209;307;SK0227;3;SK022;SK-TC
SK-97213;SK;Slovensko;97213;Nitrianske Pravno;Prievidza;Trenčiansky kraj;514225;307;SK0227;3;SK022;SK-TC
SK-97214;SK;Slovensko;97214;Tužina;Prievidza;Trenčiansky kraj;514411;307;SK0227;3;SK022;SK-TC
SK-97215;SK;Slovensko;97215;Kľačno;Prievidza;Trenčiansky kraj;514080;307;SK0227;3;SK022;SK-TC
SK-97216;SK;Slovensko;97216;Pravenec;Prievidza;Trenčiansky kraj;514331;307;SK0227;3;SK022;SK-TC
SK-97217;SK;Slovensko;97217;Kanianka;Prievidza;Trenčiansky kraj;514071;307;SK0227;3;SK022;SK-TC
SK-97221;SK;Slovensko;97221;Nitrianske Sučany;Prievidza;Trenčiansky kraj;514241;307;SK0227;3;SK022;SK-TC
SK-97222;SK;Slovensko;97222;Nitrica;Prievidza;Trenčiansky kraj;514250;307;SK0227;3;SK022;SK-TC
SK-97223;SK;Slovensko;97223;Dolné Vestenice;Prievidza;Trenčiansky kraj;513989;307;SK0227;3;SK022;SK-TC
SK-97224;SK;Slovensko;97224;Diviacka Nová Ves;Prievidza;Trenčiansky kraj;513954;307;SK0227;3;SK022;SK-TC
SK-97225;SK;Slovensko;97225;Diviaky nad Nitricou;Prievidza;Trenčiansky kraj;513962;307;SK0227;3;SK022;SK-TC
SK-97226;SK;Slovensko;97226;Nitrianske Rudno;Prievidza;Trenčiansky kraj;514233;307;SK0227;3;SK022;SK-TC
SK-97227;SK;Slovensko;97227;Liešťany;Prievidza;Trenčiansky kraj;514144;307;SK0227;3;SK022;SK-TC
SK-97228;SK;Slovensko;97228;Valaská Belá;Prievidza;Trenčiansky kraj;514420;307;SK0227;3;SK022;SK-TC
SK-97229;SK;Slovensko;97229;Čavoj;Prievidza;Trenčiansky kraj;513938;307;SK0227;3;SK022;SK-TC
SK-97231;SK;Slovensko;97231;Ráztočno;Prievidza;Trenčiansky kraj;514357;307;SK0227;3;SK022;SK-TC
SK-97232;SK;Slovensko;97232;Chrenovec-Brusno;Prievidza;Trenčiansky kraj;514021;307;SK0227;3;SK022;SK-TC
SK-97241;SK;Slovensko;97241;Koš;Prievidza;Trenčiansky kraj;514110;307;SK0227;3;SK022;SK-TC
SK-97242;SK;Slovensko;97242;Lehota pod Vtáčnikom;Prievidza;Trenčiansky kraj;514136;307;SK0227;3;SK022;SK-TC
SK-97243;SK;Slovensko;97243;Zemianske Kostoľany;Prievidza;Trenčiansky kraj;514454;307;SK0227;3;SK022;SK-TC
SK-97244;SK;Slovensko;97244;Kamenec pod Vtáčnikom;Prievidza;Trenčiansky kraj;514063;307;SK0227;3;SK022;SK-TC
SK-97245;SK;Slovensko;97245;Bystričany;Prievidza;Trenčiansky kraj;513911;307;SK0227;3;SK022;SK-TC
SK-97246;SK;Slovensko;97246;Čereňany;Prievidza;Trenčiansky kraj;513946;307;SK0227;3;SK022;SK-TC
SK-97247;SK;Slovensko;97247;Oslany;Prievidza;Trenčiansky kraj;514292;307;SK0227;3;SK022;SK-TC
SK-97248;SK;Slovensko;97248;Horná Ves;Prievidza;Trenčiansky kraj;514004;307;SK0227;3;SK022;SK-TC
SK-97251;SK;Slovensko;97251;Handlová;Prievidza;Trenčiansky kraj;513997;307;SK0227;3;SK022;SK-TC
SK-97271;SK;Slovensko;97271;Nováky;Prievidza;Trenčiansky kraj;514268;307;SK0227;3;SK022;SK-TC
SK-97401;SK;Slovensko;97401;Banská Bystrica;Banská Bystrica;Banskobystrický kraj;508438;601;SK0321;6;SK032;SK-BC
SK-97404;SK;Slovensko;97404;Banská Bystrica;Banská Bystrica;Banskobystrický kraj;508438;601;SK0321;6;SK032;SK-BC
SK-97405;SK;Slovensko;97405;Banská Bystrica;Banská Bystrica;Banskobystrický kraj;508438;601;SK0321;6;SK032;SK-BC
SK-97409;SK;Slovensko;97409;Banská Bystrica;Banská Bystrica;Banskobystrický kraj;508438;601;SK0321;6;SK032;SK-BC
SK-97411;SK;Slovensko;97411;Banská Bystrica;Banská Bystrica;Banskobystrický kraj;508438;601;SK0321;6;SK032;SK-BC
SK-97602;SK;Slovensko;97602;Staré Hory;Banská Bystrica;Banskobystrický kraj;509019;601;SK0321;6;SK032;SK-BC
SK-97603;SK;Slovensko;97603;Dolný Harmanec;Banská Bystrica;Banskobystrický kraj;508551;601;SK0321;6;SK032;SK-BC
SK-97611;SK;Slovensko;97611;Selce;Banská Bystrica;Banskobystrický kraj;508985;601;SK0321;6;SK032;SK-BC
SK-97613;SK;Slovensko;97613;Slovenská Ľupča;Banská Bystrica;Banskobystrický kraj;509001;601;SK0321;6;SK032;SK-BC
SK-97631;SK;Slovensko;97631;Vlkanová;Banská Bystrica;Banskobystrický kraj;557293;601;SK0321;6;SK032;SK-BC
SK-97632;SK;Slovensko;97632;Badín;Banská Bystrica;Banskobystrický kraj;508454;601;SK0321;6;SK032;SK-BC
SK-97633;SK;Slovensko;97633;Poniky;Banská Bystrica;Banskobystrický kraj;508918;601;SK0321;6;SK032;SK-BC
SK-97634;SK;Slovensko;97634;Tajov;Banská Bystrica;Banskobystrický kraj;509060;601;SK0321;6;SK032;SK-BC
SK-97637;SK;Slovensko;97637;Hrochoť;Banská Bystrica;Banskobystrický kraj;508659;601;SK0321;6;SK032;SK-BC
SK-97639;SK;Slovensko;97639;Donovaly;Banská Bystrica;Banskobystrický kraj;508560;601;SK0321;6;SK032;SK-BC
SK-97644;SK;Slovensko;97644;Mýto pod Ďumbierom;Brezno;Banskobystrický kraj;508811;603;SK0323;6;SK032;SK-BC
SK-97645;SK;Slovensko;97645;Hronec;Brezno;Banskobystrický kraj;508667;603;SK0323;6;SK032;SK-BC
SK-97646;SK;Slovensko;97646;Valaská;Brezno;Banskobystrický kraj;509086;603;SK0323;6;SK032;SK-BC
SK-97652;SK;Slovensko;97652;Čierny Balog;Brezno;Banskobystrický kraj;508527;603;SK0323;6;SK032;SK-BC
SK-97653;SK;Slovensko;97653;Drábsko;Brezno;Banskobystrický kraj;508578;603;SK0323;6;SK032;SK-BC
SK-97655;SK;Slovensko;97655;Ľubietová;Banská Bystrica;Banskobystrický kraj;508748;601;SK0321;6;SK032;SK-BC
SK-97656;SK;Slovensko;97656;Pohronská Polhora;Brezno;Banskobystrický kraj;508888;603;SK0323;6;SK032;SK-BC
SK-97657;SK;Slovensko;97657;Michalová;Brezno;Banskobystrický kraj;508772;603;SK0323;6;SK032;SK-BC
SK-97661;SK;Slovensko;97661;Lučatín;Banská Bystrica;Banskobystrický kraj;508756;601;SK0321;6;SK032;SK-BC
SK-97662;SK;Slovensko;97662;Brusno;Banská Bystrica;Banskobystrický kraj;508675;601;SK0321;6;SK032;SK-BC
SK-97663;SK;Slovensko;97663;Predajná;Brezno;Banskobystrický kraj;508934;603;SK0323;6;SK032;SK-BC
SK-97664;SK;Slovensko;97664;Beňuš;Brezno;Banskobystrický kraj;508462;603;SK0323;6;SK032;SK-BC
SK-97666;SK;Slovensko;97666;Polomka;Brezno;Banskobystrický kraj;508900;603;SK0323;6;SK032;SK-BC
SK-97667;SK;Slovensko;97667;Závadka nad Hronom;Brezno;Banskobystrický kraj;509124;603;SK0323;6;SK032;SK-BC
SK-97668;SK;Slovensko;97668;Heľpa;Brezno;Banskobystrický kraj;508608;603;SK0323;6;SK032;SK-BC
SK-97669;SK;Slovensko;97669;Pohorelá;Brezno;Banskobystrický kraj;508870;603;SK0323;6;SK032;SK-BC
SK-97671;SK;Slovensko;97671;Šumiac;Brezno;Banskobystrický kraj;509043;603;SK0323;6;SK032;SK-BC
SK-97673;SK;Slovensko;97673;Telgárt;Brezno;Banskobystrický kraj;509051;603;SK0323;6;SK032;SK-BC
SK-97675;SK;Slovensko;97675;Jasenie;Brezno;Banskobystrický kraj;508705;603;SK0323;6;SK032;SK-BC
SK-97681;SK;Slovensko;97681;Horná Lehota;Brezno;Banskobystrický kraj;508624;603;SK0323;6;SK032;SK-BC
SK-97696;SK;Slovensko;97696;Medzibrod;Banská Bystrica;Banskobystrický kraj;508764;601;SK0321;6;SK032;SK-BC
SK-97697;SK;Slovensko;97697;Nemecká;Brezno;Banskobystrický kraj;508829;603;SK0323;6;SK032;SK-BC
SK-97698;SK;Slovensko;97698;Podbrezová;Brezno;Banskobystrický kraj;508853;603;SK0323;6;SK032;SK-BC
SK-97701;SK;Slovensko;97701;Brezno;Brezno;Banskobystrický kraj;508497;603;SK0323;6;SK032;SK-BC
SK-97703;SK;Slovensko;97703;Brezno;Brezno;Banskobystrický kraj;508497;603;SK0323;6;SK032;SK-BC
SK-97901;SK;Slovensko;97901;Rimavská Sobota;Rimavská Sobota;Banskobystrický kraj;514462;609;SK0329;6;SK032;SK-BC
SK-98001;SK;Slovensko;98001;Rimavské Janovce;Rimavská Sobota;Banskobystrický kraj;515469;609;SK0329;6;SK032;SK-BC
SK-98002;SK;Slovensko;98002;Jesenské;Rimavská Sobota;Banskobystrický kraj;515001;609;SK0329;6;SK032;SK-BC
SK-98003;SK;Slovensko;98003;Šimonovce;Rimavská Sobota;Banskobystrický kraj;515621;609;SK0329;6;SK032;SK-BC
SK-98004;SK;Slovensko;98004;Hostice;Rimavská Sobota;Banskobystrický kraj;514861;609;SK0329;6;SK032;SK-BC
SK-98011;SK;Slovensko;98011;Ožďany;Rimavská Sobota;Banskobystrický kraj;515264;609;SK0329;6;SK032;SK-BC
SK-98012;SK;Slovensko;98012;Hrnčiarske Zalužany;Poltár;Banskobystrický kraj;514918;607;SK0327;6;SK032;SK-BC
SK-98013;SK;Slovensko;98013;Hrnčiarska Ves;Poltár;Banskobystrický kraj;514900;607;SK0327;6;SK032;SK-BC
SK-98021;SK;Slovensko;98021;Bátka;Rimavská Sobota;Banskobystrický kraj;514519;609;SK0329;6;SK032;SK-BC
SK-98022;SK;Slovensko;98022;Veľký Blh;Rimavská Sobota;Banskobystrický kraj;515744;609;SK0329;6;SK032;SK-BC
SK-98023;SK;Slovensko;98023;Drienčany;Rimavská Sobota;Banskobystrický kraj;514659;609;SK0329;6;SK032;SK-BC
SK-98025;SK;Slovensko;98025;Hrušovo;Rimavská Sobota;Banskobystrický kraj;514926;609;SK0329;6;SK032;SK-BC
SK-98026;SK;Slovensko;98026;Lukovištia;Rimavská Sobota;Banskobystrický kraj;515175;609;SK0329;6;SK032;SK-BC
SK-98031;SK;Slovensko;98031;Hodejov;Rimavská Sobota;Banskobystrický kraj;514837;609;SK0329;6;SK032;SK-BC
SK-98032;SK;Slovensko;98032;Blhovce;Rimavská Sobota;Banskobystrický kraj;514543;609;SK0329;6;SK032;SK-BC
SK-98033;SK;Slovensko;98033;Hajnáčka;Rimavská Sobota;Banskobystrický kraj;514811;609;SK0329;6;SK032;SK-BC
SK-98034;SK;Slovensko;98034;Nová Bašta;Rimavská Sobota;Banskobystrický kraj;515230;609;SK0329;6;SK032;SK-BC
SK-98035;SK;Slovensko;98035;Gemerský Jablonec;Rimavská Sobota;Banskobystrický kraj;514781;609;SK0329;6;SK032;SK-BC
SK-98041;SK;Slovensko;98041;Dubovec;Rimavská Sobota;Banskobystrický kraj;514691;609;SK0329;6;SK032;SK-BC
SK-98042;SK;Slovensko;98042;Rimavská Seč;Rimavská Sobota;Banskobystrický kraj;515442;609;SK0329;6;SK032;SK-BC
SK-98043;SK;Slovensko;98043;Číž;Rimavská Sobota;Banskobystrický kraj;514624;609;SK0329;6;SK032;SK-BC
SK-98044;SK;Slovensko;98044;Chanava;Rimavská Sobota;Banskobystrický kraj;514951;609;SK0329;6;SK032;SK-BC
SK-98045;SK;Slovensko;98045;Kráľ;Rimavská Sobota;Banskobystrický kraj;515078;609;SK0329;6;SK032;SK-BC
SK-98046;SK;Slovensko;98046;Gemerská Panica;Rožňava;Košický kraj;514748;808;SK0428;8;SK042;SK-KI
SK-98050;SK;Slovensko;98050;Včelince;Rimavská Sobota;Banskobystrický kraj;515710;609;SK0329;6;SK032;SK-BC
SK-98051;SK;Slovensko;98051;Veľké Teriakovce;Rimavská Sobota;Banskobystrický kraj;515736;609;SK0329;6;SK032;SK-BC
SK-98052;SK;Slovensko;98052;Hrachovo;Rimavská Sobota;Banskobystrický kraj;514888;609;SK0329;6;SK032;SK-BC
SK-98053;SK;Slovensko;98053;Rimavská Baňa;Rimavská Sobota;Banskobystrický kraj;515426;609;SK0329;6;SK032;SK-BC
SK-98054;SK;Slovensko;98054;Rimavské Brezovo;Rimavská Sobota;Banskobystrický kraj;515451;609;SK0329;6;SK032;SK-BC
SK-98055;SK;Slovensko;98055;Klenovec;Rimavská Sobota;Banskobystrický kraj;515043;609;SK0329;6;SK032;SK-BC
SK-98061;SK;Slovensko;98061;Tisovec;Rimavská Sobota;Banskobystrický kraj;515680;609;SK0329;6;SK032;SK-BC
SK-98101;SK;Slovensko;98101;Hnúšťa;Rimavská Sobota;Banskobystrický kraj;514829;609;SK0329;6;SK032;SK-BC
SK-98201;SK;Slovensko;98201;Tornaľa;Revúca;Banskobystrický kraj;515612;608;SK0328;6;SK032;SK-BC
SK-98251;SK;Slovensko;98251;Figa;Rimavská Sobota;Banskobystrický kraj;514713;609;SK0329;6;SK032;SK-BC
SK-98252;SK;Slovensko;98252;Kaloša;Rimavská Sobota;Banskobystrický kraj;515027;609;SK0329;6;SK032;SK-BC
SK-98262;SK;Slovensko;98262;Gemerská Ves;Revúca;Banskobystrický kraj;514756;608;SK0328;6;SK032;SK-BC
SK-98265;SK;Slovensko;98265;Ratková;Revúca;Banskobystrický kraj;515370;608;SK0328;6;SK032;SK-BC
SK-98266;SK;Slovensko;98266;Ratkovské Bystré;Revúca;Banskobystrický kraj;515400;608;SK0328;6;SK032;SK-BC
SK-98267;SK;Slovensko;98267;Rovné;Rimavská Sobota;Banskobystrický kraj;515485;609;SK0329;6;SK032;SK-BC
SK-98401;SK;Slovensko;98401;Lučenec;Lučenec;Banskobystrický kraj;511218;606;SK0326;6;SK032;SK-BC
SK-98403;SK;Slovensko;98403;Lučenec;Lučenec;Banskobystrický kraj;511218;606;SK0326;6;SK032;SK-BC
SK-98501;SK;Slovensko;98501;Kalinovo;Poltár;Banskobystrický kraj;511471;607;SK0327;6;SK032;SK-BC
SK-98502;SK;Slovensko;98502;Breznička;Poltár;Banskobystrický kraj;511269;607;SK0327;6;SK032;SK-BC
SK-98503;SK;Slovensko;98503;České Brezovo;Poltár;Banskobystrický kraj;511340;607;SK0327;6;SK032;SK-BC
SK-98505;SK;Slovensko;98505;Kokava nad Rimavicou;Poltár;Banskobystrický kraj;511498;607;SK0327;6;SK032;SK-BC
SK-98506;SK;Slovensko;98506;Utekáč;Poltár;Banskobystrický kraj;580317;607;SK0327;6;SK032;SK-BC
SK-98507;SK;Slovensko;98507;Šoltýska;Poltár;Banskobystrický kraj;511889;607;SK0327;6;SK032;SK-BC
SK-98511;SK;Slovensko;98511;Halič;Lučenec;Banskobystrický kraj;511421;606;SK0326;6;SK032;SK-BC
SK-98512;SK;Slovensko;98512;Budiná;Lučenec;Banskobystrický kraj;511277;606;SK0326;6;SK032;SK-BC
SK-98513;SK;Slovensko;98513;Ábelová;Lučenec;Banskobystrický kraj;511226;606;SK0326;6;SK032;SK-BC
SK-98522;SK;Slovensko;98522;Cinobaňa;Poltár;Banskobystrický kraj;511315;607;SK0327;6;SK032;SK-BC
SK-98524;SK;Slovensko;98524;Ozdín;Poltár;Banskobystrický kraj;511684;607;SK0327;6;SK032;SK-BC
SK-98525;SK;Slovensko;98525;Uhorské;Poltár;Banskobystrický kraj;511978;607;SK0327;6;SK032;SK-BC
SK-98526;SK;Slovensko;98526;Málinec;Poltár;Banskobystrický kraj;511595;607;SK0327;6;SK032;SK-BC
SK-98531;SK;Slovensko;98531;Trebeľovce;Lučenec;Banskobystrický kraj;511927;606;SK0326;6;SK032;SK-BC
SK-98532;SK;Slovensko;98532;Veľká nad Ipľom;Lučenec;Banskobystrický kraj;511994;606;SK0326;6;SK032;SK-BC
SK-98541;SK;Slovensko;98541;Buzitka;Lučenec;Banskobystrický kraj;511293;606;SK0326;6;SK032;SK-BC
SK-98542;SK;Slovensko;98542;Veľké Dravce;Lučenec;Banskobystrický kraj;512010;606;SK0326;6;SK032;SK-BC
SK-98545;SK;Slovensko;98545;Látky;Detva;Banskobystrický kraj;511510;604;SK0324;6;SK032;SK-BC
SK-98551;SK;Slovensko;98551;Podkriváň;Detva;Banskobystrický kraj;511731;604;SK0324;6;SK032;SK-BC
SK-98552;SK;Slovensko;98552;Divín;Lučenec;Banskobystrický kraj;511358;606;SK0326;6;SK032;SK-BC
SK-98553;SK;Slovensko;98553;Mýtna;Lučenec;Banskobystrický kraj;511641;606;SK0326;6;SK032;SK-BC
SK-98554;SK;Slovensko;98554;Lovinobaňa;Lučenec;Banskobystrický kraj;511552;606;SK0326;6;SK032;SK-BC
SK-98556;SK;Slovensko;98556;Tomášovce;Lučenec;Banskobystrický kraj;511919;606;SK0326;6;SK032;SK-BC
SK-98557;SK;Slovensko;98557;Holiša;Lučenec;Banskobystrický kraj;511439;606;SK0326;6;SK032;SK-BC
SK-98558;SK;Slovensko;98558;Radzovce;Lučenec;Banskobystrický kraj;511790;606;SK0326;6;SK032;SK-BC
SK-98559;SK;Slovensko;98559;Vidiná;Lučenec;Banskobystrický kraj;557307;606;SK0326;6;SK032;SK-BC
SK-98601;SK;Slovensko;98601;Fiľakovo;Lučenec;Banskobystrický kraj;511391;606;SK0326;6;SK032;SK-BC
SK-98701;SK;Slovensko;98701;Poltár;Poltár;Banskobystrický kraj;511765;607;SK0327;6;SK032;SK-BC
SK-99001;SK;Slovensko;99001;Veľký Krtíš;Veľký Krtíš;Banskobystrický kraj;515850;610;SK032A;6;SK032;SK-BC
SK-99101;SK;Slovensko;99101;Senné;Veľký Krtíš;Banskobystrický kraj;516368;610;SK032A;6;SK032;SK-BC
SK-99102;SK;Slovensko;99102;Dolná Strehová;Veľký Krtíš;Banskobystrický kraj;515965;610;SK032A;6;SK032;SK-BC
SK-99103;SK;Slovensko;99103;Pôtor;Veľký Krtíš;Banskobystrický kraj;516295;610;SK032A;6;SK032;SK-BC
SK-99105;SK;Slovensko;99105;Sklabiná;Veľký Krtíš;Banskobystrický kraj;516376;610;SK032A;6;SK032;SK-BC
SK-99106;SK;Slovensko;99106;Želovce;Veľký Krtíš;Banskobystrický kraj;516571;610;SK032A;6;SK032;SK-BC
SK-99107;SK;Slovensko;99107;Opatovská Nová Ves;Veľký Krtíš;Banskobystrický kraj;516279;610;SK032A;6;SK032;SK-BC
SK-99108;SK;Slovensko;99108;Lesenice;Veľký Krtíš;Banskobystrický kraj;516155;610;SK032A;6;SK032;SK-BC
SK-99109;SK;Slovensko;99109;Veľká Čalomija;Veľký Krtíš;Banskobystrický kraj;516465;610;SK032A;6;SK032;SK-BC
SK-99110;SK;Slovensko;99110;Ipeľské Predmostie;Veľký Krtíš;Banskobystrický kraj;516074;610;SK032A;6;SK032;SK-BC
SK-99111;SK;Slovensko;99111;Balog nad Ipľom;Veľký Krtíš;Banskobystrický kraj;515868;610;SK032A;6;SK032;SK-BC
SK-99121;SK;Slovensko;99121;Závada;Veľký Krtíš;Banskobystrický kraj;516554;610;SK032A;6;SK032;SK-BC
SK-99122;SK;Slovensko;99122;Bušince;Veľký Krtíš;Banskobystrický kraj;515892;610;SK032A;6;SK032;SK-BC
SK-99123;SK;Slovensko;99123;Veľké Zlievce;Veľký Krtíš;Banskobystrický kraj;516490;610;SK032A;6;SK032;SK-BC
SK-99124;SK;Slovensko;99124;Stredné Plachtince;Veľký Krtíš;Banskobystrický kraj;516406;610;SK032A;6;SK032;SK-BC
SK-99125;SK;Slovensko;99125;Čebovce;Veľký Krtíš;Banskobystrický kraj;515906;610;SK032A;6;SK032;SK-BC
SK-99126;SK;Slovensko;99126;Nenince;Veľký Krtíš;Banskobystrický kraj;516236;610;SK032A;6;SK032;SK-BC
SK-99127;SK;Slovensko;99127;Širákov;Veľký Krtíš;Banskobystrický kraj;516431;610;SK032A;6;SK032;SK-BC
SK-99128;SK;Slovensko;99128;Vinica;Veľký Krtíš;Banskobystrický kraj;516520;610;SK032A;6;SK032;SK-BC
SK-99135;SK;Slovensko;99135;Dačov Lom;Veľký Krtíš;Banskobystrický kraj;515949;610;SK032A;6;SK032;SK-BC
SK-99141;SK;Slovensko;99141;Čelovce;Veľký Krtíš;Banskobystrický kraj;515922;610;SK032A;6;SK032;SK-BC
SK-99142;SK;Slovensko;99142;Hrušov;Veľký Krtíš;Banskobystrický kraj;516040;610;SK032A;6;SK032;SK-BC
SK-99201;SK;Slovensko;99201;Modrý Kameň;Veľký Krtíš;Banskobystrický kraj;516210;610;SK032A;6;SK032;SK-BC
