municipality;county;obec_kod;okres_kod;vusc_kod;okres_lau1;region_nuts3
Badín;Banská Bystrica;508454;601;6;SK0321;SK032
Baláže;Banská Bystrica;508471;601;6;SK0321;SK032
Banská Bystrica;Banská Bystrica;508438;601;6;SK0321;SK032
Brusno;Banská Bystrica;508675;601;6;SK0321;SK032
Dolná Mičiná;Banská Bystrica;508543;601;6;SK0321;SK032
Dolný Harmanec;Banská Bystrica;508551;601;6;SK0321;SK032
Donovaly;Banská Bystrica;508560;601;6;SK0321;SK032
Dúbravica;Banská Bystrica;508586;601;6;SK0321;SK032
Harmanec;Banská Bystrica;508594;601;6;SK0321;SK032
Hiadeľ;Banská Bystrica;508616;601;6;SK0321;SK032
Horná Mičiná;Banská Bystrica;508632;601;6;SK0321;SK032
Horné Pršany;Banská Bystrica;508641;601;6;SK0321;SK032
Hrochoť;Banská Bystrica;508659;601;6;SK0321;SK032
Hronsek;Banská Bystrica;580236;601;6;SK0321;SK032
Kordíky;Banská Bystrica;508713;601;6;SK0321;SK032
Králiky;Banská Bystrica;508721;601;6;SK0321;SK032
Kynceľová;Banská Bystrica;557277;601;6;SK0321;SK032
Lučatín;Banská Bystrica;508756;601;6;SK0321;SK032
Malachov;Banská Bystrica;580244;601;6;SK0321;SK032
Medzibrod;Banská Bystrica;508764;601;6;SK0321;SK032
Motyčky;Banská Bystrica;508802;601;6;SK0321;SK032
Moštenica;Banská Bystrica;508799;601;6;SK0321;SK032
Môlča;Banská Bystrica;508781;601;6;SK0321;SK032
Nemce;Banská Bystrica;557285;601;6;SK0321;SK032
Oravce;Banská Bystrica;508837;601;6;SK0321;SK032
Podkonice;Banská Bystrica;508861;601;6;SK0321;SK032
Pohronský Bukovec;Banská Bystrica;508896;601;6;SK0321;SK032
Poniky;Banská Bystrica;508918;601;6;SK0321;SK032
Povrazník;Banská Bystrica;508926;601;6;SK0321;SK032
Priechod;Banská Bystrica;508942;601;6;SK0321;SK032
Riečka;Banská Bystrica;508969;601;6;SK0321;SK032
Sebedín-Bečov;Banská Bystrica;508977;601;6;SK0321;SK032
Selce;Banská Bystrica;508985;601;6;SK0321;SK032
Slovenská Ľupča;Banská Bystrica;509001;601;6;SK0321;SK032
Staré Hory;Banská Bystrica;509019;601;6;SK0321;SK032
Strelníky;Banská Bystrica;509027;601;6;SK0321;SK032
Tajov;Banská Bystrica;509060;601;6;SK0321;SK032
Turecká;Banská Bystrica;557269;601;6;SK0321;SK032
Vlkanová;Banská Bystrica;557293;601;6;SK0321;SK032
Čerín;Banská Bystrica;508519;601;6;SK0321;SK032
Ľubietová;Banská Bystrica;508748;601;6;SK0321;SK032
Špania Dolina;Banská Bystrica;509035;601;6;SK0321;SK032
Banská Belá;Banská Štiavnica;516627;602;6;SK0322;SK032
Banská Štiavnica;Banská Štiavnica;516643;602;6;SK0322;SK032
Banský Studenec;Banská Štiavnica;516651;602;6;SK0322;SK032
Baďan;Banská Štiavnica;516601;602;6;SK0322;SK032
Beluj;Banská Štiavnica;516678;602;6;SK0322;SK032
Dekýš;Banská Štiavnica;516716;602;6;SK0322;SK032
Ilija;Banská Štiavnica;516856;602;6;SK0322;SK032
Kozelník;Banská Štiavnica;516953;602;6;SK0322;SK032
Močiar;Banská Štiavnica;517071;602;6;SK0322;SK032
Podhorie;Banská Štiavnica;517143;602;6;SK0322;SK032
Počúvadlo;Banská Štiavnica;517160;602;6;SK0322;SK032
Prenčov;Banská Štiavnica;517178;602;6;SK0322;SK032
Svätý Anton;Banská Štiavnica;516597;602;6;SK0322;SK032
Vysoká;Banská Štiavnica;517372;602;6;SK0322;SK032
Štiavnické Bane;Banská Štiavnica;517283;602;6;SK0322;SK032
Abrahámovce;Bardejov;519014;701;7;SK0411;SK041
Andrejová;Bardejov;519022;701;7;SK0411;SK041
Bardejov;Bardejov;519006;701;7;SK0411;SK041
Bartošovce;Bardejov;519049;701;7;SK0411;SK041
Becherov;Bardejov;519057;701;7;SK0411;SK041
Beloveža;Bardejov;519065;701;7;SK0411;SK041
Bogliarka;Bardejov;519073;701;7;SK0411;SK041
Brezov;Bardejov;519081;701;7;SK0411;SK041
Brezovka;Bardejov;519090;701;7;SK0411;SK041
Buclovany;Bardejov;519103;701;7;SK0411;SK041
Chmeľová;Bardejov;519286;701;7;SK0411;SK041
Cigeľka;Bardejov;519111;701;7;SK0411;SK041
Dubinné;Bardejov;519138;701;7;SK0411;SK041
Frička;Bardejov;519154;701;7;SK0411;SK041
Fričkovce;Bardejov;519162;701;7;SK0411;SK041
Gaboltov;Bardejov;519171;701;7;SK0411;SK041
Gerlachov;Bardejov;519189;701;7;SK0411;SK041
Hankovce;Bardejov;519201;701;7;SK0411;SK041
Harhaj;Bardejov;519219;701;7;SK0411;SK041
Hažlín;Bardejov;519227;701;7;SK0411;SK041
Hertník;Bardejov;519235;701;7;SK0411;SK041
Hervartov;Bardejov;519243;701;7;SK0411;SK041
Hrabovec;Bardejov;519251;701;7;SK0411;SK041
Hrabské;Bardejov;519260;701;7;SK0411;SK041
Hutka;Bardejov;519278;701;7;SK0411;SK041
Janovce;Bardejov;519294;701;7;SK0411;SK041
Jedlinka;Bardejov;519308;701;7;SK0411;SK041
Kobyly;Bardejov;519341;701;7;SK0411;SK041
Kochanovce;Bardejov;519359;701;7;SK0411;SK041
Komárov;Bardejov;519367;701;7;SK0411;SK041
Koprivnica;Bardejov;519375;701;7;SK0411;SK041
Kožany;Bardejov;519383;701;7;SK0411;SK041
Krivé;Bardejov;519405;701;7;SK0411;SK041
Kružlov;Bardejov;519421;701;7;SK0411;SK041
Kríže;Bardejov;519413;701;7;SK0411;SK041
Kurima;Bardejov;519456;701;7;SK0411;SK041
Kurov;Bardejov;519464;701;7;SK0411;SK041
Kučín;Bardejov;519430;701;7;SK0411;SK041
Kľušov;Bardejov;519324;701;7;SK0411;SK041
Lascov;Bardejov;519472;701;7;SK0411;SK041
Lenartov;Bardejov;519481;701;7;SK0411;SK041
Lipová;Bardejov;519499;701;7;SK0411;SK041
Livov;Bardejov;519502;701;7;SK0411;SK041
Livovská Huta;Bardejov;519511;701;7;SK0411;SK041
Lopúchov;Bardejov;519529;701;7;SK0411;SK041
Lukavica;Bardejov;519545;701;7;SK0411;SK041
Lukov;Bardejov;519553;701;7;SK0411;SK041
Malcov;Bardejov;519570;701;7;SK0411;SK041
Marhaň;Bardejov;519588;701;7;SK0411;SK041
Mikulášová;Bardejov;519600;701;7;SK0411;SK041
Mokroluh;Bardejov;519618;701;7;SK0411;SK041
Nemcovce;Bardejov;519626;701;7;SK0411;SK041
Nižná Polianka;Bardejov;519634;701;7;SK0411;SK041
Nižná Voľa;Bardejov;519642;701;7;SK0411;SK041
Nižný Tvarožec;Bardejov;519669;701;7;SK0411;SK041
Ondavka;Bardejov;519685;701;7;SK0411;SK041
Ortuťová;Bardejov;519693;701;7;SK0411;SK041
Osikov;Bardejov;519707;701;7;SK0411;SK041
Oľšavce;Bardejov;519677;701;7;SK0411;SK041
Petrová;Bardejov;519715;701;7;SK0411;SK041
Poliakovce;Bardejov;519723;701;7;SK0411;SK041
Porúbka;Bardejov;519731;701;7;SK0411;SK041
Raslavice;Bardejov;519936;701;7;SK0411;SK041
Regetovka;Bardejov;519740;701;7;SK0411;SK041
Rešov;Bardejov;519758;701;7;SK0411;SK041
Richvald;Bardejov;519766;701;7;SK0411;SK041
Rokytov;Bardejov;519774;701;7;SK0411;SK041
Smilno;Bardejov;519782;701;7;SK0411;SK041
Snakov;Bardejov;519791;701;7;SK0411;SK041
Stebnícka Huta;Bardejov;519804;701;7;SK0411;SK041
Stebník;Bardejov;519812;701;7;SK0411;SK041
Stuľany;Bardejov;519821;701;7;SK0411;SK041
Sveržov;Bardejov;519839;701;7;SK0411;SK041
Tarnov;Bardejov;519871;701;7;SK0411;SK041
Tročany;Bardejov;519880;701;7;SK0411;SK041
Vaniškovce;Bardejov;518964;701;7;SK0411;SK041
Varadka;Bardejov;519901;701;7;SK0411;SK041
Vyšná Polianka;Bardejov;519910;701;7;SK0411;SK041
Vyšná Voľa;Bardejov;519928;701;7;SK0411;SK041
Vyšný Kručov;Bardejov;519944;701;7;SK0411;SK041
Vyšný Tvarožec;Bardejov;519952;701;7;SK0411;SK041
Zborov;Bardejov;519961;701;7;SK0411;SK041
Zlaté;Bardejov;519979;701;7;SK0411;SK041
Šarišské Čierne;Bardejov;519847;701;7;SK0411;SK041
Šašová;Bardejov;519855;701;7;SK0411;SK041
Šiba;Bardejov;519863;701;7;SK0411;SK041
Bratislava-Staré Mesto;Bratislava I;528595;101;1;SK0101;SK010
Bratislava-Podunajské Biskupice;Bratislava II;529311;102;1;SK0102;SK010
Bratislava-Ružinov;Bratislava II;529320;102;1;SK0102;SK010
Bratislava-Vrakuňa;Bratislava II;529338;102;1;SK0102;SK010
Bratislava-Nové Mesto;Bratislava III;529346;103;1;SK0103;SK010
Bratislava-Rača;Bratislava III;529354;103;1;SK0103;SK010
Bratislava-Vajnory;Bratislava III;529362;103;1;SK0103;SK010
Bratislava-Devín;Bratislava IV;529401;104;1;SK0104;SK010
Bratislava-Devínska Nová Ves;Bratislava IV;529371;104;1;SK0104;SK010
Bratislava-Dúbravka;Bratislava IV;529389;104;1;SK0104;SK010
Bratislava-Karlova Ves;Bratislava IV;529397;104;1;SK0104;SK010
Bratislava-Lamač;Bratislava IV;529419;104;1;SK0104;SK010
Bratislava-Záhorská Bystrica;Bratislava IV;529427;104;1;SK0104;SK010
Bratislava-Jarovce;Bratislava V;529443;105;1;SK0105;SK010
Bratislava-Petržalka;Bratislava V;529460;105;1;SK0105;SK010
Bratislava-Rusovce;Bratislava V;529494;105;1;SK0105;SK010
Bratislava-Čunovo;Bratislava V;529435;105;1;SK0105;SK010
Bacúch;Brezno;508446;603;6;SK0323;SK032
Beňuš;Brezno;508462;603;6;SK0323;SK032
Braväcovo;Brezno;508489;603;6;SK0323;SK032
Brezno;Brezno;508497;603;6;SK0323;SK032
Bystrá;Brezno;557251;603;6;SK0323;SK032
Dolná Lehota;Brezno;508535;603;6;SK0323;SK032
Drábsko;Brezno;508578;603;6;SK0323;SK032
Heľpa;Brezno;508608;603;6;SK0323;SK032
Horná Lehota;Brezno;508624;603;6;SK0323;SK032
Hronec;Brezno;508667;603;6;SK0323;SK032
Jarabá;Brezno;508691;603;6;SK0323;SK032
Jasenie;Brezno;508705;603;6;SK0323;SK032
Lom nad Rimavicou;Brezno;508730;603;6;SK0323;SK032
Michalová;Brezno;508772;603;6;SK0323;SK032
Mýto pod Ďumbierom;Brezno;508811;603;6;SK0323;SK032
Nemecká;Brezno;508829;603;6;SK0323;SK032
Osrblie;Brezno;508845;603;6;SK0323;SK032
Podbrezová;Brezno;508853;603;6;SK0323;SK032
Pohorelá;Brezno;508870;603;6;SK0323;SK032
Pohronská Polhora;Brezno;508888;603;6;SK0323;SK032
Polomka;Brezno;508900;603;6;SK0323;SK032
Predajná;Brezno;508934;603;6;SK0323;SK032
Ráztoka;Brezno;508951;603;6;SK0323;SK032
Sihla;Brezno;508993;603;6;SK0323;SK032
Telgárt;Brezno;509051;603;6;SK0323;SK032
Valaská;Brezno;509086;603;6;SK0323;SK032
Vaľkovňa;Brezno;509094;603;6;SK0323;SK032
Závadka nad Hronom;Brezno;509124;603;6;SK0323;SK032
Čierny Balog;Brezno;508527;603;6;SK0323;SK032
Šumiac;Brezno;509043;603;6;SK0323;SK032
Bytča;Bytča;517461;501;5;SK0311;SK031
Hlboké nad Váhom;Bytča;581984;501;5;SK0311;SK031
Hvozdnica;Bytča;517623;501;5;SK0311;SK031
Jablonové;Bytča;517631;501;5;SK0311;SK031
Kolárovice;Bytča;517674;501;5;SK0311;SK031
Kotešová;Bytča;517691;501;5;SK0311;SK031
Maršová-Rašov;Bytča;517798;501;5;SK0311;SK031
Petrovice;Bytča;517861;501;5;SK0311;SK031
Predmier;Bytča;517895;501;5;SK0311;SK031
Súľov-Hradná;Bytča;517992;501;5;SK0311;SK031
Veľké Rovné;Bytča;518085;501;5;SK0311;SK031
Štiavnik;Bytča;518018;501;5;SK0311;SK031
Borčany;Bánovce nad Bebravou;556793;301;3;SK0221;SK022
Brezolupy;Bánovce nad Bebravou;542741;301;3;SK0221;SK022
Bánovce nad Bebravou;Bánovce nad Bebravou;542652;301;3;SK0221;SK022
Chudá Lehota;Bánovce nad Bebravou;556408;301;3;SK0221;SK022
Cimenná;Bánovce nad Bebravou;542776;301;3;SK0221;SK022
Dežerice;Bánovce nad Bebravou;542822;301;3;SK0221;SK022
Dolné Naštice;Bánovce nad Bebravou;542849;301;3;SK0221;SK022
Dubnička;Bánovce nad Bebravou;542857;301;3;SK0221;SK022
Dvorec;Bánovce nad Bebravou;542873;301;3;SK0221;SK022
Haláčovce;Bánovce nad Bebravou;542890;301;3;SK0221;SK022
Horné Naštice;Bánovce nad Bebravou;542920;301;3;SK0221;SK022
Krásna Ves;Bánovce nad Bebravou;543080;301;3;SK0221;SK022
Kšinná;Bánovce nad Bebravou;543136;301;3;SK0221;SK022
Libichava;Bánovce nad Bebravou;556360;301;3;SK0221;SK022
Malá Hradná;Bánovce nad Bebravou;505072;301;3;SK0221;SK022
Malé Hoste;Bánovce nad Bebravou;505102;301;3;SK0221;SK022
Miezgovce;Bánovce nad Bebravou;505153;301;3;SK0221;SK022
Nedašovce;Bánovce nad Bebravou;505200;301;3;SK0221;SK022
Omastiná;Bánovce nad Bebravou;505277;301;3;SK0221;SK022
Otrhánky;Bánovce nad Bebravou;556289;301;3;SK0221;SK022
Pečeňany;Bánovce nad Bebravou;505331;301;3;SK0221;SK022
Pochabany;Bánovce nad Bebravou;556742;301;3;SK0221;SK022
Podlužany;Bánovce nad Bebravou;505358;301;3;SK0221;SK022
Pravotice;Bánovce nad Bebravou;505382;301;3;SK0221;SK022
Prusy;Bánovce nad Bebravou;505412;301;3;SK0221;SK022
Ruskovce;Bánovce nad Bebravou;505447;301;3;SK0221;SK022
Rybany;Bánovce nad Bebravou;505455;301;3;SK0221;SK022
Slatina nad Bebravou;Bánovce nad Bebravou;505471;301;3;SK0221;SK022
Slatinka nad Bebravou;Bánovce nad Bebravou;505480;301;3;SK0221;SK022
Timoradza;Bánovce nad Bebravou;505579;301;3;SK0221;SK022
Trebichava;Bánovce nad Bebravou;505595;301;3;SK0221;SK022
Uhrovec;Bánovce nad Bebravou;505625;301;3;SK0221;SK022
Uhrovské Podhradie;Bánovce nad Bebravou;505633;301;3;SK0221;SK022
Veľké Chlievany;Bánovce nad Bebravou;505692;301;3;SK0221;SK022
Veľké Držkovce;Bánovce nad Bebravou;545651;301;3;SK0221;SK022
Veľké Hoste;Bánovce nad Bebravou;505684;301;3;SK0221;SK022
Vysočany;Bánovce nad Bebravou;505765;301;3;SK0221;SK022
Zlatníky;Bánovce nad Bebravou;505790;301;3;SK0221;SK022
Čierna Lehota;Bánovce nad Bebravou;542806;301;3;SK0221;SK022
Ľutov;Bánovce nad Bebravou;505056;301;3;SK0221;SK022
Šišov;Bánovce nad Bebravou;505552;301;3;SK0221;SK022
Šípkov;Bánovce nad Bebravou;505544;301;3;SK0221;SK022
Žitná-Radiša;Bánovce nad Bebravou;505811;301;3;SK0221;SK022
Detva;Detva;518263;604;6;SK0324;SK032
Detvianska Huta;Detva;518271;604;6;SK0324;SK032
Dúbravy;Detva;518379;604;6;SK0324;SK032
Horný Tisovník;Detva;518450;604;6;SK0324;SK032
Hriňová;Detva;518468;604;6;SK0324;SK032
Klokoč;Detva;518492;604;6;SK0324;SK032
Korytárky;Detva;580520;604;6;SK0324;SK032
Kriváň;Detva;518549;604;6;SK0324;SK032
Látky;Detva;511510;604;6;SK0324;SK032
Podkriváň;Detva;511731;604;6;SK0324;SK032
Slatinské Lazy;Detva;518794;604;6;SK0324;SK032
Stará Huta;Detva;518816;604;6;SK0324;SK032
Stožok;Detva;518824;604;6;SK0324;SK032
Vígľaš;Detva;518921;604;6;SK0324;SK032
Vígľašská Huta-Kalinka;Detva;518930;604;6;SK0324;SK032
Bziny;Dolný Kubín;580813;503;5;SK0313;SK031
Chlebnice;Dolný Kubín;509698;503;5;SK0313;SK031
Dlhá nad Oravou;Dolný Kubín;509639;503;5;SK0313;SK031
Dolný Kubín;Dolný Kubín;509540;503;5;SK0313;SK031
Horná Lehota;Dolný Kubín;509671;503;5;SK0313;SK031
Istebné;Dolný Kubín;509701;503;5;SK0313;SK031
Jasenová;Dolný Kubín;509710;503;5;SK0313;SK031
Kraľovany;Dolný Kubín;509744;503;5;SK0313;SK031
Krivá;Dolný Kubín;509761;503;5;SK0313;SK031
Leštiny;Dolný Kubín;509787;503;5;SK0313;SK031
Malatiná;Dolný Kubín;509825;503;5;SK0313;SK031
Medzibrodie nad Oravou;Dolný Kubín;509833;503;5;SK0313;SK031
Oravská Poruba;Dolný Kubín;509922;503;5;SK0313;SK031
Oravský Podzámok;Dolný Kubín;509957;503;5;SK0313;SK031
Osádka;Dolný Kubín;509965;503;5;SK0313;SK031
Pokryváč;Dolný Kubín;509990;503;5;SK0313;SK031
Pribiš;Dolný Kubín;510009;503;5;SK0313;SK031
Pucov;Dolný Kubín;510017;503;5;SK0313;SK031
Párnica;Dolný Kubín;509973;503;5;SK0313;SK031
Sedliacka Dubová;Dolný Kubín;510041;503;5;SK0313;SK031
Veličná;Dolný Kubín;510165;503;5;SK0313;SK031
Vyšný Kubín;Dolný Kubín;510181;503;5;SK0313;SK031
Zázrivá;Dolný Kubín;510211;503;5;SK0313;SK031
Žaškov;Dolný Kubín;510254;503;5;SK0313;SK031
Baka;Dunajská Streda;501450;201;2;SK0211;SK021
Baloň;Dunajská Streda;501468;201;2;SK0211;SK021
Bellova Ves;Dunajská Streda;555517;201;2;SK0211;SK021
Blahová;Dunajská Streda;501484;201;2;SK0211;SK021
Blatná na Ostrove;Dunajská Streda;501492;201;2;SK0211;SK021
Bodíky;Dunajská Streda;503461;201;2;SK0211;SK021
Boheľov;Dunajská Streda;501506;201;2;SK0211;SK021
Báč;Dunajská Streda;501441;201;2;SK0211;SK021
Dobrohošť;Dunajská Streda;501549;201;2;SK0211;SK021
Dolný Bar;Dunajská Streda;501557;201;2;SK0211;SK021
Dolný Štál;Dunajská Streda;501611;201;2;SK0211;SK021
Dunajská Streda;Dunajská Streda;501433;201;2;SK0211;SK021
Dunajský Klátov;Dunajská Streda;555541;201;2;SK0211;SK021
Gabčíkovo;Dunajská Streda;501573;201;2;SK0211;SK021
Holice;Dunajská Streda;501581;201;2;SK0211;SK021
Horná Potôň;Dunajská Streda;501590;201;2;SK0211;SK021
Horné Mýto;Dunajská Streda;555568;201;2;SK0211;SK021
Horný Bar;Dunajská Streda;501603;201;2;SK0211;SK021
Hubice;Dunajská Streda;501620;201;2;SK0211;SK021
Hviezdoslavov;Dunajská Streda;501638;201;2;SK0211;SK021
Jahodná;Dunajská Streda;501654;201;2;SK0211;SK021
Janíky;Dunajská Streda;501662;201;2;SK0211;SK021
Jurová;Dunajská Streda;501671;201;2;SK0211;SK021
Kostolné Kračany;Dunajská Streda;501697;201;2;SK0211;SK021
Kráľovičove Kračany;Dunajská Streda;501701;201;2;SK0211;SK021
Kvetoslavov;Dunajská Streda;501727;201;2;SK0211;SK021
Kyselica;Dunajská Streda;580597;201;2;SK0211;SK021
Kútniky;Dunajská Streda;501719;201;2;SK0211;SK021
Kľúčovec;Dunajská Streda;501689;201;2;SK0211;SK021
Lehnice;Dunajská Streda;501735;201;2;SK0211;SK021
Lúč na Ostrove;Dunajská Streda;501743;201;2;SK0211;SK021
Macov;Dunajská Streda;555606;201;2;SK0211;SK021
Mad;Dunajská Streda;555649;201;2;SK0211;SK021
Malé Dvorníky;Dunajská Streda;555665;201;2;SK0211;SK021
Medveďov;Dunajská Streda;501760;201;2;SK0211;SK021
Michal na Ostrove;Dunajská Streda;501786;201;2;SK0211;SK021
Mierovo;Dunajská Streda;501778;201;2;SK0211;SK021
Nový Život;Dunajská Streda;501808;201;2;SK0211;SK021
Ohrady;Dunajská Streda;501816;201;2;SK0211;SK021
Okoč;Dunajská Streda;501824;201;2;SK0211;SK021
Orechová Potôň;Dunajská Streda;501859;201;2;SK0211;SK021
Oľdza;Dunajská Streda;501832;201;2;SK0211;SK021
Padáň;Dunajská Streda;501867;201;2;SK0211;SK021
Pataš;Dunajská Streda;501883;201;2;SK0211;SK021
Potônske Lúky;Dunajská Streda;582522;201;2;SK0211;SK021
Povoda;Dunajská Streda;555720;201;2;SK0211;SK021
Rohovce;Dunajská Streda;501891;201;2;SK0211;SK021
Sap;Dunajská Streda;501875;201;2;SK0211;SK021
Topoľníky;Dunajská Streda;501921;201;2;SK0211;SK021
Trhová Hradská;Dunajská Streda;555576;201;2;SK0211;SK021
Trnávka;Dunajská Streda;501956;201;2;SK0211;SK021
Trstená na Ostrove;Dunajská Streda;501964;201;2;SK0211;SK021
Veľká Paka;Dunajská Streda;501972;201;2;SK0211;SK021
Veľké Blahovo;Dunajská Streda;501981;201;2;SK0211;SK021
Veľké Dvorníky;Dunajská Streda;555673;201;2;SK0211;SK021
Veľký Meder;Dunajská Streda;501522;201;2;SK0211;SK021
Vieska;Dunajská Streda;555746;201;2;SK0211;SK021
Vojka nad Dunajom;Dunajská Streda;501999;201;2;SK0211;SK021
Vrakúň;Dunajská Streda;502006;201;2;SK0211;SK021
Vydrany;Dunajská Streda;502014;201;2;SK0211;SK021
Zlaté Klasy;Dunajská Streda;502022;201;2;SK0211;SK021
Čakany;Dunajská Streda;501514;201;2;SK0211;SK021
Čenkovce;Dunajská Streda;580554;201;2;SK0211;SK021
Čiližská Radvaň;Dunajská Streda;501531;201;2;SK0211;SK021
Ňárad;Dunajská Streda;501930;201;2;SK0211;SK021
Šamorín;Dunajská Streda;501905;201;2;SK0211;SK021
Štvrtok na Ostrove;Dunajská Streda;501913;201;2;SK0211;SK021
Abrahám;Galanta;503673;202;2;SK0212;SK021
Dolná Streda;Galanta;555789;202;2;SK0212;SK021
Dolné Saliby;Galanta;503746;202;2;SK0212;SK021
Dolný Chotár;Galanta;503754;202;2;SK0212;SK021
Galanta;Galanta;503665;202;2;SK0212;SK021
Gáň;Galanta;503762;202;2;SK0212;SK021
Horné Saliby;Galanta;503771;202;2;SK0212;SK021
Hoste;Galanta;503789;202;2;SK0212;SK021
Jelka;Galanta;503835;202;2;SK0212;SK021
Jánovce;Galanta;503827;202;2;SK0212;SK021
Kajal;Galanta;503843;202;2;SK0212;SK021
Košúty;Galanta;503860;202;2;SK0212;SK021
Kráľov Brod;Galanta;503878;202;2;SK0212;SK021
Malá Mača;Galanta;582638;202;2;SK0212;SK021
Matúškovo;Galanta;555754;202;2;SK0212;SK021
Mostová;Galanta;503924;202;2;SK0212;SK021
Pata;Galanta;503959;202;2;SK0212;SK021
Pusté Sady;Galanta;503967;202;2;SK0212;SK021
Pusté Úľany;Galanta;503975;202;2;SK0212;SK021
Sereď;Galanta;504009;202;2;SK0212;SK021
Sládkovičovo;Galanta;504017;202;2;SK0212;SK021
Tomášikovo;Galanta;504076;202;2;SK0212;SK021
Topoľnica;Galanta;504084;202;2;SK0212;SK021
Trstice;Galanta;504106;202;2;SK0212;SK021
Veľká Mača;Galanta;504122;202;2;SK0212;SK021
Veľké Úľany;Galanta;504131;202;2;SK0212;SK021
Veľký Grob;Galanta;504149;202;2;SK0212;SK021
Vinohrady nad Váhom;Galanta;504157;202;2;SK0212;SK021
Vozokany;Galanta;504173;202;2;SK0212;SK021
Váhovce;Galanta;504114;202;2;SK0212;SK021
Zemianske Sady;Galanta;504181;202;2;SK0212;SK021
Čierna Voda;Galanta;503690;202;2;SK0212;SK021
Čierny Brod;Galanta;503703;202;2;SK0212;SK021
Šalgočka;Galanta;504033;202;2;SK0212;SK021
Šintava;Galanta;504041;202;2;SK0212;SK021
Šoporňa;Galanta;504050;202;2;SK0212;SK021
Gelnica;Gelnica;526509;801;8;SK0421;SK042
Helcmanovce;Gelnica;526541;801;8;SK0421;SK042
Henclová;Gelnica;526550;801;8;SK0421;SK042
Hrišovce;Gelnica;543144;801;8;SK0421;SK042
Jaklovce;Gelnica;543187;801;8;SK0421;SK042
Kluknava;Gelnica;543233;801;8;SK0421;SK042
Kojšov;Gelnica;543241;801;8;SK0421;SK042
Margecany;Gelnica;543322;801;8;SK0421;SK042
Mníšek nad Hnilcom;Gelnica;543365;801;8;SK0421;SK042
Nálepkovo;Gelnica;543373;801;8;SK0421;SK042
Prakovce;Gelnica;543497;801;8;SK0421;SK042
Richnava;Gelnica;543501;801;8;SK0421;SK042
Smolnícka Huta;Gelnica;543551;801;8;SK0421;SK042
Smolník;Gelnica;543560;801;8;SK0421;SK042
Stará Voda;Gelnica;543632;801;8;SK0421;SK042
Veľký Folkmar;Gelnica;543705;801;8;SK0421;SK042
Závadka;Gelnica;526631;801;8;SK0421;SK042
Úhorná;Gelnica;543683;801;8;SK0421;SK042
Švedlár;Gelnica;543659;801;8;SK0421;SK042
Žakarovce;Gelnica;526649;801;8;SK0421;SK042
Bojničky;Hlohovec;506800;203;2;SK0213;SK021
Dolné Otrokovce;Hlohovec;506958;203;2;SK0213;SK021
Dolné Trhovište;Hlohovec;506966;203;2;SK0213;SK021
Dolné Zelenice;Hlohovec;556521;203;2;SK0213;SK021
Dvorníky;Hlohovec;507024;203;2;SK0213;SK021
Hlohovec;Hlohovec;507032;203;2;SK0213;SK021
Horné Otrokovce;Hlohovec;507075;203;2;SK0213;SK021
Horné Trhovište;Hlohovec;556602;203;2;SK0213;SK021
Horné Zelenice;Hlohovec;556530;203;2;SK0213;SK021
Jalšové;Hlohovec;507130;203;2;SK0213;SK021
Koplotovce;Hlohovec;507202;203;2;SK0213;SK021
Kľačany;Hlohovec;507172;203;2;SK0213;SK021
Leopoldov;Hlohovec;507253;203;2;SK0213;SK021
Madunice;Hlohovec;507288;203;2;SK0213;SK021
Merašice;Hlohovec;507326;203;2;SK0213;SK021
Pastuchov;Hlohovec;507415;203;2;SK0213;SK021
Ratkovce;Hlohovec;518620;203;2;SK0213;SK021
Sasinkovo;Hlohovec;507521;203;2;SK0213;SK021
Siladice;Hlohovec;507539;203;2;SK0213;SK021
Tekolďany;Hlohovec;556611;203;2;SK0213;SK021
Tepličky;Hlohovec;556645;203;2;SK0213;SK021
Trakovice;Hlohovec;507661;203;2;SK0213;SK021
Červeník;Hlohovec;506885;203;2;SK0213;SK021
Žlkovce;Hlohovec;507792;203;2;SK0213;SK021
Adidovce;Humenné;520012;702;7;SK0412;SK041
Baškovce;Humenné;520021;702;7;SK0412;SK041
Brekov;Humenné;520055;702;7;SK0412;SK041
Brestov;Humenné;520063;702;7;SK0412;SK041
Chlmec;Humenné;520268;702;7;SK0412;SK041
Dedačov;Humenné;520152;702;7;SK0412;SK041
Gruzovce;Humenné;559644;702;7;SK0412;SK041
Hankovce;Humenné;520195;702;7;SK0412;SK041
Hažín nad Cirochou;Humenné;559598;702;7;SK0412;SK041
Hrabovec nad Laborcom;Humenné;520225;702;7;SK0412;SK041
Hrubov;Humenné;520233;702;7;SK0412;SK041
Hudcovce;Humenné;520241;702;7;SK0412;SK041
Humenné;Humenné;520004;702;7;SK0412;SK041
Jabloň;Humenné;520276;702;7;SK0412;SK041
Jankovce;Humenné;520292;702;7;SK0412;SK041
Jasenov;Humenné;559547;702;7;SK0412;SK041
Kamenica nad Cirochou;Humenné;520331;702;7;SK0412;SK041
Kamienka;Humenné;520349;702;7;SK0412;SK041
Karná;Humenné;520357;702;7;SK0412;SK041
Kochanovce;Humenné;520373;702;7;SK0412;SK041
Košarovce;Humenné;528803;702;7;SK0412;SK041
Koškovce;Humenné;520403;702;7;SK0412;SK041
Lackovce;Humenné;582140;702;7;SK0412;SK041
Lieskovec;Humenné;520446;702;7;SK0412;SK041
Lukačovce;Humenné;520462;702;7;SK0412;SK041
Maškovce;Humenné;559652;702;7;SK0412;SK041
Modra nad Cirochou;Humenné;520497;702;7;SK0412;SK041
Myslina;Humenné;520501;702;7;SK0412;SK041
Nechválova Polianka;Humenné;520527;702;7;SK0412;SK041
Nižná Jablonka;Humenné;520535;702;7;SK0412;SK041
Nižná Sitnica;Humenné;528897;702;7;SK0412;SK041
Nižné Ladičkovce;Humenné;520543;702;7;SK0412;SK041
Ohradzany;Humenné;520560;702;7;SK0412;SK041
Pakostov;Humenné;528951;702;7;SK0412;SK041
Papín;Humenné;520624;702;7;SK0412;SK041
Porúbka;Humenné;520667;702;7;SK0412;SK041
Prituľany;Humenné;529010;702;7;SK0412;SK041
Ptičie;Humenné;520683;702;7;SK0412;SK041
Rohožník;Humenné;529061;702;7;SK0412;SK041
Rokytov pri Humennom;Humenné;520250;702;7;SK0412;SK041
Rovné;Humenné;520721;702;7;SK0412;SK041
Ruská Kajňa;Humenné;529087;702;7;SK0412;SK041
Ruská Poruba;Humenné;529095;702;7;SK0412;SK041
Slovenská Volová;Humenné;520772;702;7;SK0412;SK041
Slovenské Krivé;Humenné;520781;702;7;SK0412;SK041
Sopkovce;Humenné;559636;702;7;SK0412;SK041
Topoľovka;Humenné;520896;702;7;SK0412;SK041
Turcovce;Humenné;520900;702;7;SK0412;SK041
Udavské;Humenné;520926;702;7;SK0412;SK041
Valaškovce (vojenský obvod);Humenné;518638;702;7;SK0412;SK041
Veľopolie;Humenné;520977;702;7;SK0412;SK041
Vyšná Jablonka;Humenné;521019;702;7;SK0412;SK041
Vyšná Sitnica;Humenné;529249;702;7;SK0412;SK041
Vyšné Ladičkovce;Humenné;521027;702;7;SK0412;SK041
Vyšný Hrušov;Humenné;521035;702;7;SK0412;SK041
Víťazovce;Humenné;520985;702;7;SK0412;SK041
Zbudské Dlhé;Humenné;521086;702;7;SK0412;SK041
Zubné;Humenné;521116;702;7;SK0412;SK041
Závada;Humenné;529273;702;7;SK0412;SK041
Závadka;Humenné;521043;702;7;SK0412;SK041
Černina;Humenné;520110;702;7;SK0412;SK041
Ľubiša;Humenné;520454;702;7;SK0412;SK041
Bohunice;Ilava;582301;302;3;SK0222;SK022
Bolešov;Ilava;512885;302;3;SK0222;SK022
Borčice;Ilava;557391;302;3;SK0222;SK022
Dubnica nad Váhom;Ilava;513016;302;3;SK0222;SK022
Dulov;Ilava;513024;302;3;SK0222;SK022
Horná Poruba;Ilava;513091;302;3;SK0222;SK022
Ilava;Ilava;513156;302;3;SK0222;SK022
Kameničany;Ilava;557404;302;3;SK0222;SK022
Košeca;Ilava;513253;302;3;SK0222;SK022
Košecké Podhradie;Ilava;513351;302;3;SK0222;SK022
Krivoklát;Ilava;557617;302;3;SK0222;SK022
Ladce;Ilava;513296;302;3;SK0222;SK022
Mikušovce;Ilava;513385;302;3;SK0222;SK022
Nová Dubnica;Ilava;513440;302;3;SK0222;SK022
Pruské;Ilava;513598;302;3;SK0222;SK022
Sedmerovec;Ilava;557412;302;3;SK0222;SK022
Slavnica;Ilava;557421;302;3;SK0222;SK022
Tuchyňa;Ilava;513725;302;3;SK0222;SK022
Vršatské Podhradie;Ilava;557625;302;3;SK0222;SK022
Zliechov;Ilava;513865;302;3;SK0222;SK022
Červený Kameň;Ilava;512931;302;3;SK0222;SK022
Abrahámovce;Kežmarok;523399;703;7;SK0413;SK041
Bušovce;Kežmarok;523411;703;7;SK0413;SK041
Havka;Kežmarok;523461;703;7;SK0413;SK041
Holumnica;Kežmarok;523470;703;7;SK0413;SK041
Hradisko;Kežmarok;523500;703;7;SK0413;SK041
Huncovce;Kežmarok;523526;703;7;SK0413;SK041
Ihľany;Kežmarok;523534;703;7;SK0413;SK041
Jezersko;Kežmarok;523569;703;7;SK0413;SK041
Jurské;Kežmarok;523577;703;7;SK0413;SK041
Kežmarok;Kežmarok;523585;703;7;SK0413;SK041
Krížová Ves;Kežmarok;523607;703;7;SK0413;SK041
Lechnica;Kežmarok;523615;703;7;SK0413;SK041
Lendak;Kežmarok;523623;703;7;SK0413;SK041
Majere;Kežmarok;523674;703;7;SK0413;SK041
Malá Franková;Kežmarok;559938;703;7;SK0413;SK041
Malý Slavkov;Kežmarok;581241;703;7;SK0413;SK041
Matiašovce;Kežmarok;523712;703;7;SK0413;SK041
Mlynčeky;Kežmarok;523739;703;7;SK0413;SK041
Osturňa;Kežmarok;523771;703;7;SK0413;SK041
Podhorany;Kežmarok;523780;703;7;SK0413;SK041
Rakúsy;Kežmarok;523798;703;7;SK0413;SK041
Reľov;Kežmarok;523801;703;7;SK0413;SK041
Slovenská Ves;Kežmarok;523810;703;7;SK0413;SK041
Spišská Belá;Kežmarok;523828;703;7;SK0413;SK041
Spišská Stará Ves;Kežmarok;523836;703;7;SK0413;SK041
Spišské Hanušovce;Kežmarok;523861;703;7;SK0413;SK041
Stará Lesná;Kežmarok;523887;703;7;SK0413;SK041
Stráne pod Tatrami;Kežmarok;523909;703;7;SK0413;SK041
Toporec;Kežmarok;523976;703;7;SK0413;SK041
Tvarožná;Kežmarok;523984;703;7;SK0413;SK041
Veľká Franková;Kežmarok;523992;703;7;SK0413;SK041
Veľká Lomnica;Kežmarok;524000;703;7;SK0413;SK041
Vlkovce;Kežmarok;524051;703;7;SK0413;SK041
Vlková;Kežmarok;524042;703;7;SK0413;SK041
Vojňany;Kežmarok;524069;703;7;SK0413;SK041
Vrbov;Kežmarok;524077;703;7;SK0413;SK041
Výborná;Kežmarok;524085;703;7;SK0413;SK041
Zálesie;Kežmarok;524115;703;7;SK0413;SK041
Červený Kláštor;Kežmarok;523429;703;7;SK0413;SK041
Ľubica;Kežmarok;523682;703;7;SK0413;SK041
Žakovce;Kežmarok;524123;703;7;SK0413;SK041
Bajč;Komárno;501034;401;4;SK0231;SK023
Bodza;Komárno;501042;401;4;SK0231;SK023
Bodzianske Lúky;Komárno;555819;401;4;SK0231;SK023
Brestovec;Komárno;501069;401;4;SK0231;SK023
Bátorove Kosihy;Komárno;501395;401;4;SK0231;SK023
Búč;Komárno;501077;401;4;SK0231;SK023
Chotín;Komárno;501158;401;4;SK0231;SK023
Dedina Mládeže;Komárno;501107;401;4;SK0231;SK023
Dulovce;Komárno;501123;401;4;SK0231;SK023
Holiare;Komárno;580911;401;4;SK0231;SK023
Hurbanovo;Komárno;501140;401;4;SK0231;SK023
Imeľ;Komárno;501166;401;4;SK0231;SK023
Iža;Komárno;501174;401;4;SK0231;SK023
Kameničná;Komárno;501182;401;4;SK0231;SK023
Klížska Nemá;Komárno;501191;401;4;SK0231;SK023
Kolárovo;Komárno;501204;401;4;SK0231;SK023
Komárno;Komárno;501026;401;4;SK0231;SK023
Kravany nad Dunajom;Komárno;501212;401;4;SK0231;SK023
Lipové;Komárno;501221;401;4;SK0231;SK023
Marcelová;Komárno;501239;401;4;SK0231;SK023
Martovce;Komárno;501247;401;4;SK0231;SK023
Modrany;Komárno;501263;401;4;SK0231;SK023
Moča;Komárno;501255;401;4;SK0231;SK023
Mudroňovo;Komárno;501271;401;4;SK0231;SK023
Nesvady;Komárno;501280;401;4;SK0231;SK023
Okoličná na Ostrove;Komárno;501301;401;4;SK0231;SK023
Patince;Komárno;501310;401;4;SK0231;SK023
Pribeta;Komárno;501328;401;4;SK0231;SK023
Radvaň nad Dunajom;Komárno;501336;401;4;SK0231;SK023
Sokolce;Komárno;501344;401;4;SK0231;SK023
Svätý Peter;Komárno;501115;401;4;SK0231;SK023
Trávnik;Komárno;501379;401;4;SK0231;SK023
Tôň;Komárno;501361;401;4;SK0231;SK023
Veľké Kosihy;Komárno;501387;401;4;SK0231;SK023
Virt;Komárno;555827;401;4;SK0231;SK023
Vrbová nad Váhom;Komárno;501409;401;4;SK0231;SK023
Zemianska Olča;Komárno;501417;401;4;SK0231;SK023
Zlatná na Ostrove;Komárno;501425;401;4;SK0231;SK023
Čalovec;Komárno;501085;401;4;SK0231;SK023
Číčov;Komárno;501093;401;4;SK0231;SK023
Šrobárová;Komárno;501352;401;4;SK0231;SK023
Bačkovík;Košice - okolie;521141;806;8;SK0426;SK042
Baška;Košice - okolie;521159;806;8;SK0426;SK042
Belža;Košice - okolie;521167;806;8;SK0426;SK042
Beniakovce;Košice - okolie;521175;806;8;SK0426;SK042
Bidovce;Košice - okolie;521183;806;8;SK0426;SK042
Blažice;Košice - okolie;521191;806;8;SK0426;SK042
Bohdanovce;Košice - okolie;521205;806;8;SK0426;SK042
Boliarov;Košice - okolie;521213;806;8;SK0426;SK042
Bočiar;Košice - okolie;559831;806;8;SK0426;SK042
Budimír;Košice - okolie;521221;806;8;SK0426;SK042
Bukovec;Košice - okolie;521248;806;8;SK0426;SK042
Bunetice;Košice - okolie;521256;806;8;SK0426;SK042
Buzica;Košice - okolie;521264;806;8;SK0426;SK042
Cestice;Košice - okolie;521272;806;8;SK0426;SK042
Chorváty;Košice - okolie;599310;806;8;SK0426;SK042
Chrastné;Košice - okolie;521477;806;8;SK0426;SK042
Debraď;Košice - okolie;521329;806;8;SK0426;SK042
Drienovec;Košice - okolie;521337;806;8;SK0426;SK042
Družstevná pri Hornáde;Košice - okolie;521345;806;8;SK0426;SK042
Dvorníky-Včeláre;Košice - okolie;559873;806;8;SK0426;SK042
Geča;Košice - okolie;521370;806;8;SK0426;SK042
Gyňov;Košice - okolie;521388;806;8;SK0426;SK042
Haniska;Košice - okolie;521400;806;8;SK0426;SK042
Hačava;Košice - okolie;521396;806;8;SK0426;SK042
Herľany;Košice - okolie;521418;806;8;SK0426;SK042
Hodkovce;Košice - okolie;521426;806;8;SK0426;SK042
Hosťovce;Košice - okolie;518107;806;8;SK0426;SK042
Hrašovík;Košice - okolie;521442;806;8;SK0426;SK042
Háj;Košice - okolie;518123;806;8;SK0426;SK042
Hýľov;Košice - okolie;521469;806;8;SK0426;SK042
Janík;Košice - okolie;521485;806;8;SK0426;SK042
Jasov;Košice - okolie;521493;806;8;SK0426;SK042
Kalša;Košice - okolie;521507;806;8;SK0426;SK042
Kecerovce;Košice - okolie;521523;806;8;SK0426;SK042
Kecerovský Lipovec;Košice - okolie;521540;806;8;SK0426;SK042
Kechnec;Košice - okolie;559687;806;8;SK0426;SK042
Kokšov-Bakša;Košice - okolie;521558;806;8;SK0426;SK042
Komárovce;Košice - okolie;521566;806;8;SK0426;SK042
Kostoľany nad Hornádom;Košice - okolie;582514;806;8;SK0426;SK042
Košická Belá;Košice - okolie;521574;806;8;SK0426;SK042
Košická Polianka;Košice - okolie;521582;806;8;SK0426;SK042
Košické Oľšany;Košice - okolie;521591;806;8;SK0426;SK042
Košický Klečenov;Košice - okolie;521604;806;8;SK0426;SK042
Kráľovce;Košice - okolie;521612;806;8;SK0426;SK042
Kysak;Košice - okolie;521639;806;8;SK0426;SK042
Malá Ida;Košice - okolie;521655;806;8;SK0426;SK042
Malá Lodina;Košice - okolie;521663;806;8;SK0426;SK042
Medzev;Košice - okolie;521671;806;8;SK0426;SK042
Milhosť;Košice - okolie;580252;806;8;SK0426;SK042
Mokrance;Košice - okolie;521680;806;8;SK0426;SK042
Moldava nad Bodvou;Košice - okolie;521698;806;8;SK0426;SK042
Mudrovce;Košice - okolie;521701;806;8;SK0426;SK042
Nižná Hutka;Košice - okolie;518140;806;8;SK0426;SK042
Nižná Kamenica;Košice - okolie;521728;806;8;SK0426;SK042
Nižná Myšľa;Košice - okolie;521736;806;8;SK0426;SK042
Nižný Klátov;Košice - okolie;521752;806;8;SK0426;SK042
Nižný Lánec;Košice - okolie;521761;806;8;SK0426;SK042
Nižný Čaj;Košice - okolie;521744;806;8;SK0426;SK042
Nová Polhora;Košice - okolie;521795;806;8;SK0426;SK042
Nováčany;Košice - okolie;521787;806;8;SK0426;SK042
Nový Salaš;Košice - okolie;521809;806;8;SK0426;SK042
Obišovce;Košice - okolie;521817;806;8;SK0426;SK042
Olšovany;Košice - okolie;521825;806;8;SK0426;SK042
Opiná;Košice - okolie;521841;806;8;SK0426;SK042
Opátka;Košice - okolie;521833;806;8;SK0426;SK042
Paňovce;Košice - okolie;521850;806;8;SK0426;SK042
Peder;Košice - okolie;521868;806;8;SK0426;SK042
Perín-Chym;Košice - okolie;521876;806;8;SK0426;SK042
Ploské;Košice - okolie;521884;806;8;SK0426;SK042
Poproč;Košice - okolie;521892;806;8;SK0426;SK042
Rankovce;Košice - okolie;521914;806;8;SK0426;SK042
Rešica;Košice - okolie;521922;806;8;SK0426;SK042
Rozhanovce;Košice - okolie;521931;806;8;SK0426;SK042
Rudník;Košice - okolie;521949;806;8;SK0426;SK042
Ruskov;Košice - okolie;521957;806;8;SK0426;SK042
Rákoš;Košice - okolie;521906;806;8;SK0426;SK042
Sady nad Torysou;Košice - okolie;521965;806;8;SK0426;SK042
Seňa;Košice - okolie;521973;806;8;SK0426;SK042
Skároš;Košice - okolie;521981;806;8;SK0426;SK042
Slanec;Košice - okolie;522007;806;8;SK0426;SK042
Slanská Huta;Košice - okolie;522015;806;8;SK0426;SK042
Slanské Nové Mesto;Košice - okolie;522023;806;8;SK0426;SK042
Slančík;Košice - okolie;518115;806;8;SK0426;SK042
Sokoľ;Košice - okolie;522031;806;8;SK0426;SK042
Sokoľany;Košice - okolie;559865;806;8;SK0426;SK042
Svinica;Košice - okolie;522040;806;8;SK0426;SK042
Trebejov;Košice - okolie;522082;806;8;SK0426;SK042
Trstené pri Hornáde;Košice - okolie;522104;806;8;SK0426;SK042
Trsťany;Košice - okolie;522091;806;8;SK0426;SK042
Turnianska Nová Ves;Košice - okolie;521779;806;8;SK0426;SK042
Turňa nad Bodvou;Košice - okolie;559784;806;8;SK0426;SK042
Vajkovce;Košice - okolie;522121;806;8;SK0426;SK042
Valaliky;Košice - okolie;522139;806;8;SK0426;SK042
Veľká Ida;Košice - okolie;522147;806;8;SK0426;SK042
Veľká Lodina;Košice - okolie;522155;806;8;SK0426;SK042
Vtáčkovce;Košice - okolie;522163;806;8;SK0426;SK042
Vyšná Hutka;Košice - okolie;522171;806;8;SK0426;SK042
Vyšná Kamenica;Košice - okolie;522180;806;8;SK0426;SK042
Vyšná Myšľa;Košice - okolie;522198;806;8;SK0426;SK042
Vyšný Klátov;Košice - okolie;522210;806;8;SK0426;SK042
Vyšný Medzev;Košice - okolie;582093;806;8;SK0426;SK042
Vyšný Čaj;Košice - okolie;522201;806;8;SK0426;SK042
Zlatá Idka;Košice - okolie;522244;806;8;SK0426;SK042
Zádiel;Košice - okolie;559881;806;8;SK0426;SK042
Čakanovce;Košice - okolie;521281;806;8;SK0426;SK042
Čaňa;Košice - okolie;521299;806;8;SK0426;SK042
Čečejovce;Košice - okolie;521302;806;8;SK0426;SK042
Čižatice;Košice - okolie;521311;806;8;SK0426;SK042
Ďurkov;Košice - okolie;521361;806;8;SK0426;SK042
Ďurďošík;Košice - okolie;521353;806;8;SK0426;SK042
Šemša;Košice - okolie;522066;806;8;SK0426;SK042
Štós;Košice - okolie;522074;806;8;SK0426;SK042
Žarnov;Košice - okolie;522252;806;8;SK0426;SK042
Ždaňa;Košice - okolie;522261;806;8;SK0426;SK042
Košice-Džungľa;Košice I;599891;802;8;SK0422;SK042
Košice-Kavečany;Košice I;598119;802;8;SK0422;SK042
Košice-Sever;Košice I;598151;802;8;SK0422;SK042
Košice-Staré Mesto;Košice I;598186;802;8;SK0422;SK042
Košice-Sídlisko Ťahanovce;Košice I;599875;802;8;SK0422;SK042
Košice-Ťahanovce;Košice I;598127;802;8;SK0422;SK042
Košice-Lorinčík;Košice II;598194;803;8;SK0423;SK042
Košice-Luník IX;Košice II;599972;803;8;SK0423;SK042
Košice-Myslava;Košice II;598216;803;8;SK0423;SK042
Košice-Pereš;Košice II;598208;803;8;SK0423;SK042
Košice-Poľov;Košice II;599859;803;8;SK0423;SK042
Košice-Sídlisko KVP;Košice II;599883;803;8;SK0423;SK042
Košice-Západ;Košice II;598224;803;8;SK0423;SK042
Košice-Šaca;Košice II;599841;803;8;SK0423;SK042
Košice-Dargovských hrdinov;Košice III;598682;804;8;SK0424;SK042
Košice-Košická Nová Ves;Košice III;599018;804;8;SK0424;SK042
Košice-Barca;Košice IV;599093;805;8;SK0425;SK042
Košice-Juh;Košice IV;599824;805;8;SK0425;SK042
Košice-Krásna;Košice IV;599794;805;8;SK0425;SK042
Košice-Nad jazerom;Košice IV;599816;805;8;SK0425;SK042
Košice-Vyšné Opátske;Košice IV;599913;805;8;SK0425;SK042
Košice-Šebastovce;Košice IV;599786;805;8;SK0425;SK042
Bzovík;Krupina;518212;605;6;SK0325;SK032
Cerovo;Krupina;518239;605;6;SK0325;SK032
Devičie;Krupina;518280;605;6;SK0325;SK032
Dolné Mladonice;Krupina;518301;605;6;SK0325;SK032
Dolný Badín;Krupina;518310;605;6;SK0325;SK032
Domaníky;Krupina;518336;605;6;SK0325;SK032
Drienovo;Krupina;518352;605;6;SK0325;SK032
Drážovce;Krupina;518344;605;6;SK0325;SK032
Dudince;Krupina;518387;605;6;SK0325;SK032
Hontianske Moravce;Krupina;518409;605;6;SK0325;SK032
Hontianske Nemce;Krupina;518417;605;6;SK0325;SK032
Hontianske Tesáre;Krupina;518425;605;6;SK0325;SK032
Horné Mladonice;Krupina;518433;605;6;SK0325;SK032
Horný Badín;Krupina;518441;605;6;SK0325;SK032
Jalšovík;Krupina;518484;605;6;SK0325;SK032
Kozí Vrbovok;Krupina;518514;605;6;SK0325;SK032
Krupina;Krupina;518557;605;6;SK0325;SK032
Kráľovce-Krnišov;Krupina;518531;605;6;SK0325;SK032
Lackov;Krupina;518565;605;6;SK0325;SK032
Ladzany;Krupina;518573;605;6;SK0325;SK032
Litava;Krupina;518611;605;6;SK0325;SK032
Lišov;Krupina;518603;605;6;SK0325;SK032
Medovarce;Krupina;518646;605;6;SK0325;SK032
Rykynčice;Krupina;518701;605;6;SK0325;SK032
Sebechleby;Krupina;518735;605;6;SK0325;SK032
Selce;Krupina;518743;605;6;SK0325;SK032
Senohrad;Krupina;518751;605;6;SK0325;SK032
Sudince;Krupina;518832;605;6;SK0325;SK032
Súdovce;Krupina;518841;605;6;SK0325;SK032
Terany;Krupina;518867;605;6;SK0325;SK032
Trpín;Krupina;518883;605;6;SK0325;SK032
Uňatín;Krupina;518905;605;6;SK0325;SK032
Zemiansky Vrbovok;Krupina;518956;605;6;SK0325;SK032
Čabradský Vrbovok;Krupina;518247;605;6;SK0325;SK032
Čekovce;Krupina;518255;605;6;SK0325;SK032
Žibritov;Krupina;518999;605;6;SK0325;SK032
Dolný Vadičov;Kysucké Nové Mesto;509175;504;5;SK0314;SK031
Horný Vadičov;Kysucké Nové Mesto;509205;504;5;SK0314;SK031
Kysucké Nové Mesto;Kysucké Nové Mesto;509256;504;5;SK0314;SK031
Kysucký Lieskovec;Kysucké Nové Mesto;509264;504;5;SK0314;SK031
Lodno;Kysucké Nové Mesto;509272;504;5;SK0314;SK031
Lopušné Pažite;Kysucké Nové Mesto;509281;504;5;SK0314;SK031
Nesluša;Kysucké Nové Mesto;509302;504;5;SK0314;SK031
Ochodnica;Kysucké Nové Mesto;509329;504;5;SK0314;SK031
Povina;Kysucké Nové Mesto;509370;504;5;SK0314;SK031
Radoľa;Kysucké Nové Mesto;580791;504;5;SK0314;SK031
Rudina;Kysucké Nové Mesto;509426;504;5;SK0314;SK031
Rudinka;Kysucké Nové Mesto;509434;504;5;SK0314;SK031
Rudinská;Kysucké Nové Mesto;509442;504;5;SK0314;SK031
Snežnica;Kysucké Nové Mesto;509469;504;5;SK0314;SK031
Bajka;Levice;502049;402;4;SK0232;SK023
Beša;Levice;502065;402;4;SK0232;SK023
Bielovce;Levice;502073;402;4;SK0232;SK023
Bohunice;Levice;580937;402;4;SK0232;SK023
Bory;Levice;502090;402;4;SK0232;SK023
Brhlovce;Levice;502103;402;4;SK0232;SK023
Bátovce;Levice;502057;402;4;SK0232;SK023
Demandice;Levice;502154;402;4;SK0232;SK023
Devičany;Levice;502162;402;4;SK0232;SK023
Dolná Seč;Levice;502171;402;4;SK0232;SK023
Dolné Semerovce;Levice;502189;402;4;SK0232;SK023
Dolný Pial;Levice;502197;402;4;SK0232;SK023
Domadice;Levice;502201;402;4;SK0232;SK023
Drženice;Levice;502219;402;4;SK0232;SK023
Farná;Levice;502227;402;4;SK0232;SK023
Hokovce;Levice;502243;402;4;SK0232;SK023
Hontianska Vrbica;Levice;502251;402;4;SK0232;SK023
Hontianske Trsťany;Levice;545350;402;4;SK0232;SK023
Horná Seč;Levice;502260;402;4;SK0232;SK023
Horné Semerovce;Levice;502278;402;4;SK0232;SK023
Horné Turovce;Levice;502286;402;4;SK0232;SK023
Horný Pial;Levice;502294;402;4;SK0232;SK023
Hrkovce;Levice;581895;402;4;SK0232;SK023
Hronovce;Levice;502324;402;4;SK0232;SK023
Hronské Kosihy;Levice;502341;402;4;SK0232;SK023
Hronské Kľačany;Levice;502332;402;4;SK0232;SK023
Ipeľské Úľany;Levice;502367;402;4;SK0232;SK023
Ipeľský Sokolec;Levice;502375;402;4;SK0232;SK023
Iňa;Levice;502359;402;4;SK0232;SK023
Jabloňovce;Levice;502383;402;4;SK0232;SK023
Jesenské;Levice;556777;402;4;SK0232;SK023
Jur nad Hronom;Levice;502391;402;4;SK0232;SK023
Kalná nad Hronom;Levice;502413;402;4;SK0232;SK023
Keť;Levice;502472;402;4;SK0232;SK023
Kozárovce;Levice;502421;402;4;SK0232;SK023
Krškany;Levice;502430;402;4;SK0232;SK023
Kubáňovo;Levice;502448;402;4;SK0232;SK023
Kukučínov;Levice;502456;402;4;SK0232;SK023
Kuraľany;Levice;502464;402;4;SK0232;SK023
Levice;Levice;502031;402;4;SK0232;SK023
Lok;Levice;502481;402;4;SK0232;SK023
Lontov;Levice;502499;402;4;SK0232;SK023
Lula;Levice;502502;402;4;SK0232;SK023
Malé Kozmálovce;Levice;581135;402;4;SK0232;SK023
Malé Ludince;Levice;502537;402;4;SK0232;SK023
Málaš;Levice;502511;402;4;SK0232;SK023
Mýtne Ludany;Levice;502570;402;4;SK0232;SK023
Nová Dedina;Levice;502588;402;4;SK0232;SK023
Nový Tekov;Levice;502596;402;4;SK0232;SK023
Nýrovce;Levice;502600;402;4;SK0232;SK023
Ondrejovce;Levice;502618;402;4;SK0232;SK023
Pastovce;Levice;502626;402;4;SK0232;SK023
Pečenice;Levice;502634;402;4;SK0232;SK023
Plavé Vozokany;Levice;502651;402;4;SK0232;SK023
Plášťovce;Levice;502642;402;4;SK0232;SK023
Podlužany;Levice;502669;402;4;SK0232;SK023
Pohronský Ruskov;Levice;502677;402;4;SK0232;SK023
Pukanec;Levice;502693;402;4;SK0232;SK023
Rybník;Levice;502707;402;4;SK0232;SK023
Santovka;Levice;502715;402;4;SK0232;SK023
Sazdice;Levice;502723;402;4;SK0232;SK023
Sikenica;Levice;502731;402;4;SK0232;SK023
Slatina;Levice;502740;402;4;SK0232;SK023
Starý Hrádok;Levice;502758;402;4;SK0232;SK023
Starý Tekov;Levice;502766;402;4;SK0232;SK023
Tehla;Levice;502812;402;4;SK0232;SK023
Tekovské Lužany;Levice;502821;402;4;SK0232;SK023
Tekovský Hrádok;Levice;502847;402;4;SK0232;SK023
Tlmače;Levice;502863;402;4;SK0232;SK023
Tupá;Levice;502871;402;4;SK0232;SK023
Turá;Levice;502880;402;4;SK0232;SK023
Uhliská;Levice;502898;402;4;SK0232;SK023
Veľké Kozmálovce;Levice;581160;402;4;SK0232;SK023
Veľké Ludince;Levice;502910;402;4;SK0232;SK023
Veľké Turovce;Levice;502928;402;4;SK0232;SK023
Veľký Ďur;Levice;502936;402;4;SK0232;SK023
Vyškovce nad Ipľom;Levice;502944;402;4;SK0232;SK023
Vyšné nad Hronom;Levice;502952;402;4;SK0232;SK023
Zalaba;Levice;502961;402;4;SK0232;SK023
Zbrojníky;Levice;502979;402;4;SK0232;SK023
Čajkov;Levice;502111;402;4;SK0232;SK023
Čaka;Levice;502120;402;4;SK0232;SK023
Čata;Levice;555843;402;4;SK0232;SK023
Šahy;Levice;502782;402;4;SK0232;SK023
Šalov;Levice;502791;402;4;SK0232;SK023
Šarovce;Levice;502804;402;4;SK0232;SK023
Želiezovce;Levice;502987;402;4;SK0232;SK023
Žemberovce;Levice;502995;402;4;SK0232;SK023
Žemliare;Levice;503002;402;4;SK0232;SK023
Baldovce;Levoča;526371;704;7;SK0414;SK041
Beharovce;Levoča;526380;704;7;SK0414;SK041
Bijacovce;Levoča;526401;704;7;SK0414;SK041
Brutovce;Levoča;526410;704;7;SK0414;SK041
Buglovce;Levoča;526428;704;7;SK0414;SK041
Dlhé Stráže;Levoča;526452;704;7;SK0414;SK041
Domaňovce;Levoča;526479;704;7;SK0414;SK041
Doľany;Levoča;526461;704;7;SK0414;SK041
Dravce;Levoča;526487;704;7;SK0414;SK041
Dúbrava;Levoča;526495;704;7;SK0414;SK041
Granč-Petrovce;Levoča;526517;704;7;SK0414;SK041
Harakovce;Levoča;526525;704;7;SK0414;SK041
Jablonov;Levoča;543179;704;7;SK0414;SK041
Klčov;Levoča;543225;704;7;SK0414;SK041
Korytné;Levoča;581640;704;7;SK0414;SK041
Kurimany;Levoča;543276;704;7;SK0414;SK041
Levoča;Levoča;543292;704;7;SK0414;SK041
Lúčka;Levoča;543314;704;7;SK0414;SK041
Nemešany;Levoča;543381;704;7;SK0414;SK041
Nižné Repaše;Levoča;543390;704;7;SK0414;SK041
Ordzovany;Levoča;543446;704;7;SK0414;SK041
Oľšavica;Levoča;543420;704;7;SK0414;SK041
Pavľany;Levoča;543454;704;7;SK0414;SK041
Pongrácovce;Levoča;543471;704;7;SK0414;SK041
Poľanovce;Levoča;543462;704;7;SK0414;SK041
Spišské Podhradie;Levoča;543578;704;7;SK0414;SK041
Spišský Hrhov;Levoča;543608;704;7;SK0414;SK041
Spišský Štvrtok;Levoča;543624;704;7;SK0414;SK041
Studenec;Levoča;543641;704;7;SK0414;SK041
Torysky;Levoča;543675;704;7;SK0414;SK041
Uloža;Levoča;543691;704;7;SK0414;SK041
Vyšné Repaše;Levoča;526606;704;7;SK0414;SK041
Vyšný Slavkov;Levoča;526614;704;7;SK0414;SK041
Beňadiková;Liptovský Mikuláš;510271;505;5;SK0315;SK031
Bobrovec;Liptovský Mikuláš;510327;505;5;SK0315;SK031
Bobrovník;Liptovský Mikuláš;510335;505;5;SK0315;SK031
Bobrovček;Liptovský Mikuláš;510319;505;5;SK0315;SK031
Bukovina;Liptovský Mikuláš;510351;505;5;SK0315;SK031
Demänovská Dolina;Liptovský Mikuláš;510386;505;5;SK0315;SK031
Dúbrava;Liptovský Mikuláš;510408;505;5;SK0315;SK031
Galovany;Liptovský Mikuláš;510416;505;5;SK0315;SK031
Gôtovany;Liptovský Mikuláš;510424;505;5;SK0315;SK031
Huty;Liptovský Mikuláš;510459;505;5;SK0315;SK031
Hybe;Liptovský Mikuláš;510467;505;5;SK0315;SK031
Ižipovce;Liptovský Mikuláš;556807;505;5;SK0315;SK031
Jakubovany;Liptovský Mikuláš;510505;505;5;SK0315;SK031
Jalovec;Liptovský Mikuláš;510513;505;5;SK0315;SK031
Jamník;Liptovský Mikuláš;510521;505;5;SK0315;SK031
Konská;Liptovský Mikuláš;507393;505;5;SK0315;SK031
Kráľova Lehota;Liptovský Mikuláš;510564;505;5;SK0315;SK031
Kvačany;Liptovský Mikuláš;510572;505;5;SK0315;SK031
Lazisko;Liptovský Mikuláš;510581;505;5;SK0315;SK031
Liptovská Anna;Liptovský Mikuláš;510602;505;5;SK0315;SK031
Liptovská Kokava;Liptovský Mikuláš;510611;505;5;SK0315;SK031
Liptovská Porúbka;Liptovský Mikuláš;558281;505;5;SK0315;SK031
Liptovská Sielnica;Liptovský Mikuláš;510653;505;5;SK0315;SK031
Liptovské Beharovce;Liptovský Mikuláš;510688;505;5;SK0315;SK031
Liptovské Kľačany;Liptovský Mikuláš;510696;505;5;SK0315;SK031
Liptovské Matiašovce;Liptovský Mikuláš;510700;505;5;SK0315;SK031
Liptovský Hrádok;Liptovský Mikuláš;510726;505;5;SK0315;SK031
Liptovský Ján;Liptovský Mikuláš;510734;505;5;SK0315;SK031
Liptovský Mikuláš;Liptovský Mikuláš;510262;505;5;SK0315;SK031
Liptovský Ondrej;Liptovský Mikuláš;510751;505;5;SK0315;SK031
Liptovský Peter;Liptovský Mikuláš;580287;505;5;SK0315;SK031
Liptovský Trnovec;Liptovský Mikuláš;510777;505;5;SK0315;SK031
Malatíny;Liptovský Mikuláš;510831;505;5;SK0315;SK031
Malužiná;Liptovský Mikuláš;510858;505;5;SK0315;SK031
Malé Borové;Liptovský Mikuláš;510840;505;5;SK0315;SK031
Nižná Boca;Liptovský Mikuláš;510874;505;5;SK0315;SK031
Partizánska Ľupča;Liptovský Mikuláš;510904;505;5;SK0315;SK031
Pavlova Ves;Liptovský Mikuláš;510921;505;5;SK0315;SK031
Pavčina Lehota;Liptovský Mikuláš;510912;505;5;SK0315;SK031
Podtureň;Liptovský Mikuláš;510947;505;5;SK0315;SK031
Pribylina;Liptovský Mikuláš;510963;505;5;SK0315;SK031
Prosiek;Liptovský Mikuláš;510971;505;5;SK0315;SK031
Smrečany;Liptovský Mikuláš;511013;505;5;SK0315;SK031
Svätý Kríž;Liptovský Mikuláš;511048;505;5;SK0315;SK031
Trstené;Liptovský Mikuláš;511072;505;5;SK0315;SK031
Uhorská Ves;Liptovský Mikuláš;511099;505;5;SK0315;SK031
Vavrišovo;Liptovský Mikuláš;511111;505;5;SK0315;SK031
Važec;Liptovský Mikuláš;511129;505;5;SK0315;SK031
Veterná Poruba;Liptovský Mikuláš;511145;505;5;SK0315;SK031
Veľké Borové;Liptovský Mikuláš;511137;505;5;SK0315;SK031
Vlachy;Liptovský Mikuláš;511153;505;5;SK0315;SK031
Vyšná Boca;Liptovský Mikuláš;511188;505;5;SK0315;SK031
Východná;Liptovský Mikuláš;511170;505;5;SK0315;SK031
Závažná Poruba;Liptovský Mikuláš;511196;505;5;SK0315;SK031
Ľubeľa;Liptovský Mikuláš;510793;505;5;SK0315;SK031
Žiar;Liptovský Mikuláš;511200;505;5;SK0315;SK031
Belina;Lučenec;511234;606;6;SK0326;SK032
Biskupice;Lučenec;557315;606;6;SK0326;SK032
Boľkovce;Lučenec;511251;606;6;SK0326;SK032
Budiná;Lučenec;511277;606;6;SK0326;SK032
Bulhary;Lučenec;558273;606;6;SK0326;SK032
Buzitka;Lučenec;511293;606;6;SK0326;SK032
Divín;Lučenec;511358;606;6;SK0326;SK032
Dobroč;Lučenec;511366;606;6;SK0326;SK032
Fiľakovo;Lučenec;511391;606;6;SK0326;SK032
Fiľakovské Kováče;Lučenec;511404;606;6;SK0326;SK032
Gregorova Vieska;Lučenec;557331;606;6;SK0326;SK032
Halič;Lučenec;511421;606;6;SK0326;SK032
Holiša;Lučenec;511439;606;6;SK0326;SK032
Jelšovec;Lučenec;511463;606;6;SK0326;SK032
Kalonda;Lučenec;511480;606;6;SK0326;SK032
Kotmanová;Lučenec;511374;606;6;SK0326;SK032
Lehôtka;Lučenec;511528;606;6;SK0326;SK032
Lentvora;Lučenec;511536;606;6;SK0326;SK032
Lipovany;Lučenec;511544;606;6;SK0326;SK032
Lovinobaňa;Lučenec;511552;606;6;SK0326;SK032
Lupoč;Lučenec;511579;606;6;SK0326;SK032
Lučenec;Lučenec;511218;606;6;SK0326;SK032
Mašková;Lučenec;511609;606;6;SK0326;SK032
Mikušovce;Lučenec;580309;606;6;SK0326;SK032
Mučín;Lučenec;511625;606;6;SK0326;SK032
Mýtna;Lučenec;511641;606;6;SK0326;SK032
Nitra nad Ipľom;Lučenec;511668;606;6;SK0326;SK032
Nové Hony;Lučenec;511676;606;6;SK0326;SK032
Panické Dravce;Lučenec;511692;606;6;SK0326;SK032
Pinciná;Lučenec;511714;606;6;SK0326;SK032
Pleš;Lučenec;511722;606;6;SK0326;SK032
Podrečany;Lučenec;511749;606;6;SK0326;SK032
Polichno;Lučenec;511757;606;6;SK0326;SK032
Praha;Lučenec;511773;606;6;SK0326;SK032
Prša;Lučenec;511781;606;6;SK0326;SK032
Píla;Lučenec;511706;606;6;SK0326;SK032
Radzovce;Lučenec;511790;606;6;SK0326;SK032
Rapovce;Lučenec;511803;606;6;SK0326;SK032
Ratka;Lučenec;511811;606;6;SK0326;SK032
Ružiná;Lučenec;511838;606;6;SK0326;SK032
Stará Halič;Lučenec;511846;606;6;SK0326;SK032
Tomášovce;Lučenec;511919;606;6;SK0326;SK032
Točnica;Lučenec;511901;606;6;SK0326;SK032
Trebeľovce;Lučenec;511927;606;6;SK0326;SK032
Trenč;Lučenec;557340;606;6;SK0326;SK032
Tuhár;Lučenec;511943;606;6;SK0326;SK032
Veľká nad Ipľom;Lučenec;511994;606;6;SK0326;SK032
Veľké Dravce;Lučenec;512010;606;6;SK0326;SK032
Vidiná;Lučenec;557307;606;6;SK0326;SK032
Ábelová;Lučenec;511226;606;6;SK0326;SK032
Čakanovce;Lučenec;511323;606;6;SK0326;SK032
Čamovce;Lučenec;511331;606;6;SK0326;SK032
Ľuboreč;Lučenec;511561;606;6;SK0326;SK032
Šiatorská Bukovinka;Lučenec;511862;606;6;SK0326;SK032
Šurice;Lučenec;511897;606;6;SK0326;SK032
Šávoľ;Lučenec;511854;606;6;SK0326;SK032
Šíd;Lučenec;511871;606;6;SK0326;SK032
Borinka;Malacky;507831;106;1;SK0106;SK010
Gajary;Malacky;507890;106;1;SK0106;SK010
Jablonové;Malacky;507954;106;1;SK0106;SK010
Jakubov;Malacky;507962;106;1;SK0106;SK010
Kostolište;Malacky;508012;106;1;SK0106;SK010
Kuchyňa;Malacky;508021;106;1;SK0106;SK010
Lozorno;Malacky;508055;106;1;SK0106;SK010
Láb;Malacky;508039;106;1;SK0106;SK010
Malacky;Malacky;508063;106;1;SK0106;SK010
Malé Leváre;Malacky;504556;106;1;SK0106;SK010
Marianka;Malacky;508080;106;1;SK0106;SK010
Pernek;Malacky;508161;106;1;SK0106;SK010
Plavecké Podhradie;Malacky;504629;106;1;SK0106;SK010
Plavecký Mikuláš;Malacky;504637;106;1;SK0106;SK010
Plavecký Štvrtok;Malacky;508195;106;1;SK0106;SK010
Rohožník;Malacky;504769;106;1;SK0106;SK010
Sološnica;Malacky;504858;106;1;SK0106;SK010
Studienka;Malacky;504874;106;1;SK0106;SK010
Stupava;Malacky;508233;106;1;SK0106;SK010
Suchohrad;Malacky;508241;106;1;SK0106;SK010
Veľké Leváre;Malacky;504947;106;1;SK0106;SK010
Vysoká pri Morave;Malacky;508349;106;1;SK0106;SK010
Zohor;Malacky;508381;106;1;SK0106;SK010
Záhorie (vojenský obvod);Malacky;500267;106;1;SK0106;SK010
Záhorská Ves;Malacky;508365;106;1;SK0106;SK010
Závod;Malacky;504980;106;1;SK0106;SK010
Belá-Dulice;Martin;512052;506;5;SK0316;SK031
Benice;Martin;512061;506;5;SK0316;SK031
Blatnica;Martin;512079;506;5;SK0316;SK031
Bystrička;Martin;512133;506;5;SK0316;SK031
Diaková;Martin;512168;506;5;SK0316;SK031
Dolný Kalník;Martin;512206;506;5;SK0316;SK031
Dražkovce;Martin;512214;506;5;SK0316;SK031
Folkušová;Martin;512257;506;5;SK0316;SK031
Horný Kalník;Martin;512290;506;5;SK0316;SK031
Karlová;Martin;512346;506;5;SK0316;SK031
Kláštor pod Znievom;Martin;512354;506;5;SK0316;SK031
Košťany nad Turcom;Martin;512371;506;5;SK0316;SK031
Krpeľany;Martin;512389;506;5;SK0316;SK031
Laskár;Martin;512397;506;5;SK0316;SK031
Ležiachov;Martin;512419;506;5;SK0316;SK031
Lipovec;Martin;512435;506;5;SK0316;SK031
Martin;Martin;512036;506;5;SK0316;SK031
Necpaly;Martin;512478;506;5;SK0316;SK031
Nolčovo;Martin;512486;506;5;SK0316;SK031
Podhradie;Martin;512508;506;5;SK0316;SK031
Príbovce;Martin;512524;506;5;SK0316;SK031
Rakovo;Martin;512541;506;5;SK0316;SK031
Ratkovo;Martin;512567;506;5;SK0316;SK031
Sklabinský Podzámok;Martin;512591;506;5;SK0316;SK031
Sklabiňa;Martin;512583;506;5;SK0316;SK031
Slovany;Martin;512613;506;5;SK0316;SK031
Socovce;Martin;512630;506;5;SK0316;SK031
Sučany;Martin;512648;506;5;SK0316;SK031
Trebostovo;Martin;512664;506;5;SK0316;SK031
Trnovo;Martin;512672;506;5;SK0316;SK031
Turany;Martin;512681;506;5;SK0316;SK031
Turčianska Štiavnička;Martin;512702;506;5;SK0316;SK031
Turčianske Jaseno;Martin;545961;506;5;SK0316;SK031
Turčianske Kľačany;Martin;512711;506;5;SK0316;SK031
Turčiansky Peter;Martin;512753;506;5;SK0316;SK031
Turčiansky Ďur;Martin;512737;506;5;SK0316;SK031
Valča;Martin;512761;506;5;SK0316;SK031
Vrícko;Martin;512796;506;5;SK0316;SK031
Vrútky;Martin;557358;506;5;SK0316;SK031
Záborie;Martin;512818;506;5;SK0316;SK031
Ďanová;Martin;512150;506;5;SK0316;SK031
Šútovo;Martin;512656;506;5;SK0316;SK031
Žabokreky;Martin;512834;506;5;SK0316;SK031
Brestov nad Laborcom;Medzilaborce;520071;705;7;SK0415;SK041
Habura;Medzilaborce;520187;705;7;SK0415;SK041
Kalinov;Medzilaborce;520314;705;7;SK0415;SK041
Krásny Brod;Medzilaborce;520411;705;7;SK0415;SK041
Medzilaborce;Medzilaborce;520471;705;7;SK0415;SK041
Oľka;Medzilaborce;520578;705;7;SK0415;SK041
Oľšinkov;Medzilaborce;520586;705;7;SK0415;SK041
Palota;Medzilaborce;520616;705;7;SK0415;SK041
Radvaň nad Laborcom;Medzilaborce;520691;705;7;SK0415;SK041
Repejov;Medzilaborce;520705;705;7;SK0415;SK041
Rokytovce;Medzilaborce;559610;705;7;SK0415;SK041
Roškovce;Medzilaborce;520713;705;7;SK0415;SK041
Sukov;Medzilaborce;520853;705;7;SK0415;SK041
Svetlice;Medzilaborce;520861;705;7;SK0415;SK041
Valentovce;Medzilaborce;520951;705;7;SK0415;SK041
Volica;Medzilaborce;520993;705;7;SK0415;SK041
Výrava;Medzilaborce;521001;705;7;SK0415;SK041
Zbojné;Medzilaborce;521060;705;7;SK0415;SK041
Zbudská Belá;Medzilaborce;521078;705;7;SK0415;SK041
Čabalovce;Medzilaborce;520098;705;7;SK0415;SK041
Čabiny;Medzilaborce;520101;705;7;SK0415;SK041
Čertižné;Medzilaborce;520128;705;7;SK0415;SK041
Ňagov;Medzilaborce;520519;705;7;SK0415;SK041
Bajany;Michalovce;522287;807;8;SK0427;SK042
Beša;Michalovce;528137;807;8;SK0427;SK042
Bracovce;Michalovce;522368;807;8;SK0427;SK042
Budince;Michalovce;513857;807;8;SK0427;SK042
Budkovce;Michalovce;522376;807;8;SK0427;SK042
Bánovce nad Ondavou;Michalovce;522295;807;8;SK0427;SK042
Drahňov;Michalovce;528331;807;8;SK0427;SK042
Dúbravka;Michalovce;522406;807;8;SK0427;SK042
Falkušovce;Michalovce;522414;807;8;SK0427;SK042
Hatalov;Michalovce;522431;807;8;SK0427;SK042
Hažín;Michalovce;522449;807;8;SK0427;SK042
Hnojné;Michalovce;522465;807;8;SK0427;SK042
Horovce;Michalovce;522481;807;8;SK0427;SK042
Iňačovce;Michalovce;522511;807;8;SK0427;SK042
Ižkovce;Michalovce;528391;807;8;SK0427;SK042
Jastrabie pri Michalovciach;Michalovce;522546;807;8;SK0427;SK042
Jovsa;Michalovce;522562;807;8;SK0427;SK042
Kaluža;Michalovce;522589;807;8;SK0427;SK042
Kapušianske Kľačany;Michalovce;528404;807;8;SK0427;SK042
Kačanov;Michalovce;522571;807;8;SK0427;SK042
Klokočov;Michalovce;522597;807;8;SK0427;SK042
Krišovská Liesková;Michalovce;528463;807;8;SK0427;SK042
Krásnovce;Michalovce;522651;807;8;SK0427;SK042
Kusín;Michalovce;522686;807;8;SK0427;SK042
Lastomír;Michalovce;522694;807;8;SK0427;SK042
Laškovce;Michalovce;522708;807;8;SK0427;SK042
Lesné;Michalovce;522724;807;8;SK0427;SK042
Ložín;Michalovce;522732;807;8;SK0427;SK042
Lúčky;Michalovce;522741;807;8;SK0427;SK042
Malé Raškovce;Michalovce;522767;807;8;SK0427;SK042
Malčice;Michalovce;522759;807;8;SK0427;SK042
Markovce;Michalovce;522783;807;8;SK0427;SK042
Maťovské Vojkovce;Michalovce;528579;807;8;SK0427;SK042
Michalovce;Michalovce;522279;807;8;SK0427;SK042
Moravany;Michalovce;522791;807;8;SK0427;SK042
Nacina Ves;Michalovce;522805;807;8;SK0427;SK042
Oborín;Michalovce;528633;807;8;SK0427;SK042
Oreské;Michalovce;522848;807;8;SK0427;SK042
Palín;Michalovce;522864;807;8;SK0427;SK042
Pavlovce nad Uhom;Michalovce;522872;807;8;SK0427;SK042
Petrikovce;Michalovce;522881;807;8;SK0427;SK042
Petrovce nad Laborcom;Michalovce;522902;807;8;SK0427;SK042
Poruba pod Vihorlatom;Michalovce;522945;807;8;SK0427;SK042
Pozdišovce;Michalovce;522961;807;8;SK0427;SK042
Ptrukša;Michalovce;528692;807;8;SK0427;SK042
Pusté Čemerné;Michalovce;522988;807;8;SK0427;SK042
Rakovec nad Ondavou;Michalovce;522996;807;8;SK0427;SK042
Ruská;Michalovce;528714;807;8;SK0427;SK042
Senné;Michalovce;523054;807;8;SK0427;SK042
Slavkovce;Michalovce;523062;807;8;SK0427;SK042
Sliepkovce;Michalovce;523071;807;8;SK0427;SK042
Staré;Michalovce;523097;807;8;SK0427;SK042
Stretava;Michalovce;523119;807;8;SK0427;SK042
Stretavka;Michalovce;523127;807;8;SK0427;SK042
Strážske;Michalovce;523101;807;8;SK0427;SK042
Suché;Michalovce;523135;807;8;SK0427;SK042
Trhovište;Michalovce;523186;807;8;SK0427;SK042
Trnava pri Laborci;Michalovce;523194;807;8;SK0427;SK042
Tušice;Michalovce;523208;807;8;SK0427;SK042
Tušická Nová Ves;Michalovce;523216;807;8;SK0427;SK042
Veľké Kapušany;Michalovce;543853;807;8;SK0427;SK042
Veľké Raškovce;Michalovce;543870;807;8;SK0427;SK042
Veľké Slemence;Michalovce;543888;807;8;SK0427;SK042
Vinné;Michalovce;523259;807;8;SK0427;SK042
Vojany;Michalovce;543942;807;8;SK0427;SK042
Voľa;Michalovce;523275;807;8;SK0427;SK042
Vrbnica;Michalovce;523283;807;8;SK0427;SK042
Vysoká nad Uhom;Michalovce;523291;807;8;SK0427;SK042
Zalužice;Michalovce;523241;807;8;SK0427;SK042
Zbudza;Michalovce;523356;807;8;SK0427;SK042
Zemplínska Široká;Michalovce;523364;807;8;SK0427;SK042
Zemplínske Kopčany;Michalovce;522635;807;8;SK0427;SK042
Závadka;Michalovce;523348;807;8;SK0427;SK042
Čečehov;Michalovce;522392;807;8;SK0427;SK042
Čierne Pole;Michalovce;528307;807;8;SK0427;SK042
Čičarovce;Michalovce;528277;807;8;SK0427;SK042
Šamudovce;Michalovce;523151;807;8;SK0427;SK042
Žbince;Michalovce;523372;807;8;SK0427;SK042
Brestovec;Myjava;504254;303;3;SK0223;SK022
Brezová pod Bradlom;Myjava;504262;303;3;SK0223;SK022
Bukovec;Myjava;504289;303;3;SK0223;SK022
Chvojnica;Myjava;504408;303;3;SK0223;SK022
Hrašné;Myjava;506079;303;3;SK0223;SK022
Jablonka;Myjava;504424;303;3;SK0223;SK022
Kostolné;Myjava;506141;303;3;SK0223;SK022
Košariská;Myjava;504467;303;3;SK0223;SK022
Krajné;Myjava;506150;303;3;SK0223;SK022
Myjava;Myjava;504581;303;3;SK0223;SK022
Podkylava;Myjava;506419;303;3;SK0223;SK022
Polianka;Myjava;504661;303;3;SK0223;SK022
Poriadie;Myjava;504688;303;3;SK0223;SK022
Priepasné;Myjava;504696;303;3;SK0223;SK022
Rudník;Myjava;504793;303;3;SK0223;SK022
Stará Myjava;Myjava;504866;303;3;SK0223;SK022
Vrbovce;Myjava;504971;303;3;SK0223;SK022
Alekšince;Nitra;500020;403;4;SK0233;SK023
Babindol;Nitra;581623;403;4;SK0233;SK023
Branč;Nitra;500071;403;4;SK0233;SK023
Báb;Nitra;500046;403;4;SK0233;SK023
Bádice;Nitra;582697;403;4;SK0233;SK023
Cabaj-Čápor;Nitra;545589;403;4;SK0233;SK023
Dolné Lefantovce;Nitra;582425;403;4;SK0233;SK023
Dolné Obdokovce;Nitra;500194;403;4;SK0233;SK023
Golianovo;Nitra;500232;403;4;SK0233;SK023
Horné Lefantovce;Nitra;545635;403;4;SK0233;SK023
Hosťová;Nitra;555959;403;4;SK0233;SK023
Hruboňovo;Nitra;500313;403;4;SK0233;SK023
Ivanka pri Nitre;Nitra;558320;403;4;SK0233;SK023
Jarok;Nitra;500356;403;4;SK0233;SK023
Jelenec;Nitra;500372;403;4;SK0233;SK023
Jelšovce;Nitra;500381;403;4;SK0233;SK023
Kapince;Nitra;500399;403;4;SK0233;SK023
Klasov;Nitra;500402;403;4;SK0233;SK023
Kolíňany;Nitra;500411;403;4;SK0233;SK023
Lehota;Nitra;500453;403;4;SK0233;SK023
Lukáčovce;Nitra;500488;403;4;SK0233;SK023
Lužianky;Nitra;580899;403;4;SK0233;SK023
Lúčnica nad Žitavou;Nitra;500470;403;4;SK0233;SK023
Malé Chyndice;Nitra;556785;403;4;SK0233;SK023
Malé Zálužie;Nitra;500534;403;4;SK0233;SK023
Malý Cetín;Nitra;555908;403;4;SK0233;SK023
Malý Lapáš;Nitra;555851;403;4;SK0233;SK023
Melek;Nitra;500569;403;4;SK0233;SK023
Mojmírovce;Nitra;500577;403;4;SK0233;SK023
Nitra;Nitra;500011;403;4;SK0233;SK023
Nitrianske Hrnčiarovce;Nitra;556696;403;4;SK0233;SK023
Nová Ves nad Žitavou;Nitra;500631;403;4;SK0233;SK023
Nové Sady;Nitra;500640;403;4;SK0233;SK023
Paňa;Nitra;500666;403;4;SK0233;SK023
Podhorany;Nitra;500674;403;4;SK0233;SK023
Pohranice;Nitra;500682;403;4;SK0233;SK023
Poľný Kesov;Nitra;500691;403;4;SK0233;SK023
Rišňovce;Nitra;500704;403;4;SK0233;SK023
Rumanová;Nitra;500712;403;4;SK0233;SK023
Svätoplukovo;Nitra;555991;403;4;SK0233;SK023
Tajná;Nitra;500798;403;4;SK0233;SK023
Telince;Nitra;555967;403;4;SK0233;SK023
Veľká Dolina;Nitra;500844;403;4;SK0233;SK023
Veľké Chyndice;Nitra;500518;403;4;SK0233;SK023
Veľké Zálužie;Nitra;500887;403;4;SK0233;SK023
Veľký Cetín;Nitra;500895;403;4;SK0233;SK023
Veľký Lapáš;Nitra;555860;403;4;SK0233;SK023
Vinodol;Nitra;500917;403;4;SK0233;SK023
Vráble;Nitra;500933;403;4;SK0233;SK023
Výčapy-Opatovce;Nitra;500941;403;4;SK0233;SK023
Zbehy;Nitra;500950;403;4;SK0233;SK023
Čab;Nitra;582387;403;4;SK0233;SK023
Čakajovce;Nitra;500101;403;4;SK0233;SK023
Čechynce;Nitra;555886;403;4;SK0233;SK023
Čeľadice;Nitra;500135;403;4;SK0233;SK023
Čifáre;Nitra;500160;403;4;SK0233;SK023
Ľudovítová;Nitra;581097;403;4;SK0233;SK023
Štefanovičová;Nitra;581691;403;4;SK0233;SK023
Štitáre;Nitra;582719;403;4;SK0233;SK023
Šurianky;Nitra;500780;403;4;SK0233;SK023
Žirany;Nitra;500992;403;4;SK0233;SK023
Žitavce;Nitra;501018;403;4;SK0233;SK023
Beckov;Nové Mesto nad Váhom;505846;304;3;SK0224;SK022
Bošáca;Nové Mesto nad Váhom;505871;304;3;SK0224;SK022
Brunovce;Nové Mesto nad Váhom;505889;304;3;SK0224;SK022
Bzince pod Javorinou;Nové Mesto nad Váhom;505897;304;3;SK0224;SK022
Dolné Srnie;Nové Mesto nad Váhom;505951;304;3;SK0224;SK022
Haluzice;Nové Mesto nad Váhom;556424;304;3;SK0224;SK022
Horná Streda;Nové Mesto nad Váhom;506001;304;3;SK0224;SK022
Hrachovište;Nové Mesto nad Váhom;506061;304;3;SK0224;SK022
Hrádok;Nové Mesto nad Váhom;506052;304;3;SK0224;SK022
Hôrka nad Váhom;Nové Mesto nad Váhom;505994;304;3;SK0224;SK022
Kočovce;Nové Mesto nad Váhom;506125;304;3;SK0224;SK022
Kálnica;Nové Mesto nad Váhom;506109;304;3;SK0224;SK022
Lubina;Nové Mesto nad Váhom;506184;304;3;SK0224;SK022
Lúka;Nové Mesto nad Váhom;506206;304;3;SK0224;SK022
Modrovka;Nové Mesto nad Váhom;506257;304;3;SK0224;SK022
Modrová;Nové Mesto nad Váhom;506249;304;3;SK0224;SK022
Moravské Lieskové;Nové Mesto nad Váhom;506265;304;3;SK0224;SK022
Nová Bošáca;Nové Mesto nad Váhom;506303;304;3;SK0224;SK022
Nová Lehota;Nové Mesto nad Váhom;506311;304;3;SK0224;SK022
Nová Ves nad Váhom;Nové Mesto nad Váhom;556459;304;3;SK0224;SK022
Nové Mesto nad Váhom;Nové Mesto nad Váhom;506338;304;3;SK0224;SK022
Očkov;Nové Mesto nad Váhom;506346;304;3;SK0224;SK022
Pobedim;Nové Mesto nad Váhom;506401;304;3;SK0224;SK022
Podolie;Nové Mesto nad Váhom;506427;304;3;SK0224;SK022
Potvorice;Nové Mesto nad Váhom;506435;304;3;SK0224;SK022
Považany;Nové Mesto nad Váhom;506443;304;3;SK0224;SK022
Stará Lehota;Nové Mesto nad Váhom;506516;304;3;SK0224;SK022
Stará Turá;Nové Mesto nad Váhom;506524;304;3;SK0224;SK022
Trenčianske Bohuslavice;Nové Mesto nad Váhom;506583;304;3;SK0224;SK022
Vaďovce;Nové Mesto nad Váhom;506630;304;3;SK0224;SK022
Višňové;Nové Mesto nad Váhom;506672;304;3;SK0224;SK022
Zemianske Podhradie;Nové Mesto nad Váhom;556441;304;3;SK0224;SK022
Čachtice;Nové Mesto nad Váhom;505901;304;3;SK0224;SK022
Častkovce;Nové Mesto nad Váhom;505919;304;3;SK0224;SK022
Andovce;Nové Zámky;503029;404;4;SK0234;SK023
Bajtava;Nové Zámky;503037;404;4;SK0234;SK023
Bardoňovo;Nové Zámky;503053;404;4;SK0234;SK023
Belá;Nové Zámky;503061;404;4;SK0234;SK023
Bešeňov;Nové Zámky;503070;404;4;SK0234;SK023
Branovo;Nové Zámky;503096;404;4;SK0234;SK023
Bruty;Nové Zámky;503100;404;4;SK0234;SK023
Bánov;Nové Zámky;503045;404;4;SK0234;SK023
Bíňa;Nové Zámky;503088;404;4;SK0234;SK023
Chľaba;Nové Zámky;503207;404;4;SK0234;SK023
Dedinka;Nové Zámky;503134;404;4;SK0234;SK023
Dolný Ohaj;Nové Zámky;503151;404;4;SK0234;SK023
Dubník;Nové Zámky;503169;404;4;SK0234;SK023
Dvory nad Žitavou;Nové Zámky;503177;404;4;SK0234;SK023
Gbelce;Nové Zámky;503185;404;4;SK0234;SK023
Hul;Nové Zámky;503193;404;4;SK0234;SK023
Jasová;Nové Zámky;503215;404;4;SK0234;SK023
Jatov;Nové Zámky;503223;404;4;SK0234;SK023
Kamenica nad Hronom;Nové Zámky;503231;404;4;SK0234;SK023
Kamenný Most;Nové Zámky;503258;404;4;SK0234;SK023
Kamenín;Nové Zámky;503240;404;4;SK0234;SK023
Kmeťovo;Nové Zámky;503266;404;4;SK0234;SK023
Kolta;Nové Zámky;503274;404;4;SK0234;SK023
Komjatice;Nové Zámky;503282;404;4;SK0234;SK023
Komoča;Nové Zámky;503291;404;4;SK0234;SK023
Leľa;Nové Zámky;503312;404;4;SK0234;SK023
Lipová;Nové Zámky;503321;404;4;SK0234;SK023
Malá nad Hronom;Nové Zámky;503347;404;4;SK0234;SK023
Malé Kosihy;Nové Zámky;503355;404;4;SK0234;SK023
Maňa;Nové Zámky;503363;404;4;SK0234;SK023
Michal nad Žitavou;Nové Zámky;503371;404;4;SK0234;SK023
Mojzesovo;Nové Zámky;503398;404;4;SK0234;SK023
Mužla;Nové Zámky;503401;404;4;SK0234;SK023
Nová Vieska;Nové Zámky;503436;404;4;SK0234;SK023
Nové Zámky;Nové Zámky;503011;404;4;SK0234;SK023
Nána;Nové Zámky;556092;404;4;SK0234;SK023
Obid;Nové Zámky;582361;404;4;SK0234;SK023
Palárikovo;Nové Zámky;503452;404;4;SK0234;SK023
Pavlová;Nové Zámky;556033;404;4;SK0234;SK023
Podhájska;Nové Zámky;503479;404;4;SK0234;SK023
Pozba;Nové Zámky;503487;404;4;SK0234;SK023
Radava;Nové Zámky;503495;404;4;SK0234;SK023
Rastislavice;Nové Zámky;503509;404;4;SK0234;SK023
Rúbaň;Nové Zámky;503517;404;4;SK0234;SK023
Salka;Nové Zámky;503525;404;4;SK0234;SK023
Semerovo;Nové Zámky;503533;404;4;SK0234;SK023
Sikenička;Nové Zámky;503541;404;4;SK0234;SK023
Strekov;Nové Zámky;503550;404;4;SK0234;SK023
Svodín;Nové Zámky;503568;404;4;SK0234;SK023
Trávnica;Nové Zámky;503606;404;4;SK0234;SK023
Tvrdošovce;Nové Zámky;503614;404;4;SK0234;SK023
Veľké Lovce;Nové Zámky;503631;404;4;SK0234;SK023
Veľký Kýr;Nové Zámky;503380;404;4;SK0234;SK023
Vlkas;Nové Zámky;556025;404;4;SK0234;SK023
Zemné;Nové Zámky;503649;404;4;SK0234;SK023
Úľany nad Žitavou;Nové Zámky;556050;404;4;SK0234;SK023
Čechy;Nové Zámky;503118;404;4;SK0234;SK023
Černík;Nové Zámky;503126;404;4;SK0234;SK023
Ľubá;Nové Zámky;503339;404;4;SK0234;SK023
Šarkan;Nové Zámky;503576;404;4;SK0234;SK023
Štúrovo;Nové Zámky;503584;404;4;SK0234;SK023
Šurany;Nové Zámky;503592;404;4;SK0234;SK023
Babín;Námestovo;509558;507;5;SK0317;SK031
Beňadovo;Námestovo;509566;507;5;SK0317;SK031
Bobrov;Námestovo;509582;507;5;SK0317;SK031
Breza;Námestovo;509591;507;5;SK0317;SK031
Hruštín;Námestovo;509680;507;5;SK0317;SK031
Klin;Námestovo;509728;507;5;SK0317;SK031
Krušetnica;Námestovo;509779;507;5;SK0317;SK031
Lokca;Námestovo;509809;507;5;SK0317;SK031
Lomná;Námestovo;509817;507;5;SK0317;SK031
Mútne;Námestovo;509850;507;5;SK0317;SK031
Novoť;Námestovo;509884;507;5;SK0317;SK031
Námestovo;Námestovo;509868;507;5;SK0317;SK031
Oravská Jasenica;Námestovo;509892;507;5;SK0317;SK031
Oravská Lesná;Námestovo;509906;507;5;SK0317;SK031
Oravská Polhora;Námestovo;509914;507;5;SK0317;SK031
Oravské Veselé;Námestovo;509931;507;5;SK0317;SK031
Rabča;Námestovo;510025;507;5;SK0317;SK031
Rabčice;Námestovo;510033;507;5;SK0317;SK031
Sihelné;Námestovo;510050;507;5;SK0317;SK031
Vasiľov;Námestovo;510149;507;5;SK0317;SK031
Vavrečka;Námestovo;510157;507;5;SK0317;SK031
Zubrohlava;Námestovo;510246;507;5;SK0317;SK031
Zákamenné;Námestovo;510203;507;5;SK0317;SK031
Ťapešovo;Námestovo;510092;507;5;SK0317;SK031
Bošany;Partizánske;542733;305;3;SK0225;SK022
Brodzany;Partizánske;580449;305;3;SK0225;SK022
Chynorany;Partizánske;543004;305;3;SK0225;SK022
Hradište;Partizánske;542962;305;3;SK0225;SK022
Ješkova Ves;Partizánske;556416;305;3;SK0225;SK022
Klátova Nová Ves;Partizánske;543047;305;3;SK0225;SK022
Kolačno;Partizánske;543055;305;3;SK0225;SK022
Krásno;Partizánske;556246;305;3;SK0225;SK022
Livina;Partizánske;556173;305;3;SK0225;SK022
Livinské Opatovce;Partizánske;556190;305;3;SK0225;SK022
Malé Kršteňany;Partizánske;505129;305;3;SK0225;SK022
Malé Uherce;Partizánske;580953;305;3;SK0225;SK022
Nadlice;Partizánske;505170;305;3;SK0225;SK022
Nedanovce;Partizánske;505196;305;3;SK0225;SK022
Ostratice;Partizánske;505307;305;3;SK0225;SK022
Partizánske;Partizánske;505315;305;3;SK0225;SK022
Pažiť;Partizánske;505323;305;3;SK0225;SK022
Skačany;Partizánske;505463;305;3;SK0225;SK022
Turčianky;Partizánske;556271;305;3;SK0225;SK022
Veľké Kršteňany;Partizánske;505706;305;3;SK0225;SK022
Veľké Uherce;Partizánske;505722;305;3;SK0225;SK022
Veľký Klíž;Partizánske;505731;305;3;SK0225;SK022
Žabokreky nad Nitrou;Partizánske;505803;305;3;SK0225;SK022
Budmerice;Pezinok;507849;107;1;SK0107;SK010
Báhoň;Pezinok;507806;107;1;SK0107;SK010
Doľany;Pezinok;507873;107;1;SK0107;SK010
Dubová;Pezinok;507881;107;1;SK0107;SK010
Jablonec;Pezinok;507946;107;1;SK0107;SK010
Limbach;Pezinok;508047;107;1;SK0107;SK010
Modra;Pezinok;508101;107;1;SK0107;SK010
Pezinok;Pezinok;508179;107;1;SK0107;SK010
Píla;Pezinok;508187;107;1;SK0107;SK010
Slovenský Grob;Pezinok;508225;107;1;SK0107;SK010
Svätý Jur;Pezinok;507989;107;1;SK0107;SK010
Viničné;Pezinok;508306;107;1;SK0107;SK010
Vinosady;Pezinok;508314;107;1;SK0107;SK010
Vištuk;Pezinok;508322;107;1;SK0107;SK010
Častá;Pezinok;507857;107;1;SK0107;SK010
Šenkvice;Pezinok;508250;107;1;SK0107;SK010
Štefanová;Pezinok;508268;107;1;SK0107;SK010
Banka;Piešťany;581399;204;2;SK0214;SK021
Bašovce;Piešťany;558354;204;2;SK0214;SK021
Borovce;Piešťany;506834;204;2;SK0214;SK021
Chtelnica;Piešťany;507121;204;2;SK0214;SK021
Dolný Lopašov;Piešťany;506982;204;2;SK0214;SK021
Drahovce;Piešťany;506991;204;2;SK0214;SK021
Dubovany;Piešťany;507008;204;2;SK0214;SK021
Ducové;Piešťany;558338;204;2;SK0214;SK021
Hubina;Piešťany;556581;204;2;SK0214;SK021
Kočín-Lančár;Piešťany;507199;204;2;SK0214;SK021
Krakovany;Piešťany;507229;204;2;SK0214;SK021
Moravany nad Váhom;Piešťany;507342;204;2;SK0214;SK021
Nižná;Piešťany;507369;204;2;SK0214;SK021
Ostrov;Piešťany;507385;204;2;SK0214;SK021
Pečeňady;Piešťany;507431;204;2;SK0214;SK021
Piešťany;Piešťany;507440;204;2;SK0214;SK021
Prašník;Piešťany;507466;204;2;SK0214;SK021
Rakovice;Piešťany;507482;204;2;SK0214;SK021
Ratnovce;Piešťany;507491;204;2;SK0214;SK021
Sokolovce;Piešťany;507563;204;2;SK0214;SK021
Trebatice;Piešťany;507679;204;2;SK0214;SK021
Veselé;Piešťany;507725;204;2;SK0214;SK021
Veľké Kostoľany;Piešťany;507709;204;2;SK0214;SK021
Veľké Orvište;Piešťany;556572;204;2;SK0214;SK021
Vrbové;Piešťany;507750;204;2;SK0214;SK021
Šterusy;Piešťany;556548;204;2;SK0214;SK021
Šípkové;Piešťany;558397;204;2;SK0214;SK021
Breznička;Poltár;511269;607;6;SK0327;SK032
Cinobaňa;Poltár;511315;607;6;SK0327;SK032
Hradište;Poltár;511447;607;6;SK0327;SK032
Hrnčiarska Ves;Poltár;514900;607;6;SK0327;SK032
Hrnčiarske Zalužany;Poltár;514918;607;6;SK0327;SK032
Kalinovo;Poltár;511471;607;6;SK0327;SK032
Kokava nad Rimavicou;Poltár;511498;607;6;SK0327;SK032
Krná;Poltár;511501;607;6;SK0327;SK032
Mládzovo;Poltár;511617;607;6;SK0327;SK032
Málinec;Poltár;511595;607;6;SK0327;SK032
Ozdín;Poltár;511684;607;6;SK0327;SK032
Poltár;Poltár;511765;607;6;SK0327;SK032
Rovňany;Poltár;511820;607;6;SK0327;SK032
Selce;Poltár;515515;607;6;SK0327;SK032
Sušany;Poltár;515591;607;6;SK0327;SK032
Uhorské;Poltár;511978;607;6;SK0327;SK032
Utekáč;Poltár;580317;607;6;SK0327;SK032
Veľká Ves;Poltár;512001;607;6;SK0327;SK032
Zlatno;Poltár;582051;607;6;SK0327;SK032
České Brezovo;Poltár;511340;607;6;SK0327;SK032
Ďubákovo;Poltár;557323;607;6;SK0327;SK032
Šoltýska;Poltár;511889;607;6;SK0327;SK032
Batizovce;Poprad;523402;706;7;SK0416;SK041
Gerlachov;Poprad;523445;706;7;SK0416;SK041
Gánovce;Poprad;523437;706;7;SK0416;SK041
Hozelec;Poprad;523496;706;7;SK0416;SK041
Hranovnica;Poprad;523518;706;7;SK0416;SK041
Hôrka;Poprad;523488;706;7;SK0416;SK041
Jánovce;Poprad;523542;706;7;SK0416;SK041
Kravany;Poprad;523593;706;7;SK0416;SK041
Liptovská Teplička;Poprad;523631;706;7;SK0416;SK041
Lučivná;Poprad;523658;706;7;SK0416;SK041
Mengusovce;Poprad;523721;706;7;SK0416;SK041
Mlynica;Poprad;523747;706;7;SK0416;SK041
Nová Lesná;Poprad;523763;706;7;SK0416;SK041
Poprad;Poprad;523381;706;7;SK0416;SK041
Spišská Teplica;Poprad;523844;706;7;SK0416;SK041
Spišské Bystré;Poprad;523852;706;7;SK0416;SK041
Spišský Štiavnik;Poprad;523879;706;7;SK0416;SK041
Svit;Poprad;523925;706;7;SK0416;SK041
Tatranská Javorina;Poprad;580368;706;7;SK0416;SK041
Vernár;Poprad;524026;706;7;SK0416;SK041
Veľký Slavkov;Poprad;524018;706;7;SK0416;SK041
Vikartovce;Poprad;524034;706;7;SK0416;SK041
Vydrník;Poprad;524093;706;7;SK0416;SK041
Vysoké Tatry;Poprad;560103;706;7;SK0416;SK041
Štrba;Poprad;523933;706;7;SK0416;SK041
Štôla;Poprad;559890;706;7;SK0416;SK041
Šuňava;Poprad;524107;706;7;SK0416;SK041
Švábovce;Poprad;523950;706;7;SK0416;SK041
Ždiar;Poprad;524131;706;7;SK0416;SK041
Bodiná;Považská Bystrica;557633;306;3;SK0226;SK022
Brvnište;Považská Bystrica;512915;306;3;SK0226;SK022
Dolná Mariková;Považská Bystrica;512966;306;3;SK0226;SK022
Dolný Lieskov;Považská Bystrica;546640;306;3;SK0226;SK022
Domaniža;Považská Bystrica;513008;306;3;SK0226;SK022
Hatné;Považská Bystrica;557510;306;3;SK0226;SK022
Horná Mariková;Považská Bystrica;513083;306;3;SK0226;SK022
Horný Lieskov;Považská Bystrica;580856;306;3;SK0226;SK022
Jasenica;Považská Bystrica;513172;306;3;SK0226;SK022
Klieština;Považská Bystrica;557552;306;3;SK0226;SK022
Kostolec;Považská Bystrica;513245;306;3;SK0226;SK022
Malé Lednice;Považská Bystrica;557579;306;3;SK0226;SK022
Papradno;Považská Bystrica;513466;306;3;SK0226;SK022
Plevník-Drienové;Považská Bystrica;513474;306;3;SK0226;SK022
Podskalie;Považská Bystrica;580864;306;3;SK0226;SK022
Považská Bystrica;Považská Bystrica;512842;306;3;SK0226;SK022
Počarová;Považská Bystrica;558222;306;3;SK0226;SK022
Prečín;Považská Bystrica;513563;306;3;SK0226;SK022
Pružina;Považská Bystrica;513601;306;3;SK0226;SK022
Slopná;Považská Bystrica;557480;306;3;SK0226;SK022
Stupné;Považská Bystrica;513687;306;3;SK0226;SK022
Sverepec;Považská Bystrica;518913;306;3;SK0226;SK022
Sádočné;Považská Bystrica;557595;306;3;SK0226;SK022
Udiča;Považská Bystrica;513741;306;3;SK0226;SK022
Vrchteplá;Považská Bystrica;513784;306;3;SK0226;SK022
Záskalie;Považská Bystrica;513822;306;3;SK0226;SK022
Čelkova Lehota;Považská Bystrica;557561;306;3;SK0226;SK022
Ďurďové;Považská Bystrica;557609;306;3;SK0226;SK022
Abranovce;Prešov;524158;707;7;SK0417;SK041
Bajerov;Prešov;524174;707;7;SK0417;SK041
Bertotovce;Prešov;524191;707;7;SK0417;SK041
Brestov;Prešov;524212;707;7;SK0417;SK041
Bretejovce;Prešov;524221;707;7;SK0417;SK041
Brežany;Prešov;524255;707;7;SK0417;SK041
Bzenov;Prešov;524263;707;7;SK0417;SK041
Chmeľov;Prešov;524506;707;7;SK0417;SK041
Chmeľovec;Prešov;524514;707;7;SK0417;SK041
Chminianska Nová Ves;Prešov;524522;707;7;SK0417;SK041
Chminianske Jakubovany;Prešov;524531;707;7;SK0417;SK041
Chmiňany;Prešov;524549;707;7;SK0417;SK041
Demjata;Prešov;524336;707;7;SK0417;SK041
Drienov;Prešov;524352;707;7;SK0417;SK041
Drienovská Nová Ves;Prešov;524361;707;7;SK0417;SK041
Dulova Ves;Prešov;524387;707;7;SK0417;SK041
Fintice;Prešov;524395;707;7;SK0417;SK041
Fričovce;Prešov;524409;707;7;SK0417;SK041
Fulianka;Prešov;524417;707;7;SK0417;SK041
Geraltov;Prešov;524425;707;7;SK0417;SK041
Gregorovce;Prešov;524433;707;7;SK0417;SK041
Haniska;Prešov;518522;707;7;SK0417;SK041
Hendrichovce;Prešov;524450;707;7;SK0417;SK041
Hermanovce;Prešov;524468;707;7;SK0417;SK041
Hrabkov;Prešov;524476;707;7;SK0417;SK041
Janov;Prešov;524581;707;7;SK0417;SK041
Janovík;Prešov;524590;707;7;SK0417;SK041
Kapušany;Prešov;524620;707;7;SK0417;SK041
Kendice;Prešov;524638;707;7;SK0417;SK041
Klenov;Prešov;524646;707;7;SK0417;SK041
Kojatice;Prešov;524654;707;7;SK0417;SK041
Kokošovce;Prešov;524662;707;7;SK0417;SK041
Krížovany;Prešov;524697;707;7;SK0417;SK041
Kvačany;Prešov;524701;707;7;SK0417;SK041
Lada;Prešov;524727;707;7;SK0417;SK041
Lažany;Prešov;524735;707;7;SK0417;SK041
Lemešany;Prešov;524743;707;7;SK0417;SK041
Lesíček;Prešov;524751;707;7;SK0417;SK041
Lipníky;Prešov;559971;707;7;SK0417;SK041
Lipovce;Prešov;524786;707;7;SK0417;SK041
Ličartovce;Prešov;524760;707;7;SK0417;SK041
Lúčina;Prešov;524808;707;7;SK0417;SK041
Malý Slivník;Prešov;524832;707;7;SK0417;SK041
Malý Šariš;Prešov;524841;707;7;SK0417;SK041
Medzany;Prešov;556823;707;7;SK0417;SK041
Miklušovce;Prešov;524867;707;7;SK0417;SK041
Mirkovce;Prešov;524883;707;7;SK0417;SK041
Mošurov;Prešov;524905;707;7;SK0417;SK041
Nemcovce;Prešov;524913;707;7;SK0417;SK041
Okružná;Prešov;524930;707;7;SK0417;SK041
Ondrašovce;Prešov;524964;707;7;SK0417;SK041
Ovčie;Prešov;524999;707;7;SK0417;SK041
Petrovany;Prešov;525014;707;7;SK0417;SK041
Podhorany;Prešov;525022;707;7;SK0417;SK041
Podhradík;Prešov;525031;707;7;SK0417;SK041
Prešov;Prešov;524140;707;7;SK0417;SK041
Proč;Prešov;525057;707;7;SK0417;SK041
Pušovce;Prešov;525065;707;7;SK0417;SK041
Radatice;Prešov;525073;707;7;SK0417;SK041
Rokycany;Prešov;525111;707;7;SK0417;SK041
Ruská Nová Ves;Prešov;525138;707;7;SK0417;SK041
Sedlice;Prešov;525154;707;7;SK0417;SK041
Seniakovce;Prešov;525162;707;7;SK0417;SK041
Suchá Dolina;Prešov;559989;707;7;SK0417;SK041
Svinia;Prešov;525171;707;7;SK0417;SK041
Teriakovce;Prešov;525286;707;7;SK0417;SK041
Terňa;Prešov;525294;707;7;SK0417;SK041
Trnkov;Prešov;525324;707;7;SK0417;SK041
Tuhrina;Prešov;525332;707;7;SK0417;SK041
Tulčík;Prešov;525341;707;7;SK0417;SK041
Varhaňovce;Prešov;525383;707;7;SK0417;SK041
Veľký Slivník;Prešov;525391;707;7;SK0417;SK041
Veľký Šariš;Prešov;525405;707;7;SK0417;SK041
Vyšná Šebastová;Prešov;525430;707;7;SK0417;SK041
Víťaz;Prešov;525413;707;7;SK0417;SK041
Zlatá Baňa;Prešov;525472;707;7;SK0417;SK041
Záborské;Prešov;525448;707;7;SK0417;SK041
Záhradné;Prešov;525456;707;7;SK0417;SK041
Čelovce;Prešov;524271;707;7;SK0417;SK041
Červenica;Prešov;524301;707;7;SK0417;SK041
Ľubotice;Prešov;518590;707;7;SK0417;SK041
Ľubovec;Prešov;524794;707;7;SK0417;SK041
Šarišská Poruba;Prešov;525189;707;7;SK0417;SK041
Šarišská Trstená;Prešov;525197;707;7;SK0417;SK041
Šarišské Bohdanovce;Prešov;525201;707;7;SK0417;SK041
Šindliar;Prešov;525251;707;7;SK0417;SK041
Široké;Prešov;525260;707;7;SK0417;SK041
Štefanovce;Prešov;525278;707;7;SK0417;SK041
Žehňa;Prešov;525499;707;7;SK0417;SK041
Žipov;Prešov;525502;707;7;SK0417;SK041
Župčany;Prešov;525511;707;7;SK0417;SK041
Bojnice;Prievidza;513903;307;3;SK0227;SK022
Bystričany;Prievidza;513911;307;3;SK0227;SK022
Chrenovec-Brusno;Prievidza;514021;307;3;SK0227;SK022
Chvojnica;Prievidza;514039;307;3;SK0227;SK022
Cigeľ;Prievidza;513920;307;3;SK0227;SK022
Diviacka Nová Ves;Prievidza;513954;307;3;SK0227;SK022
Diviaky nad Nitricou;Prievidza;513962;307;3;SK0227;SK022
Dlžín;Prievidza;513971;307;3;SK0227;SK022
Dolné Vestenice;Prievidza;513989;307;3;SK0227;SK022
Handlová;Prievidza;513997;307;3;SK0227;SK022
Horná Ves;Prievidza;514004;307;3;SK0227;SK022
Horné Vestenice;Prievidza;514012;307;3;SK0227;SK022
Jalovec;Prievidza;557714;307;3;SK0227;SK022
Kamenec pod Vtáčnikom;Prievidza;514063;307;3;SK0227;SK022
Kanianka;Prievidza;514071;307;3;SK0227;SK022
Kocurany;Prievidza;514098;307;3;SK0227;SK022
Kostolná Ves;Prievidza;514101;307;3;SK0227;SK022
Koš;Prievidza;514110;307;3;SK0227;SK022
Kľačno;Prievidza;514080;307;3;SK0227;SK022
Lazany;Prievidza;514128;307;3;SK0227;SK022
Lehota pod Vtáčnikom;Prievidza;514136;307;3;SK0227;SK022
Liešťany;Prievidza;514144;307;3;SK0227;SK022
Lipník;Prievidza;557706;307;3;SK0227;SK022
Malinová;Prievidza;514187;307;3;SK0227;SK022
Malá Čausa;Prievidza;514179;307;3;SK0227;SK022
Nedožery-Brezany;Prievidza;514209;307;3;SK0227;SK022
Nevidzany;Prievidza;514217;307;3;SK0227;SK022
Nitrianske Pravno;Prievidza;514225;307;3;SK0227;SK022
Nitrianske Rudno;Prievidza;514233;307;3;SK0227;SK022
Nitrianske Sučany;Prievidza;514241;307;3;SK0227;SK022
Nitrica;Prievidza;514250;307;3;SK0227;SK022
Nováky;Prievidza;514268;307;3;SK0227;SK022
Opatovce nad Nitrou;Prievidza;514284;307;3;SK0227;SK022
Oslany;Prievidza;514292;307;3;SK0227;SK022
Podhradie;Prievidza;514306;307;3;SK0227;SK022
Poluvsie;Prievidza;514314;307;3;SK0227;SK022
Poruba;Prievidza;514322;307;3;SK0227;SK022
Pravenec;Prievidza;514331;307;3;SK0227;SK022
Prievidza;Prievidza;513881;307;3;SK0227;SK022
Radobica;Prievidza;514349;307;3;SK0227;SK022
Rudnianska Lehota;Prievidza;514365;307;3;SK0227;SK022
Ráztočno;Prievidza;514357;307;3;SK0227;SK022
Sebedražie;Prievidza;514373;307;3;SK0227;SK022
Seč;Prievidza;514381;307;3;SK0227;SK022
Temeš;Prievidza;514403;307;3;SK0227;SK022
Tužina;Prievidza;514411;307;3;SK0227;SK022
Valaská Belá;Prievidza;514420;307;3;SK0227;SK022
Veľká Čausa;Prievidza;514438;307;3;SK0227;SK022
Zemianske Kostoľany;Prievidza;514454;307;3;SK0227;SK022
Čavoj;Prievidza;513938;307;3;SK0227;SK022
Čereňany;Prievidza;513946;307;3;SK0227;SK022
Šútovce;Prievidza;514390;307;3;SK0227;SK022
Beluša;Púchov;512851;308;3;SK0228;SK022
Dohňany;Púchov;512940;308;3;SK0228;SK022
Dolná Breznica;Púchov;512958;308;3;SK0228;SK022
Dolné Kočkovce;Púchov;557439;308;3;SK0228;SK022
Horná Breznica;Púchov;557692;308;3;SK0228;SK022
Horovce;Púchov;513121;308;3;SK0228;SK022
Kvašov;Púchov;557501;308;3;SK0228;SK022
Lazy pod Makytou;Púchov;513300;308;3;SK0228;SK022
Lednica;Púchov;513318;308;3;SK0228;SK022
Lednické Rovne;Púchov;513326;308;3;SK0228;SK022
Lysá pod Makytou;Púchov;513342;308;3;SK0228;SK022
Lúky;Púchov;513334;308;3;SK0228;SK022
Mestečko;Púchov;513377;308;3;SK0228;SK022
Mojtín;Púchov;513407;308;3;SK0228;SK022
Nimnica;Púchov;557447;308;3;SK0228;SK022
Púchov;Púchov;513610;308;3;SK0228;SK022
Streženice;Púchov;557471;308;3;SK0228;SK022
Visolaje;Púchov;513776;308;3;SK0228;SK022
Vydrná;Púchov;557498;308;3;SK0228;SK022
Zubák;Púchov;500348;308;3;SK0228;SK022
Záriečie;Púchov;513814;308;3;SK0228;SK022
Chvalová;Revúca;514977;608;6;SK0328;SK032
Chyžné;Revúca;525774;608;6;SK0328;SK032
Držkovce;Revúca;514675;608;6;SK0328;SK032
Gemer;Revúca;514721;608;6;SK0328;SK032
Gemerská Ves;Revúca;514756;608;6;SK0328;SK032
Gemerské Teplice;Revúca;525677;608;6;SK0328;SK032
Gemerský Sad;Revúca;525685;608;6;SK0328;SK032
Hrlica;Revúca;514896;608;6;SK0328;SK032
Hucín;Revúca;525766;608;6;SK0328;SK032
Jelšava;Revúca;525791;608;6;SK0328;SK032
Kameňany;Revúca;525812;608;6;SK0328;SK032
Levkuška;Revúca;515159;608;6;SK0328;SK032
Leváre;Revúca;515574;608;6;SK0328;SK032
Licince;Revúca;525901;608;6;SK0328;SK032
Lubeník;Revúca;525928;608;6;SK0328;SK032
Magnezitovce;Revúca;525944;608;6;SK0328;SK032
Mokrá Lúka;Revúca;580384;608;6;SK0328;SK032
Muránska Dlhá Lúka;Revúca;525995;608;6;SK0328;SK032
Muránska Huta;Revúca;526002;608;6;SK0328;SK032
Muránska Lehota;Revúca;526011;608;6;SK0328;SK032
Muránska Zdychava;Revúca;526029;608;6;SK0328;SK032
Muráň;Revúca;525987;608;6;SK0328;SK032
Nandraž;Revúca;526037;608;6;SK0328;SK032
Otročok;Revúca;515256;608;6;SK0328;SK032
Ploské;Revúca;515302;608;6;SK0328;SK032
Polina;Revúca;515311;608;6;SK0328;SK032
Prihradzany;Revúca;526100;608;6;SK0328;SK032
Ratkovské Bystré;Revúca;515400;608;6;SK0328;SK032
Ratková;Revúca;515370;608;6;SK0328;SK032
Rašice;Revúca;515361;608;6;SK0328;SK032
Revúca;Revúca;526142;608;6;SK0328;SK032
Revúcka Lehota;Revúca;526151;608;6;SK0328;SK032
Rybník;Revúca;515507;608;6;SK0328;SK032
Rákoš;Revúca;526118;608;6;SK0328;SK032
Sirk;Revúca;526258;608;6;SK0328;SK032
Skerešovo;Revúca;515523;608;6;SK0328;SK032
Sása;Revúca;557820;608;6;SK0328;SK032
Tornaľa;Revúca;515612;608;6;SK0328;SK032
Turčok;Revúca;526321;608;6;SK0328;SK032
Višňové;Revúca;515761;608;6;SK0328;SK032
Šivetice;Revúca;526304;608;6;SK0328;SK032
Žiar;Revúca;515833;608;6;SK0328;SK032
Abovce;Rimavská Sobota;557757;609;6;SK0329;SK032
Babinec;Rimavská Sobota;514489;609;6;SK0329;SK032
Barca;Rimavská Sobota;514501;609;6;SK0329;SK032
Belín;Rimavská Sobota;514535;609;6;SK0329;SK032
Blhovce;Rimavská Sobota;514543;609;6;SK0329;SK032
Bottovo;Rimavská Sobota;514551;609;6;SK0329;SK032
Budikovany;Rimavská Sobota;514586;609;6;SK0329;SK032
Bátka;Rimavská Sobota;514519;609;6;SK0329;SK032
Cakov;Rimavská Sobota;514594;609;6;SK0329;SK032
Chanava;Rimavská Sobota;514951;609;6;SK0329;SK032
Chrámec;Rimavská Sobota;514969;609;6;SK0329;SK032
Dolné Zahorany;Rimavská Sobota;514632;609;6;SK0329;SK032
Dražice;Rimavská Sobota;514641;609;6;SK0329;SK032
Drienčany;Rimavská Sobota;514659;609;6;SK0329;SK032
Drňa;Rimavská Sobota;514667;609;6;SK0329;SK032
Dubno;Rimavská Sobota;514683;609;6;SK0329;SK032
Dubovec;Rimavská Sobota;514691;609;6;SK0329;SK032
Dulovo;Rimavská Sobota;557919;609;6;SK0329;SK032
Figa;Rimavská Sobota;514713;609;6;SK0329;SK032
Gemerské Dechtáre;Rimavská Sobota;514764;609;6;SK0329;SK032
Gemerské Michalovce;Rimavská Sobota;557889;609;6;SK0329;SK032
Gemerský Jablonec;Rimavská Sobota;514781;609;6;SK0329;SK032
Gemerček;Rimavská Sobota;514730;609;6;SK0329;SK032
Gortva;Rimavská Sobota;514799;609;6;SK0329;SK032
Hajnáčka;Rimavská Sobota;514811;609;6;SK0329;SK032
Hnúšťa;Rimavská Sobota;514829;609;6;SK0329;SK032
Hodejov;Rimavská Sobota;514837;609;6;SK0329;SK032
Hodejovec;Rimavská Sobota;514845;609;6;SK0329;SK032
Horné Zahorany;Rimavská Sobota;514853;609;6;SK0329;SK032
Hostice;Rimavská Sobota;514861;609;6;SK0329;SK032
Hostišovce;Rimavská Sobota;514870;609;6;SK0329;SK032
Hrachovo;Rimavská Sobota;514888;609;6;SK0329;SK032
Hrušovo;Rimavská Sobota;514926;609;6;SK0329;SK032
Hubovo;Rimavská Sobota;514934;609;6;SK0329;SK032
Husiná;Rimavská Sobota;514942;609;6;SK0329;SK032
Ivanice;Rimavská Sobota;514985;609;6;SK0329;SK032
Janice;Rimavská Sobota;514993;609;6;SK0329;SK032
Jesenské;Rimavská Sobota;515001;609;6;SK0329;SK032
Jestice;Rimavská Sobota;515019;609;6;SK0329;SK032
Kaloša;Rimavská Sobota;515027;609;6;SK0329;SK032
Kesovce;Rimavská Sobota;515035;609;6;SK0329;SK032
Klenovec;Rimavská Sobota;515043;609;6;SK0329;SK032
Kociha;Rimavská Sobota;515051;609;6;SK0329;SK032
Konrádovce;Rimavská Sobota;515060;609;6;SK0329;SK032
Kraskovo;Rimavská Sobota;515086;609;6;SK0329;SK032
Krokava;Rimavská Sobota;515094;609;6;SK0329;SK032
Kružno;Rimavská Sobota;515108;609;6;SK0329;SK032
Kráľ;Rimavská Sobota;515078;609;6;SK0329;SK032
Kyjatice;Rimavská Sobota;515116;609;6;SK0329;SK032
Lehota nad Rimavicou;Rimavská Sobota;515124;609;6;SK0329;SK032
Lenartovce;Rimavská Sobota;515132;609;6;SK0329;SK032
Lenka;Rimavská Sobota;515141;609;6;SK0329;SK032
Lipovec;Rimavská Sobota;515167;609;6;SK0329;SK032
Lukovištia;Rimavská Sobota;515175;609;6;SK0329;SK032
Martinová;Rimavská Sobota;515183;609;6;SK0329;SK032
Neporadza;Rimavská Sobota;515205;609;6;SK0329;SK032
Nižný Skálnik;Rimavská Sobota;557790;609;6;SK0329;SK032
Nová Bašta;Rimavská Sobota;515230;609;6;SK0329;SK032
Orávka;Rimavská Sobota;515248;609;6;SK0329;SK032
Ožďany;Rimavská Sobota;515264;609;6;SK0329;SK032
Padarovce;Rimavská Sobota;515272;609;6;SK0329;SK032
Pavlovce;Rimavská Sobota;515281;609;6;SK0329;SK032
Petrovce;Rimavská Sobota;515299;609;6;SK0329;SK032
Poproč;Rimavská Sobota;515337;609;6;SK0329;SK032
Potok;Rimavská Sobota;515345;609;6;SK0329;SK032
Radnovce;Rimavská Sobota;515353;609;6;SK0329;SK032
Rakytník;Rimavská Sobota;557854;609;6;SK0329;SK032
Ratkovská Lehota;Rimavská Sobota;515388;609;6;SK0329;SK032
Ratkovská Suchá;Rimavská Sobota;515396;609;6;SK0329;SK032
Riečka;Rimavská Sobota;557765;609;6;SK0329;SK032
Rimavská Baňa;Rimavská Sobota;515426;609;6;SK0329;SK032
Rimavská Seč;Rimavská Sobota;515442;609;6;SK0329;SK032
Rimavská Sobota;Rimavská Sobota;514462;609;6;SK0329;SK032
Rimavské Brezovo;Rimavská Sobota;515451;609;6;SK0329;SK032
Rimavské Janovce;Rimavská Sobota;515469;609;6;SK0329;SK032
Rimavské Zalužany;Rimavská Sobota;557811;609;6;SK0329;SK032
Rovné;Rimavská Sobota;515485;609;6;SK0329;SK032
Rumince;Rimavská Sobota;515493;609;6;SK0329;SK032
Slizké;Rimavská Sobota;515531;609;6;SK0329;SK032
Stará Bašta;Rimavská Sobota;515540;609;6;SK0329;SK032
Stránska;Rimavská Sobota;515566;609;6;SK0329;SK032
Studená;Rimavská Sobota;515582;609;6;SK0329;SK032
Sútor;Rimavská Sobota;515604;609;6;SK0329;SK032
Tachty;Rimavská Sobota;515663;609;6;SK0329;SK032
Teplý Vrch;Rimavská Sobota;515671;609;6;SK0329;SK032
Tisovec;Rimavská Sobota;515680;609;6;SK0329;SK032
Tomášovce;Rimavská Sobota;515698;609;6;SK0329;SK032
Uzovská Panica;Rimavská Sobota;515701;609;6;SK0329;SK032
Valice;Rimavská Sobota;515795;609;6;SK0329;SK032
Večelkov;Rimavská Sobota;515728;609;6;SK0329;SK032
Veľké Teriakovce;Rimavská Sobota;515736;609;6;SK0329;SK032
Veľký Blh;Rimavská Sobota;515744;609;6;SK0329;SK032
Vieska nad Blhom;Rimavská Sobota;515752;609;6;SK0329;SK032
Vlkyňa;Rimavská Sobota;515779;609;6;SK0329;SK032
Vyšné Valice;Rimavská Sobota;557901;609;6;SK0329;SK032
Vyšný Skálnik;Rimavská Sobota;515809;609;6;SK0329;SK032
Včelince;Rimavská Sobota;515710;609;6;SK0329;SK032
Zacharovce;Rimavská Sobota;557927;609;6;SK0329;SK032
Zádor;Rimavská Sobota;515817;609;6;SK0329;SK032
Čerenčany;Rimavská Sobota;514608;609;6;SK0329;SK032
Čierny Potok;Rimavská Sobota;514616;609;6;SK0329;SK032
Číž;Rimavská Sobota;514624;609;6;SK0329;SK032
Šimonovce;Rimavská Sobota;515621;609;6;SK0329;SK032
Širkovce;Rimavská Sobota;515639;609;6;SK0329;SK032
Španie Pole;Rimavská Sobota;515647;609;6;SK0329;SK032
Štrkovec;Rimavská Sobota;515655;609;6;SK0329;SK032
Žíp;Rimavská Sobota;515841;609;6;SK0329;SK032
Ardovo;Rožňava;525537;808;8;SK0428;SK042
Betliar;Rožňava;525545;808;8;SK0428;SK042
Bohúňovo;Rožňava;525553;808;8;SK0428;SK042
Brdárka;Rožňava;525570;808;8;SK0428;SK042
Bretka;Rožňava;514578;808;8;SK0428;SK042
Brzotín;Rožňava;560022;808;8;SK0428;SK042
Bôrka;Rožňava;525561;808;8;SK0428;SK042
Dedinky;Rožňava;525618;808;8;SK0428;SK042
Dlhá Ves;Rožňava;525626;808;8;SK0428;SK042
Dobšiná;Rožňava;525634;808;8;SK0428;SK042
Drnava;Rožňava;525642;808;8;SK0428;SK042
Gemerská Hôrka;Rožňava;525651;808;8;SK0428;SK042
Gemerská Panica;Rožňava;514748;808;8;SK0428;SK042
Gemerská Poloma;Rožňava;525669;808;8;SK0428;SK042
Gočaltovo;Rožňava;525693;808;8;SK0428;SK042
Gočovo;Rožňava;525707;808;8;SK0428;SK042
Hanková;Rožňava;525715;808;8;SK0428;SK042
Henckovce;Rožňava;525723;808;8;SK0428;SK042
Honce;Rožňava;525731;808;8;SK0428;SK042
Hrhov;Rožňava;525740;808;8;SK0428;SK042
Hrušov;Rožňava;525758;808;8;SK0428;SK042
Jablonov nad Turňou;Rožňava;525782;808;8;SK0428;SK042
Jovice;Rožňava;560049;808;8;SK0428;SK042
Kečovo;Rožňava;525821;808;8;SK0428;SK042
Kobeliarovo;Rožňava;525839;808;8;SK0428;SK042
Koceľovce;Rožňava;525847;808;8;SK0428;SK042
Kováčová;Rožňava;525855;808;8;SK0428;SK042
Kružná;Rožňava;560065;808;8;SK0428;SK042
Krásnohorská Dlhá Lúka;Rožňava;525863;808;8;SK0428;SK042
Krásnohorské Podhradie;Rožňava;525871;808;8;SK0428;SK042
Kunova Teplica;Rožňava;525898;808;8;SK0428;SK042
Lipovník;Rožňava;525910;808;8;SK0428;SK042
Lúčka;Rožňava;525936;808;8;SK0428;SK042
Markuška;Rožňava;525952;808;8;SK0428;SK042
Meliata;Rožňava;525961;808;8;SK0428;SK042
Nižná Slaná;Rožňava;526045;808;8;SK0428;SK042
Ochtiná;Rožňava;526053;808;8;SK0428;SK042
Pača;Rožňava;526061;808;8;SK0428;SK042
Pašková;Rožňava;526070;808;8;SK0428;SK042
Petrovo;Rožňava;526088;808;8;SK0428;SK042
Plešivec;Rožňava;526096;808;8;SK0428;SK042
Rakovnica;Rožňava;526126;808;8;SK0428;SK042
Rejdová;Rožňava;526134;808;8;SK0428;SK042
Rochovce;Rožňava;526177;808;8;SK0428;SK042
Rozložná;Rožňava;526193;808;8;SK0428;SK042
Roštár;Rožňava;526185;808;8;SK0428;SK042
Rožňava;Rožňava;525529;808;8;SK0428;SK042
Rožňavské Bystré;Rožňava;526207;808;8;SK0428;SK042
Rudná;Rožňava;526215;808;8;SK0428;SK042
Silica;Rožňava;526223;808;8;SK0428;SK042
Silická Brezová;Rožňava;526231;808;8;SK0428;SK042
Silická Jablonica;Rožňava;526240;808;8;SK0428;SK042
Slavec;Rožňava;526266;808;8;SK0428;SK042
Slavoška;Rožňava;526274;808;8;SK0428;SK042
Slavošovce;Rožňava;526282;808;8;SK0428;SK042
Stratená;Rožňava;526291;808;8;SK0428;SK042
Vlachovo;Rožňava;526339;808;8;SK0428;SK042
Vyšná Slaná;Rožňava;526347;808;8;SK0428;SK042
Čierna Lehota;Rožňava;525596;808;8;SK0428;SK042
Čoltovo;Rožňava;525600;808;8;SK0428;SK042
Čučma;Rožňava;560031;808;8;SK0428;SK042
Štítnik;Rožňava;526312;808;8;SK0428;SK042
Bešeňová;Ružomberok;510301;508;5;SK0318;SK031
Hubová;Ružomberok;510441;508;5;SK0318;SK031
Ivachnová;Ružomberok;507300;508;5;SK0318;SK031
Kalameny;Ružomberok;510530;508;5;SK0318;SK031
Komjatná;Ružomberok;510548;508;5;SK0318;SK031
Likavka;Ružomberok;510599;508;5;SK0318;SK031
Liptovská Lúžna;Ružomberok;510629;508;5;SK0318;SK031
Liptovská Osada;Ružomberok;510637;508;5;SK0318;SK031
Liptovská Teplá;Ružomberok;510670;508;5;SK0318;SK031
Liptovská Štiavnica;Ružomberok;510661;508;5;SK0318;SK031
Liptovské Revúce;Ružomberok;510718;508;5;SK0318;SK031
Liptovské Sliače;Ružomberok;511005;508;5;SK0318;SK031
Liptovský Michal;Ružomberok;510742;508;5;SK0318;SK031
Lisková;Ružomberok;510785;508;5;SK0318;SK031
Ludrová;Ružomberok;510823;508;5;SK0318;SK031
Lúčky;Ružomberok;510815;508;5;SK0318;SK031
Martinček;Ružomberok;510866;508;5;SK0318;SK031
Potok;Ružomberok;510955;508;5;SK0318;SK031
Ružomberok;Ružomberok;510998;508;5;SK0318;SK031
Stankovany;Ružomberok;511030;508;5;SK0318;SK031
Turík;Ružomberok;507407;508;5;SK0318;SK031
Valaská Dubová;Ružomberok;511102;508;5;SK0318;SK031
Ľubochňa;Ružomberok;510807;508;5;SK0318;SK031
Štiavnička;Ružomberok;511056;508;5;SK0318;SK031
Švošov;Ružomberok;511064;508;5;SK0318;SK031
Bajerovce;Sabinov;524182;708;7;SK0418;SK041
Bodovce;Sabinov;524204;708;7;SK0418;SK041
Brezovica;Sabinov;524239;708;7;SK0418;SK041
Brezovička;Sabinov;524247;708;7;SK0418;SK041
Daletice;Sabinov;524328;708;7;SK0418;SK041
Drienica;Sabinov;524344;708;7;SK0418;SK041
Dubovica;Sabinov;524379;708;7;SK0418;SK041
Hanigovce;Sabinov;524441;708;7;SK0418;SK041
Hubošovce;Sabinov;524492;708;7;SK0418;SK041
Jakovany;Sabinov;524557;708;7;SK0418;SK041
Jakubova Voľa;Sabinov;524565;708;7;SK0418;SK041
Jakubovany;Sabinov;524573;708;7;SK0418;SK041
Jarovnice;Sabinov;524603;708;7;SK0418;SK041
Kamenica;Sabinov;524611;708;7;SK0418;SK041
Krivany;Sabinov;524689;708;7;SK0418;SK041
Krásna Lúka;Sabinov;524671;708;7;SK0418;SK041
Lipany;Sabinov;524778;708;7;SK0418;SK041
Lúčka;Sabinov;524816;708;7;SK0418;SK041
Milpoš;Sabinov;524875;708;7;SK0418;SK041
Nižný Slavkov;Sabinov;524921;708;7;SK0418;SK041
Olejníkov;Sabinov;524948;708;7;SK0418;SK041
Ostrovany;Sabinov;524981;708;7;SK0418;SK041
Oľšov;Sabinov;524956;708;7;SK0418;SK041
Pečovská Nová Ves;Sabinov;525006;708;7;SK0418;SK041
Poloma;Sabinov;525049;708;7;SK0418;SK041
Ratvaj;Sabinov;525081;708;7;SK0418;SK041
Ražňany;Sabinov;525090;708;7;SK0418;SK041
Renčišov;Sabinov;525103;708;7;SK0418;SK041
Rožkovany;Sabinov;525120;708;7;SK0418;SK041
Sabinov;Sabinov;525146;708;7;SK0418;SK041
Tichý Potok;Sabinov;525308;708;7;SK0418;SK041
Torysa;Sabinov;525316;708;7;SK0418;SK041
Uzovce;Sabinov;525359;708;7;SK0418;SK041
Uzovské Pekľany;Sabinov;525367;708;7;SK0418;SK041
Uzovský Šalgov;Sabinov;525375;708;7;SK0418;SK041
Vysoká;Sabinov;525421;708;7;SK0418;SK041
Červenica pri Sabinove;Sabinov;524298;708;7;SK0418;SK041
Červená Voda;Sabinov;524280;708;7;SK0418;SK041
Ďačov;Sabinov;524310;708;7;SK0418;SK041
Ľutina;Sabinov;524824;708;7;SK0418;SK041
Šarišské Dravce;Sabinov;525219;708;7;SK0418;SK041
Šarišské Michaľany;Sabinov;525235;708;7;SK0418;SK041
Šarišské Sokolovce;Sabinov;525243;708;7;SK0418;SK041
Bernolákovo;Senec;507814;108;1;SK0108;SK010
Blatné;Senec;507822;108;1;SK0108;SK010
Boldog;Senec;503681;108;1;SK0108;SK010
Chorvátsky Grob;Senec;507911;108;1;SK0108;SK010
Dunajská Lužná;Senec;545333;108;1;SK0108;SK010
Hamuliakovo;Senec;507903;108;1;SK0108;SK010
Hrubá Borša;Senec;503797;108;1;SK0108;SK010
Hrubý Šúr;Senec;503801;108;1;SK0108;SK010
Hurbanova Ves;Senec;503819;108;1;SK0108;SK010
Igram;Senec;555487;108;1;SK0108;SK010
Ivanka pri Dunaji;Senec;507938;108;1;SK0108;SK010
Kalinkovo;Senec;507997;108;1;SK0108;SK010
Kaplna;Senec;555495;108;1;SK0108;SK010
Kostolná pri Dunaji;Senec;503851;108;1;SK0108;SK010
Kráľová pri Senci;Senec;503894;108;1;SK0108;SK010
Malinovo;Senec;508071;108;1;SK0108;SK010
Miloslavov;Senec;508098;108;1;SK0108;SK010
Most pri Bratislave;Senec;508110;108;1;SK0108;SK010
Nová Dedinka;Senec;508136;108;1;SK0108;SK010
Nový Svet;Senec;582549;108;1;SK0108;SK010
Reca;Senec;503983;108;1;SK0108;SK010
Rovinka;Senec;508209;108;1;SK0108;SK010
Senec;Senec;508217;108;1;SK0108;SK010
Tomášov;Senec;508276;108;1;SK0108;SK010
Tureň;Senec;508284;108;1;SK0108;SK010
Veľký Biel;Senec;508292;108;1;SK0108;SK010
Vlky;Senec;508331;108;1;SK0108;SK010
Zálesie;Senec;555509;108;1;SK0108;SK010
Čataj;Senec;507865;108;1;SK0108;SK010
Borský Mikuláš;Senica;504238;205;2;SK0215;SK021
Borský Svätý Jur;Senica;504220;205;2;SK0215;SK021
Bílkove Humence;Senica;504211;205;2;SK0215;SK021
Cerová;Senica;504297;205;2;SK0215;SK021
Dojč;Senica;504335;205;2;SK0215;SK021
Hlboké;Senica;504360;205;2;SK0215;SK021
Hradište pod Vrátnom;Senica;504386;205;2;SK0215;SK021
Jablonica;Senica;504416;205;2;SK0215;SK021
Koválov;Senica;504475;205;2;SK0215;SK021
Kuklov;Senica;504491;205;2;SK0215;SK021
Kúty;Senica;504513;205;2;SK0215;SK021
Lakšárska Nová Ves;Senica;504521;205;2;SK0215;SK021
Moravský Svätý Ján;Senica;504572;205;2;SK0215;SK021
Osuské;Senica;504602;205;2;SK0215;SK021
Plavecký Peter;Senica;504645;205;2;SK0215;SK021
Podbranč;Senica;504653;205;2;SK0215;SK021
Prietrž;Senica;504700;205;2;SK0215;SK021
Prievaly;Senica;504726;205;2;SK0215;SK021
Rohov;Senica;556122;205;2;SK0215;SK021
Rovensko;Senica;504777;205;2;SK0215;SK021
Rybky;Senica;556131;205;2;SK0215;SK021
Sekule;Senica;556114;205;2;SK0215;SK021
Senica;Senica;504203;205;2;SK0215;SK021
Smolinské;Senica;504823;205;2;SK0215;SK021
Smrdáky;Senica;504831;205;2;SK0215;SK021
Sobotište;Senica;504840;205;2;SK0215;SK021
Častkov;Senica;504327;205;2;SK0215;SK021
Čáry;Senica;504319;205;2;SK0215;SK021
Šajdíkove Humence;Senica;504882;205;2;SK0215;SK021
Šaštín-Stráže;Senica;504891;205;2;SK0215;SK021
Štefanov;Senica;504904;205;2;SK0215;SK021
Brodské;Skalica;504271;206;2;SK0216;SK021
Chropov;Skalica;504394;206;2;SK0216;SK021
Dubovce;Skalica;504343;206;2;SK0216;SK021
Gbely;Skalica;504351;206;2;SK0216;SK021
Holíč;Skalica;504378;206;2;SK0216;SK021
Kopčany;Skalica;504459;206;2;SK0216;SK021
Koválovec;Skalica;504483;206;2;SK0216;SK021
Kátov;Skalica;504432;206;2;SK0216;SK021
Letničie;Skalica;504530;206;2;SK0216;SK021
Lopašov;Skalica;504548;206;2;SK0216;SK021
Mokrý Háj;Skalica;504564;206;2;SK0216;SK021
Oreské;Skalica;504599;206;2;SK0216;SK021
Petrova Ves;Skalica;504611;206;2;SK0216;SK021
Popudinské Močidľany;Skalica;504670;206;2;SK0216;SK021
Prietržka;Skalica;504718;206;2;SK0216;SK021
Radimov;Skalica;504734;206;2;SK0216;SK021
Radošovce;Skalica;504742;206;2;SK0216;SK021
Skalica;Skalica;504815;206;2;SK0216;SK021
Trnovec;Skalica;504912;206;2;SK0216;SK021
Unín;Skalica;504939;206;2;SK0216;SK021
Vrádište;Skalica;504963;206;2;SK0216;SK021
Belá nad Cirochou;Snina;520039;709;7;SK0419;SK041
Brezovec;Snina;520080;709;7;SK0419;SK041
Dlhé nad Cirochou;Snina;520161;709;7;SK0419;SK041
Dúbrava;Snina;520179;709;7;SK0419;SK041
Hostovice;Snina;520209;709;7;SK0419;SK041
Hrabová Roztoka;Snina;520217;709;7;SK0419;SK041
Jalová;Snina;520284;709;7;SK0419;SK041
Kalná Roztoka;Snina;520322;709;7;SK0419;SK041
Klenová;Snina;520365;709;7;SK0419;SK041
Kolbasov;Snina;520381;709;7;SK0419;SK041
Kolonica;Snina;520390;709;7;SK0419;SK041
Ladomirov;Snina;520438;709;7;SK0419;SK041
Michajlov;Snina;520489;709;7;SK0419;SK041
Nová Sedlica;Snina;520551;709;7;SK0419;SK041
Osadné;Snina;520594;709;7;SK0419;SK041
Parihuzovce;Snina;520632;709;7;SK0419;SK041
Pichne;Snina;520659;709;7;SK0419;SK041
Príslop;Snina;520675;709;7;SK0419;SK041
Pčoliné;Snina;520641;709;7;SK0419;SK041
Runina;Snina;520730;709;7;SK0419;SK041
Ruská Volová;Snina;520748;709;7;SK0419;SK041
Ruský Potok;Snina;520764;709;7;SK0419;SK041
Snina;Snina;520802;709;7;SK0419;SK041
Stakčín;Snina;520829;709;7;SK0419;SK041
Stakčínska Roztoka;Snina;520811;709;7;SK0419;SK041
Strihovce;Snina;520845;709;7;SK0419;SK041
Topoľa;Snina;520888;709;7;SK0419;SK041
Ubľa;Snina;520918;709;7;SK0419;SK041
Ulič;Snina;520934;709;7;SK0419;SK041
Uličské Krivé;Snina;520942;709;7;SK0419;SK041
Zboj;Snina;521051;709;7;SK0419;SK041
Zemplínske Hámre;Snina;521108;709;7;SK0419;SK041
Čukalovce;Snina;520136;709;7;SK0419;SK041
Šmigovec;Snina;520870;709;7;SK0419;SK041
Baškovce;Sobrance;522309;809;8;SK0429;SK042
Beňatina;Sobrance;522317;809;8;SK0429;SK042
Bežovce;Sobrance;522325;809;8;SK0429;SK042
Blatná Polianka;Sobrance;522333;809;8;SK0429;SK042
Blatné Remety;Sobrance;522341;809;8;SK0429;SK042
Blatné Revištia;Sobrance;522350;809;8;SK0429;SK042
Bunkovce;Sobrance;522384;809;8;SK0429;SK042
Choňkovce;Sobrance;522503;809;8;SK0429;SK042
Fekišovce;Sobrance;522422;809;8;SK0429;SK042
Hlivištia;Sobrance;522457;809;8;SK0429;SK042
Horňa;Sobrance;522473;809;8;SK0429;SK042
Husák;Sobrance;522490;809;8;SK0429;SK042
Inovce;Sobrance;522520;809;8;SK0429;SK042
Jasenov;Sobrance;522538;809;8;SK0429;SK042
Jenkovce;Sobrance;522554;809;8;SK0429;SK042
Kolibabovce;Sobrance;522601;809;8;SK0429;SK042
Koromľa;Sobrance;522643;809;8;SK0429;SK042
Koňuš;Sobrance;522627;809;8;SK0429;SK042
Kristy;Sobrance;522678;809;8;SK0429;SK042
Krčava;Sobrance;522660;809;8;SK0429;SK042
Lekárovce;Sobrance;522716;809;8;SK0429;SK042
Nižná Rybnica;Sobrance;522813;809;8;SK0429;SK042
Nižné Nemecké;Sobrance;522821;809;8;SK0429;SK042
Orechová;Sobrance;522830;809;8;SK0429;SK042
Ostrov;Sobrance;522856;809;8;SK0429;SK042
Petrovce;Sobrance;522899;809;8;SK0429;SK042
Pinkovce;Sobrance;522911;809;8;SK0429;SK042
Podhoroď;Sobrance;522929;809;8;SK0429;SK042
Porostov;Sobrance;522937;809;8;SK0429;SK042
Porúbka;Sobrance;522953;809;8;SK0429;SK042
Priekopa;Sobrance;522970;809;8;SK0429;SK042
Remetské Hámre;Sobrance;523003;809;8;SK0429;SK042
Ruskovce;Sobrance;523020;809;8;SK0429;SK042
Ruská Bystrá;Sobrance;523011;809;8;SK0429;SK042
Ruský Hrabovec;Sobrance;523038;809;8;SK0429;SK042
Sejkov;Sobrance;523046;809;8;SK0429;SK042
Sobrance;Sobrance;523089;809;8;SK0429;SK042
Svätuš;Sobrance;523143;809;8;SK0429;SK042
Tašuľa;Sobrance;523160;809;8;SK0429;SK042
Tibava;Sobrance;523178;809;8;SK0429;SK042
Veľké Revištia;Sobrance;523232;809;8;SK0429;SK042
Vojnatina;Sobrance;523267;809;8;SK0429;SK042
Vyšná Rybnica;Sobrance;523305;809;8;SK0429;SK042
Vyšné Nemecké;Sobrance;523313;809;8;SK0429;SK042
Vyšné Remety;Sobrance;523321;809;8;SK0429;SK042
Záhor;Sobrance;523330;809;8;SK0429;SK042
Úbrež;Sobrance;523224;809;8;SK0429;SK042
Arnutovce;Spišská Nová Ves;526363;810;8;SK042A;SK042
Betlanovce;Spišská Nová Ves;526398;810;8;SK042A;SK042
Bystrany;Spišská Nová Ves;526436;810;8;SK042A;SK042
Chrasť nad Hornádom;Spišská Nová Ves;543152;810;8;SK042A;SK042
Danišovce;Spišská Nová Ves;526444;810;8;SK042A;SK042
Harichovce;Spišská Nová Ves;526533;810;8;SK042A;SK042
Hincovce;Spišská Nová Ves;526568;810;8;SK042A;SK042
Hnilec;Spišská Nová Ves;526584;810;8;SK042A;SK042
Hnilčík;Spišská Nová Ves;526576;810;8;SK042A;SK042
Hrabušice;Spišská Nová Ves;526592;810;8;SK042A;SK042
Iliašovce;Spišská Nová Ves;543161;810;8;SK042A;SK042
Jamník;Spišská Nová Ves;543195;810;8;SK042A;SK042
Kaľava;Spišská Nová Ves;543209;810;8;SK042A;SK042
Kolinovce;Spišská Nová Ves;543250;810;8;SK042A;SK042
Krompachy;Spišská Nová Ves;543268;810;8;SK042A;SK042
Letanovce;Spišská Nová Ves;543284;810;8;SK042A;SK042
Lieskovany;Spišská Nová Ves;543306;810;8;SK042A;SK042
Markušovce;Spišská Nová Ves;543331;810;8;SK042A;SK042
Matejovce nad Hornádom;Spišská Nová Ves;543349;810;8;SK042A;SK042
Mlynky;Spišská Nová Ves;543357;810;8;SK042A;SK042
Odorín;Spišská Nová Ves;543403;810;8;SK042A;SK042
Olcnava;Spišská Nová Ves;543411;810;8;SK042A;SK042
Oľšavka;Spišská Nová Ves;543438;810;8;SK042A;SK042
Poráč;Spišská Nová Ves;543489;810;8;SK042A;SK042
Rudňany;Spišská Nová Ves;543519;810;8;SK042A;SK042
Slatvina;Spišská Nová Ves;543527;810;8;SK042A;SK042
Slovinky;Spišská Nová Ves;543535;810;8;SK042A;SK042
Smižany;Spišská Nová Ves;560154;810;8;SK042A;SK042
Spišská Nová Ves;Spišská Nová Ves;526355;810;8;SK042A;SK042
Spišské Tomášovce;Spišská Nová Ves;543586;810;8;SK042A;SK042
Spišské Vlachy;Spišská Nová Ves;543594;810;8;SK042A;SK042
Spišský Hrušov;Spišská Nová Ves;543616;810;8;SK042A;SK042
Teplička;Spišská Nová Ves;543667;810;8;SK042A;SK042
Vojkovce;Spišská Nová Ves;543721;810;8;SK042A;SK042
Vítkovce;Spišská Nová Ves;543713;810;8;SK042A;SK042
Žehra;Spišská Nová Ves;526657;810;8;SK042A;SK042
Chmeľnica;Stará Ľubovňa;526754;710;7;SK041A;SK041
Forbasy;Stará Ľubovňa;526690;710;7;SK041A;SK041
Hajtovka;Stará Ľubovňa;526703;710;7;SK041A;SK041
Haligovce;Stará Ľubovňa;526711;710;7;SK041A;SK041
Hniezdne;Stará Ľubovňa;526720;710;7;SK041A;SK041
Hraničné;Stará Ľubovňa;526738;710;7;SK041A;SK041
Hromoš;Stará Ľubovňa;526746;710;7;SK041A;SK041
Jakubany;Stará Ľubovňa;526762;710;7;SK041A;SK041
Jarabina;Stará Ľubovňa;526771;710;7;SK041A;SK041
Kamienka;Stará Ľubovňa;526789;710;7;SK041A;SK041
Kolačkov;Stará Ľubovňa;526797;710;7;SK041A;SK041
Kremná;Stará Ľubovňa;526801;710;7;SK041A;SK041
Kyjov;Stará Ľubovňa;526819;710;7;SK041A;SK041
Lacková;Stará Ľubovňa;526827;710;7;SK041A;SK041
Legnava;Stará Ľubovňa;526835;710;7;SK041A;SK041
Lesnica;Stará Ľubovňa;526843;710;7;SK041A;SK041
Litmanová;Stará Ľubovňa;526851;710;7;SK041A;SK041
Lomnička;Stará Ľubovňa;526860;710;7;SK041A;SK041
Malý Lipník;Stará Ľubovňa;526886;710;7;SK041A;SK041
Matysová;Stará Ľubovňa;526894;710;7;SK041A;SK041
Mníšek nad Popradom;Stará Ľubovňa;526908;710;7;SK041A;SK041
Nižné Ružbachy;Stará Ľubovňa;526916;710;7;SK041A;SK041
Nová Ľubovňa;Stará Ľubovňa;526924;710;7;SK041A;SK041
Obručné;Stará Ľubovňa;526932;710;7;SK041A;SK041
Orlov;Stará Ľubovňa;526941;710;7;SK041A;SK041
Plaveč;Stará Ľubovňa;526959;710;7;SK041A;SK041
Plavnica;Stará Ľubovňa;526967;710;7;SK041A;SK041
Podolínec;Stará Ľubovňa;526975;710;7;SK041A;SK041
Pusté Pole;Stará Ľubovňa;526983;710;7;SK041A;SK041
Ruská Voľa nad Popradom;Stará Ľubovňa;526991;710;7;SK041A;SK041
Starina;Stará Ľubovňa;527009;710;7;SK041A;SK041
Stará Ľubovňa;Stará Ľubovňa;526665;710;7;SK041A;SK041
Stráňany;Stará Ľubovňa;527017;710;7;SK041A;SK041
Sulín;Stará Ľubovňa;527025;710;7;SK041A;SK041
Veľká Lesná;Stará Ľubovňa;527068;710;7;SK041A;SK041
Veľký Lipník;Stará Ľubovňa;527076;710;7;SK041A;SK041
Vislanka;Stará Ľubovňa;527084;710;7;SK041A;SK041
Vyšné Ružbachy;Stará Ľubovňa;527092;710;7;SK041A;SK041
Údol;Stará Ľubovňa;527050;710;7;SK041A;SK041
Čirč;Stará Ľubovňa;526673;710;7;SK041A;SK041
Ďurková;Stará Ľubovňa;526681;710;7;SK041A;SK041
Ľubotín;Stará Ľubovňa;526878;710;7;SK041A;SK041
Šambron;Stará Ľubovňa;527033;710;7;SK041A;SK041
Šarišské Jastrabie;Stará Ľubovňa;527041;710;7;SK041A;SK041
Baňa;Stropkov;527114;711;7;SK041B;SK041
Breznica;Stropkov;527157;711;7;SK041B;SK041
Breznička;Stropkov;527165;711;7;SK041B;SK041
Brusnica;Stropkov;527173;711;7;SK041B;SK041
Bukovce;Stropkov;527181;711;7;SK041B;SK041
Bystrá;Stropkov;527190;711;7;SK041B;SK041
Bžany;Stropkov;527203;711;7;SK041B;SK041
Chotča;Stropkov;527335;711;7;SK041B;SK041
Duplín;Stropkov;527262;711;7;SK041B;SK041
Gribov;Stropkov;527289;711;7;SK041B;SK041
Havaj;Stropkov;527297;711;7;SK041B;SK041
Jakušovce;Stropkov;527343;711;7;SK041B;SK041
Kolbovce;Stropkov;527386;711;7;SK041B;SK041
Korunková;Stropkov;527408;711;7;SK041B;SK041
Kožuchovce;Stropkov;527416;711;7;SK041B;SK041
Krišľovce;Stropkov;527467;711;7;SK041B;SK041
Kručov;Stropkov;527793;711;7;SK041B;SK041
Krušinec;Stropkov;527475;711;7;SK041B;SK041
Lomné;Stropkov;527513;711;7;SK041B;SK041
Makovce;Stropkov;527521;711;7;SK041B;SK041
Malá Poľana;Stropkov;527530;711;7;SK041B;SK041
Miková;Stropkov;527572;711;7;SK041B;SK041
Miňovce;Stropkov;527581;711;7;SK041B;SK041
Mrázovce;Stropkov;527611;711;7;SK041B;SK041
Nižná Olšava;Stropkov;527637;711;7;SK041B;SK041
Oľšavka;Stropkov;527700;711;7;SK041B;SK041
Potoky;Stropkov;527726;711;7;SK041B;SK041
Potôčky;Stropkov;527718;711;7;SK041B;SK041
Soľník;Stropkov;527815;711;7;SK041B;SK041
Staškovce;Stropkov;527823;711;7;SK041B;SK041
Stropkov;Stropkov;527840;711;7;SK041B;SK041
Tisinec;Stropkov;527912;711;7;SK041B;SK041
Tokajík;Stropkov;527921;711;7;SK041B;SK041
Turany nad Ondavou;Stropkov;527939;711;7;SK041B;SK041
Varechovce;Stropkov;527971;711;7;SK041B;SK041
Veľkrop;Stropkov;527980;711;7;SK041B;SK041
Vislava;Stropkov;527998;711;7;SK041B;SK041
Vladiča;Stropkov;528005;711;7;SK041B;SK041
Vojtovce;Stropkov;528013;711;7;SK041B;SK041
Vyškovce;Stropkov;528021;711;7;SK041B;SK041
Vyšná Olšava;Stropkov;528048;711;7;SK041B;SK041
Vyšný Hrabovec;Stropkov;560073;711;7;SK041B;SK041
Šandal;Stropkov;527866;711;7;SK041B;SK041
Belejovce;Svidník;527122;712;7;SK041C;SK041
Beňadikovce;Svidník;527131;712;7;SK041C;SK041
Bodružal;Svidník;527149;712;7;SK041C;SK041
Cernina;Svidník;527211;712;7;SK041C;SK041
Cigla;Svidník;527220;712;7;SK041C;SK041
Dlhoňa;Svidník;527238;712;7;SK041C;SK041
Dobroslava;Svidník;527246;712;7;SK041C;SK041
Dubová;Svidník;527254;712;7;SK041C;SK041
Dukovce;Svidník;580601;712;7;SK041C;SK041
Fijaš;Svidník;527271;712;7;SK041C;SK041
Giraltovce;Svidník;519197;712;7;SK041C;SK041
Havranec;Svidník;527301;712;7;SK041C;SK041
Hrabovčík;Svidník;527319;712;7;SK041C;SK041
Hunkovce;Svidník;527327;712;7;SK041C;SK041
Jurkova Voľa;Svidník;527351;712;7;SK041C;SK041
Kalnište;Svidník;519316;712;7;SK041C;SK041
Kapišová;Svidník;527360;712;7;SK041C;SK041
Kečkovce;Svidník;527378;712;7;SK041C;SK041
Kobylnice;Svidník;519332;712;7;SK041C;SK041
Korejovce;Svidník;527394;712;7;SK041C;SK041
Krajná Bystrá;Svidník;527424;712;7;SK041C;SK041
Krajná Porúbka;Svidník;527441;712;7;SK041C;SK041
Krajná Poľana;Svidník;527432;712;7;SK041C;SK041
Krajné Čierno;Svidník;527459;712;7;SK041C;SK041
Kračúnovce;Svidník;519391;712;7;SK041C;SK041
Kružlová;Svidník;527483;712;7;SK041C;SK041
Kuková;Svidník;519448;712;7;SK041C;SK041
Kurimka;Svidník;527491;712;7;SK041C;SK041
Ladomirová;Svidník;527505;712;7;SK041C;SK041
Lužany pri Topli;Svidník;519561;712;7;SK041C;SK041
Lúčka;Svidník;519537;712;7;SK041C;SK041
Matovce;Svidník;527548;712;7;SK041C;SK041
Medvedie;Svidník;527556;712;7;SK041C;SK041
Mestisko;Svidník;527564;712;7;SK041C;SK041
Miroľa;Svidník;527599;712;7;SK041C;SK041
Mičakovce;Svidník;519596;712;7;SK041C;SK041
Mlynárovce;Svidník;527602;712;7;SK041C;SK041
Nižná Jedľová;Svidník;527629;712;7;SK041C;SK041
Nižná Pisaná;Svidník;527645;712;7;SK041C;SK041
Nižný Komárnik;Svidník;527653;712;7;SK041C;SK041
Nižný Mirošov;Svidník;527661;712;7;SK041C;SK041
Nižný Orlík;Svidník;527670;712;7;SK041C;SK041
Nová Polianka;Svidník;527688;712;7;SK041C;SK041
Okrúhle;Svidník;527696;712;7;SK041C;SK041
Príkra;Svidník;527734;712;7;SK041C;SK041
Pstriná;Svidník;527742;712;7;SK041C;SK041
Radoma;Svidník;527751;712;7;SK041C;SK041
Rakovčík;Svidník;527769;712;7;SK041C;SK041
Rovné;Svidník;527777;712;7;SK041C;SK041
Roztoky;Svidník;527785;712;7;SK041C;SK041
Soboš;Svidník;527807;712;7;SK041C;SK041
Stročín;Svidník;527831;712;7;SK041C;SK041
Svidnička;Svidník;527858;712;7;SK041C;SK041
Svidník;Svidník;527106;712;7;SK041C;SK041
Vagrinec;Svidník;527947;712;7;SK041C;SK041
Valkovce;Svidník;527955;712;7;SK041C;SK041
Vyšná Jedľová;Svidník;528030;712;7;SK041C;SK041
Vyšná Pisaná;Svidník;528056;712;7;SK041C;SK041
Vyšný Komárnik;Svidník;528064;712;7;SK041C;SK041
Vyšný Mirošov;Svidník;528072;712;7;SK041C;SK041
Vyšný Orlík;Svidník;528081;712;7;SK041C;SK041
Vápeník;Svidník;527963;712;7;SK041C;SK041
Šarbov;Svidník;527874;712;7;SK041C;SK041
Šarišský Štiavnik;Svidník;527882;712;7;SK041C;SK041
Šemetkovce;Svidník;527891;712;7;SK041C;SK041
Štefurov;Svidník;527904;712;7;SK041C;SK041
Železník;Svidník;519987;712;7;SK041C;SK041
Želmanovce;Svidník;519995;712;7;SK041C;SK041
Ardanovce;Topoľčany;556220;406;4;SK0236;SK023
Belince;Topoľčany;542661;406;4;SK0236;SK023
Biskupová;Topoľčany;542695;406;4;SK0236;SK023
Blesovce;Topoľčany;542709;406;4;SK0236;SK023
Bojná;Topoľčany;542717;406;4;SK0236;SK023
Chrabrany;Topoľčany;556165;406;4;SK0236;SK023
Dvorany nad Nitrou;Topoľčany;556262;406;4;SK0236;SK023
Hajná Nová Ves;Topoľčany;542881;406;4;SK0236;SK023
Horné Chlebany;Topoľčany;556351;406;4;SK0236;SK023
Horné Obdokovce;Topoľčany;542938;406;4;SK0236;SK023
Horné Štitáre;Topoľčany;542954;406;4;SK0236;SK023
Hrušovany;Topoľčany;542971;406;4;SK0236;SK023
Jacovce;Topoľčany;556157;406;4;SK0236;SK023
Kamanová;Topoľčany;543039;406;4;SK0236;SK023
Koniarovce;Topoľčany;543063;406;4;SK0236;SK023
Kovarce;Topoľčany;543071;406;4;SK0236;SK023
Krnča;Topoľčany;543101;406;4;SK0236;SK023
Krtovce;Topoľčany;543110;406;4;SK0236;SK023
Krušovce;Topoľčany;556149;406;4;SK0236;SK023
Kuzmice;Topoľčany;581704;406;4;SK0236;SK023
Lipovník;Topoľčany;505021;406;4;SK0236;SK023
Ludanice;Topoľčany;505048;406;4;SK0236;SK023
Lužany;Topoľčany;505064;406;4;SK0236;SK023
Malé Ripňany;Topoľčany;505137;406;4;SK0236;SK023
Nemečky;Topoľčany;505226;406;4;SK0236;SK023
Nemčice;Topoľčany;581305;406;4;SK0236;SK023
Nitrianska Blatnica;Topoľčany;505234;406;4;SK0236;SK023
Nitrianska Streda;Topoľčany;505242;406;4;SK0236;SK023
Norovce;Topoľčany;505251;406;4;SK0236;SK023
Oponice;Topoľčany;505285;406;4;SK0236;SK023
Orešany;Topoľčany;556211;406;4;SK0236;SK023
Podhradie;Topoľčany;505340;406;4;SK0236;SK023
Prašice;Topoľčany;505374;406;4;SK0236;SK023
Preseľany;Topoľčany;505404;406;4;SK0236;SK023
Práznovce;Topoľčany;581658;406;4;SK0236;SK023
Radošina;Topoľčany;505421;406;4;SK0236;SK023
Rajčany;Topoľčany;505439;406;4;SK0236;SK023
Solčany;Topoľčany;505498;406;4;SK0236;SK023
Solčianky;Topoľčany;556327;406;4;SK0236;SK023
Svrbice;Topoľčany;556238;406;4;SK0236;SK023
Súlovce;Topoľčany;505510;406;4;SK0236;SK023
Tesáre;Topoľčany;505561;406;4;SK0236;SK023
Topoľčany;Topoľčany;504998;406;4;SK0236;SK023
Tovarníky;Topoľčany;580457;406;4;SK0236;SK023
Tvrdomestice;Topoľčany;505617;406;4;SK0236;SK023
Urmince;Topoľčany;505641;406;4;SK0236;SK023
Velušovce;Topoľčany;505749;406;4;SK0236;SK023
Veľké Dvorany;Topoľčany;505676;406;4;SK0236;SK023
Veľké Ripňany;Topoľčany;505714;406;4;SK0236;SK023
Vozokany;Topoľčany;505757;406;4;SK0236;SK023
Závada;Topoľčany;505773;406;4;SK0236;SK023
Čermany;Topoľčany;542792;406;4;SK0236;SK023
Čeľadince;Topoľčany;556297;406;4;SK0236;SK023
Šalgovce;Topoľčany;505536;406;4;SK0236;SK023
Bara;Trebišov;528129;811;8;SK042B;SK042
Bačka;Trebišov;528102;811;8;SK042B;SK042
Bačkov;Trebišov;528111;811;8;SK042B;SK042
Biel;Trebišov;528145;811;8;SK042B;SK042
Borša;Trebišov;528170;811;8;SK042B;SK042
Boľ;Trebišov;528161;811;8;SK042B;SK042
Boťany;Trebišov;528188;811;8;SK042B;SK042
Brehov;Trebišov;528200;811;8;SK042B;SK042
Brezina;Trebišov;528218;811;8;SK042B;SK042
Byšta;Trebišov;528226;811;8;SK042B;SK042
Cejkov;Trebišov;528234;811;8;SK042B;SK042
Dargov;Trebišov;528315;811;8;SK042B;SK042
Dobrá;Trebišov;528323;811;8;SK042B;SK042
Dvorianky;Trebišov;528340;811;8;SK042B;SK042
Egreš;Trebišov;528358;811;8;SK042B;SK042
Hraň;Trebišov;528366;811;8;SK042B;SK042
Hriadky;Trebišov;528382;811;8;SK042B;SK042
Hrčeľ;Trebišov;528374;811;8;SK042B;SK042
Kazimír;Trebišov;528421;811;8;SK042B;SK042
Kašov;Trebišov;528412;811;8;SK042B;SK042
Klin nad Bodrogom;Trebišov;513831;811;8;SK042B;SK042
Kožuchov;Trebišov;528439;811;8;SK042B;SK042
Kravany;Trebišov;528455;811;8;SK042B;SK042
Kráľovský Chlmec;Trebišov;528447;811;8;SK042B;SK042
Kuzmice;Trebišov;528471;811;8;SK042B;SK042
Kysta;Trebišov;528480;811;8;SK042B;SK042
Ladmovce;Trebišov;528498;811;8;SK042B;SK042
Lastovce;Trebišov;528501;811;8;SK042B;SK042
Leles;Trebišov;528510;811;8;SK042B;SK042
Luhyňa;Trebišov;528528;811;8;SK042B;SK042
Malá Tŕňa;Trebišov;513792;811;8;SK042B;SK042
Malé Ozorovce;Trebišov;528536;811;8;SK042B;SK042
Malé Trakany;Trebišov;528544;811;8;SK042B;SK042
Malý Horeš;Trebišov;528552;811;8;SK042B;SK042
Malý Kamenec;Trebišov;528561;811;8;SK042B;SK042
Michaľany;Trebišov;528587;811;8;SK042B;SK042
Nižný Žipov;Trebišov;528609;811;8;SK042B;SK042
Novosad;Trebišov;528617;811;8;SK042B;SK042
Nový Ruskov;Trebišov;528625;811;8;SK042B;SK042
Parchovany;Trebišov;528676;811;8;SK042B;SK042
Plechotice;Trebišov;528641;811;8;SK042B;SK042
Poľany;Trebišov;528668;811;8;SK042B;SK042
Pribeník;Trebišov;528684;811;8;SK042B;SK042
Rad;Trebišov;528706;811;8;SK042B;SK042
Sečovce;Trebišov;528722;811;8;SK042B;SK042
Sirník;Trebišov;543730;811;8;SK042B;SK042
Slivník;Trebišov;543748;811;8;SK042B;SK042
Slovenské Nové Mesto;Trebišov;543756;811;8;SK042B;SK042
Somotor;Trebišov;543772;811;8;SK042B;SK042
Soľnička;Trebišov;543764;811;8;SK042B;SK042
Stankovce;Trebišov;543781;811;8;SK042B;SK042
Stanča;Trebišov;513849;811;8;SK042B;SK042
Streda nad Bodrogom;Trebišov;543802;811;8;SK042B;SK042
Strážne;Trebišov;543799;811;8;SK042B;SK042
Svinice;Trebišov;543811;811;8;SK042B;SK042
Svätuše;Trebišov;528650;811;8;SK042B;SK042
Svätá Mária;Trebišov;528153;811;8;SK042B;SK042
Trebišov;Trebišov;528099;811;8;SK042B;SK042
Trnávka;Trebišov;543829;811;8;SK042B;SK042
Veľaty;Trebišov;543845;811;8;SK042B;SK042
Veľká Tŕňa;Trebišov;513806;811;8;SK042B;SK042
Veľké Ozorovce;Trebišov;543861;811;8;SK042B;SK042
Veľké Trakany;Trebišov;543896;811;8;SK042B;SK042
Veľký Horeš;Trebišov;543900;811;8;SK042B;SK042
Veľký Kamenec;Trebišov;543918;811;8;SK042B;SK042
Viničky;Trebišov;543926;811;8;SK042B;SK042
Višňov;Trebišov;543934;811;8;SK042B;SK042
Vojka;Trebišov;543969;811;8;SK042B;SK042
Vojčice;Trebišov;543951;811;8;SK042B;SK042
Zatín;Trebišov;543977;811;8;SK042B;SK042
Zbehňov;Trebišov;543985;811;8;SK042B;SK042
Zemplín;Trebišov;543993;811;8;SK042B;SK042
Zemplínska Nová Ves;Trebišov;544001;811;8;SK042B;SK042
Zemplínska Teplica;Trebišov;544019;811;8;SK042B;SK042
Zemplínske Hradište;Trebišov;544027;811;8;SK042B;SK042
Zemplínske Jastrabie;Trebišov;544035;811;8;SK042B;SK042
Zemplínsky Branč;Trebišov;544043;811;8;SK042B;SK042
Čerhov;Trebišov;528251;811;8;SK042B;SK042
Černochov;Trebišov;528269;811;8;SK042B;SK042
Čeľovce;Trebišov;528242;811;8;SK042B;SK042
Čierna;Trebišov;528285;811;8;SK042B;SK042
Čierna nad Tisou;Trebišov;528293;811;8;SK042B;SK042
Adamovské Kochanovce;Trenčín;505838;309;3;SK0229;SK022
Bobot;Trenčín;505854;309;3;SK0229;SK022
Chocholná-Velčice;Trenčín;506087;309;3;SK0229;SK022
Dolná Poruba;Trenčín;505935;309;3;SK0229;SK022
Dolná Súča;Trenčín;505943;309;3;SK0229;SK022
Drietoma;Trenčín;505960;309;3;SK0229;SK022
Dubodiel;Trenčín;505978;309;3;SK0229;SK022
Horná Súča;Trenčín;506010;309;3;SK0229;SK022
Horné Srnie;Trenčín;506036;309;3;SK0229;SK022
Horňany;Trenčín;506028;309;3;SK0229;SK022
Hrabovka;Trenčín;506044;309;3;SK0229;SK022
Ivanovce;Trenčín;506095;309;3;SK0229;SK022
Kostolná-Záriečie;Trenčín;506133;309;3;SK0229;SK022
Krivosúd-Bodovka;Trenčín;506168;309;3;SK0229;SK022
Melčice-Lieskové;Trenčín;545686;309;3;SK0229;SK022
Mníchova Lehota;Trenčín;506231;309;3;SK0229;SK022
Motešice;Trenčín;506273;309;3;SK0229;SK022
Nemšová;Trenčín;506281;309;3;SK0229;SK022
Neporadza;Trenčín;506290;309;3;SK0229;SK022
Omšenie;Trenčín;506354;309;3;SK0229;SK022
Opatovce;Trenčín;506371;309;3;SK0229;SK022
Petrova Lehota;Trenčín;581348;309;3;SK0229;SK022
Selec;Trenčín;506478;309;3;SK0229;SK022
Skalka nad Váhom;Trenčín;546682;309;3;SK0229;SK022
Soblahov;Trenčín;506508;309;3;SK0229;SK022
Svinná;Trenčín;506532;309;3;SK0229;SK022
Trenčianska Teplá;Trenčín;506559;309;3;SK0229;SK022
Trenčianska Turná;Trenčín;506567;309;3;SK0229;SK022
Trenčianske Jastrabie;Trenčín;506591;309;3;SK0229;SK022
Trenčianske Mitice;Trenčín;506605;309;3;SK0229;SK022
Trenčianske Stankovce;Trenčín;545741;309;3;SK0229;SK022
Trenčianske Teplice;Trenčín;506613;309;3;SK0229;SK022
Trenčín;Trenčín;505820;309;3;SK0229;SK022
Veľká Hradná;Trenčín;506648;309;3;SK0229;SK022
Veľké Bierovce;Trenčín;506656;309;3;SK0229;SK022
Zamarovce;Trenčín;556475;309;3;SK0229;SK022
Štvrtok;Trenčín;506541;309;3;SK0229;SK022
Biely Kostol;Trnava;580473;207;2;SK0217;SK021
Bohdanovce nad Trnavou;Trnava;506796;207;2;SK0217;SK021
Boleráz;Trnava;506818;207;2;SK0217;SK021
Borová;Trnava;506826;207;2;SK0217;SK021
Brestovany;Trnava;506842;207;2;SK0217;SK021
Buková;Trnava;506869;207;2;SK0217;SK021
Bučany;Trnava;506851;207;2;SK0217;SK021
Bíňovce;Trnava;506788;207;2;SK0217;SK021
Cífer;Trnava;506877;207;2;SK0217;SK021
Dechtice;Trnava;506893;207;2;SK0217;SK021
Dlhá;Trnava;556599;207;2;SK0217;SK021
Dobrá Voda;Trnava;506915;207;2;SK0217;SK021
Dolná Krupá;Trnava;506923;207;2;SK0217;SK021
Dolné Dubové;Trnava;506931;207;2;SK0217;SK021
Dolné Lovčice;Trnava;556661;207;2;SK0217;SK021
Dolné Orešany;Trnava;506940;207;2;SK0217;SK021
Horná Krupá;Trnava;507041;207;2;SK0217;SK021
Horné Dubové;Trnava;507059;207;2;SK0217;SK021
Horné Orešany;Trnava;507067;207;2;SK0217;SK021
Hrnčiarovce nad Parnou;Trnava;581020;207;2;SK0217;SK021
Jaslovské Bohunice;Trnava;507156;207;2;SK0217;SK021
Košolná;Trnava;507211;207;2;SK0217;SK021
Križovany nad Dudváhom;Trnava;556483;207;2;SK0217;SK021
Kátlovce;Trnava;507164;207;2;SK0217;SK021
Lošonec;Trnava;556688;207;2;SK0217;SK021
Majcichov;Trnava;507296;207;2;SK0217;SK021
Malženice;Trnava;507318;207;2;SK0217;SK021
Naháč;Trnava;507351;207;2;SK0217;SK021
Opoj;Trnava;556491;207;2;SK0217;SK021
Pavlice;Trnava;556556;207;2;SK0217;SK021
Radošovce;Trnava;556653;207;2;SK0217;SK021
Ružindol;Trnava;507512;207;2;SK0217;SK021
Slovenská Nová Ves;Trnava;556564;207;2;SK0217;SK021
Smolenice;Trnava;507555;207;2;SK0217;SK021
Suchá nad Parnou;Trnava;507571;207;2;SK0217;SK021
Trnava;Trnava;506745;207;2;SK0217;SK021
Trstín;Trnava;507687;207;2;SK0217;SK021
Vlčkovce;Trnava;556513;207;2;SK0217;SK021
Voderady;Trnava;507741;207;2;SK0217;SK021
Zavar;Trnava;507768;207;2;SK0217;SK021
Zeleneč;Trnava;507776;207;2;SK0217;SK021
Zvončín;Trnava;581488;207;2;SK0217;SK021
Šelpice;Trnava;556670;207;2;SK0217;SK021
Špačince;Trnava;507601;207;2;SK0217;SK021
Šúrovce;Trnava;507636;207;2;SK0217;SK021
Abramová;Turčianske Teplice;512044;509;5;SK0319;SK031
Blažovce;Turčianske Teplice;512087;509;5;SK0319;SK031
Bodorová;Turčianske Teplice;512095;509;5;SK0319;SK031
Borcová;Turčianske Teplice;512109;509;5;SK0319;SK031
Brieštie;Turčianske Teplice;512117;509;5;SK0319;SK031
Budiš;Turčianske Teplice;512125;509;5;SK0319;SK031
Dubové;Turčianske Teplice;512222;509;5;SK0319;SK031
Horná Štubňa;Turčianske Teplice;512273;509;5;SK0319;SK031
Háj;Turčianske Teplice;512265;509;5;SK0319;SK031
Ivančiná;Turčianske Teplice;512303;509;5;SK0319;SK031
Jasenovo;Turčianske Teplice;512311;509;5;SK0319;SK031
Jazernica;Turčianske Teplice;512320;509;5;SK0319;SK031
Kaľamenová;Turčianske Teplice;512338;509;5;SK0319;SK031
Liešno;Turčianske Teplice;512427;509;5;SK0319;SK031
Malý Čepčín;Turčianske Teplice;512443;509;5;SK0319;SK031
Moškovec;Turčianske Teplice;512451;509;5;SK0319;SK031
Mošovce;Turčianske Teplice;512460;509;5;SK0319;SK031
Ondrašová;Turčianske Teplice;512494;509;5;SK0319;SK031
Rakša;Turčianske Teplice;512559;509;5;SK0319;SK031
Rudno;Turčianske Teplice;512575;509;5;SK0319;SK031
Sklené;Turčianske Teplice;512605;509;5;SK0319;SK031
Slovenské Pravno;Turčianske Teplice;512621;509;5;SK0319;SK031
Turček;Turčianske Teplice;512699;509;5;SK0319;SK031
Turčianske Teplice;Turčianske Teplice;512729;509;5;SK0319;SK031
Veľký Čepčín;Turčianske Teplice;512788;509;5;SK0319;SK031
Čremošné;Turčianske Teplice;512141;509;5;SK0319;SK031
Brezovica;Tvrdošín;509604;510;5;SK031A;SK031
Habovka;Tvrdošín;509655;510;5;SK031A;SK031
Hladovka;Tvrdošín;509663;510;5;SK031A;SK031
Liesek;Tvrdošín;509795;510;5;SK031A;SK031
Nižná;Tvrdošín;509876;510;5;SK031A;SK031
Oravský Biely Potok;Tvrdošín;509949;510;5;SK031A;SK031
Podbiel;Tvrdošín;509981;510;5;SK031A;SK031
Suchá Hora;Tvrdošín;510076;510;5;SK031A;SK031
Trstená;Tvrdošín;510106;510;5;SK031A;SK031
Tvrdošín;Tvrdošín;510114;510;5;SK031A;SK031
Vitanová;Tvrdošín;510173;510;5;SK031A;SK031
Zuberec;Tvrdošín;510238;510;5;SK031A;SK031
Zábiedovo;Tvrdošín;510190;510;5;SK031A;SK031
Čimhová;Tvrdošín;518719;510;5;SK031A;SK031
Štefanov nad Oravou;Tvrdošín;510084;510;5;SK031A;SK031
Balog nad Ipľom;Veľký Krtíš;515868;610;6;SK032A;SK032
Brusník;Veľký Krtíš;515884;610;6;SK032A;SK032
Bušince;Veľký Krtíš;515892;610;6;SK032A;SK032
Bátorová;Veľký Krtíš;515876;610;6;SK032A;SK032
Chrastince;Veľký Krtíš;516058;610;6;SK032A;SK032
Chrťany;Veľký Krtíš;516066;610;6;SK032A;SK032
Dačov Lom;Veľký Krtíš;515949;610;6;SK032A;SK032
Dolinka;Veľký Krtíš;515957;610;6;SK032A;SK032
Dolná Strehová;Veľký Krtíš;515965;610;6;SK032A;SK032
Dolné Plachtince;Veľký Krtíš;515973;610;6;SK032A;SK032
Dolné Strháre;Veľký Krtíš;515981;610;6;SK032A;SK032
Glabušovce;Veľký Krtíš;516007;610;6;SK032A;SK032
Horná Strehová;Veľký Krtíš;516015;610;6;SK032A;SK032
Horné Plachtince;Veľký Krtíš;516023;610;6;SK032A;SK032
Horné Strháre;Veľký Krtíš;516031;610;6;SK032A;SK032
Hrušov;Veľký Krtíš;516040;610;6;SK032A;SK032
Ipeľské Predmostie;Veľký Krtíš;516074;610;6;SK032A;SK032
Kamenné Kosihy;Veľký Krtíš;516082;610;6;SK032A;SK032
Kiarov;Veľký Krtíš;516091;610;6;SK032A;SK032
Kleňany;Veľký Krtíš;516104;610;6;SK032A;SK032
Koláre;Veľký Krtíš;516112;610;6;SK032A;SK032
Kosihovce;Veľký Krtíš;516121;610;6;SK032A;SK032
Kosihy nad Ipľom;Veľký Krtíš;516139;610;6;SK032A;SK032
Kováčovce;Veľký Krtíš;516147;610;6;SK032A;SK032
Lesenice;Veľký Krtíš;516155;610;6;SK032A;SK032
Malá Čalomija;Veľký Krtíš;516171;610;6;SK032A;SK032
Malé Straciny;Veľký Krtíš;558206;610;6;SK032A;SK032
Malé Zlievce;Veľký Krtíš;516198;610;6;SK032A;SK032
Malý Krtíš;Veľký Krtíš;558192;610;6;SK032A;SK032
Modrý Kameň;Veľký Krtíš;516210;610;6;SK032A;SK032
Muľa;Veľký Krtíš;516228;610;6;SK032A;SK032
Nenince;Veľký Krtíš;516236;610;6;SK032A;SK032
Nová Ves;Veľký Krtíš;516244;610;6;SK032A;SK032
Obeckov;Veľký Krtíš;516252;610;6;SK032A;SK032
Olováry;Veľký Krtíš;516261;610;6;SK032A;SK032
Opatovská Nová Ves;Veľký Krtíš;516279;610;6;SK032A;SK032
Opava;Veľký Krtíš;516287;610;6;SK032A;SK032
Pravica;Veľký Krtíš;516309;610;6;SK032A;SK032
Príbelce;Veľký Krtíš;516317;610;6;SK032A;SK032
Pôtor;Veľký Krtíš;516295;610;6;SK032A;SK032
Senné;Veľký Krtíš;516368;610;6;SK032A;SK032
Sečianky;Veľký Krtíš;516333;610;6;SK032A;SK032
Seľany;Veľký Krtíš;516341;610;6;SK032A;SK032
Sklabiná;Veľký Krtíš;516376;610;6;SK032A;SK032
Slovenské Kľačany;Veľký Krtíš;516392;610;6;SK032A;SK032
Slovenské Ďarmoty;Veľký Krtíš;516384;610;6;SK032A;SK032
Stredné Plachtince;Veľký Krtíš;516406;610;6;SK032A;SK032
Sucháň;Veľký Krtíš;516414;610;6;SK032A;SK032
Suché Brezovo;Veľký Krtíš;516422;610;6;SK032A;SK032
Trebušovce;Veľký Krtíš;516457;610;6;SK032A;SK032
Veľká Ves nad Ipľom;Veľký Krtíš;516473;610;6;SK032A;SK032
Veľká Čalomija;Veľký Krtíš;516465;610;6;SK032A;SK032
Veľké Straciny;Veľký Krtíš;558214;610;6;SK032A;SK032
Veľké Zlievce;Veľký Krtíš;516490;610;6;SK032A;SK032
Veľký Krtíš;Veľký Krtíš;515850;610;6;SK032A;SK032
Veľký Lom;Veľký Krtíš;516503;610;6;SK032A;SK032
Vieska;Veľký Krtíš;516511;610;6;SK032A;SK032
Vinica;Veľký Krtíš;516520;610;6;SK032A;SK032
Vrbovka;Veľký Krtíš;516538;610;6;SK032A;SK032
Zombor;Veľký Krtíš;516562;610;6;SK032A;SK032
Záhorce;Veľký Krtíš;516546;610;6;SK032A;SK032
Závada;Veľký Krtíš;516554;610;6;SK032A;SK032
Čebovce;Veľký Krtíš;515906;610;6;SK032A;SK032
Čelovce;Veľký Krtíš;515922;610;6;SK032A;SK032
Čeláre;Veľký Krtíš;515914;610;6;SK032A;SK032
Červeňany;Veľký Krtíš;515931;610;6;SK032A;SK032
Ďurkovce;Veľký Krtíš;515990;610;6;SK032A;SK032
Ľuboriečka;Veľký Krtíš;516163;610;6;SK032A;SK032
Širákov;Veľký Krtíš;516431;610;6;SK032A;SK032
Šuľa;Veľký Krtíš;516449;610;6;SK032A;SK032
Želovce;Veľký Krtíš;516571;610;6;SK032A;SK032
Babie;Vranov nad Topľou;544060;713;7;SK041D;SK041
Banské;Vranov nad Topľou;544078;713;7;SK041D;SK041
Benkovce;Vranov nad Topľou;544086;713;7;SK041D;SK041
Bystré;Vranov nad Topľou;544094;713;7;SK041D;SK041
Cabov;Vranov nad Topľou;544108;713;7;SK041D;SK041
Davidov;Vranov nad Topľou;544159;713;7;SK041D;SK041
Detrík;Vranov nad Topľou;544167;713;7;SK041D;SK041
Dlhé Klčovo;Vranov nad Topľou;544175;713;7;SK041D;SK041
Giglovce;Vranov nad Topľou;544191;713;7;SK041D;SK041
Girovce;Vranov nad Topľou;544205;713;7;SK041D;SK041
Hanušovce nad Topľou;Vranov nad Topľou;544213;713;7;SK041D;SK041
Hencovce;Vranov nad Topľou;581674;713;7;SK041D;SK041
Hermanovce nad Topľou;Vranov nad Topľou;544221;713;7;SK041D;SK041
Hlinné;Vranov nad Topľou;544230;713;7;SK041D;SK041
Holčíkovce;Vranov nad Topľou;528731;713;7;SK041D;SK041
Jasenovce;Vranov nad Topľou;528749;713;7;SK041D;SK041
Jastrabie nad Topľou;Vranov nad Topľou;528757;713;7;SK041D;SK041
Juskova Voľa;Vranov nad Topľou;528765;713;7;SK041D;SK041
Kamenná Poruba;Vranov nad Topľou;528773;713;7;SK041D;SK041
Kladzany;Vranov nad Topľou;528781;713;7;SK041D;SK041
Komárany;Vranov nad Topľou;528790;713;7;SK041D;SK041
Kučín;Vranov nad Topľou;528811;713;7;SK041D;SK041
Kvakovce;Vranov nad Topľou;528820;713;7;SK041D;SK041
Majerovce;Vranov nad Topľou;528838;713;7;SK041D;SK041
Malá Domaša;Vranov nad Topľou;528846;713;7;SK041D;SK041
Matiaška;Vranov nad Topľou;528854;713;7;SK041D;SK041
Medzianky;Vranov nad Topľou;528862;713;7;SK041D;SK041
Merník;Vranov nad Topľou;528871;713;7;SK041D;SK041
Michalok;Vranov nad Topľou;528889;713;7;SK041D;SK041
Nižný Hrabovec;Vranov nad Topľou;528901;713;7;SK041D;SK041
Nižný Hrušov;Vranov nad Topľou;528919;713;7;SK041D;SK041
Nižný Kručov;Vranov nad Topľou;528927;713;7;SK041D;SK041
Nová Kelča;Vranov nad Topľou;528935;713;7;SK041D;SK041
Ondavské Matiašovce;Vranov nad Topľou;528943;713;7;SK041D;SK041
Pavlovce;Vranov nad Topľou;528960;713;7;SK041D;SK041
Petkovce;Vranov nad Topľou;528978;713;7;SK041D;SK041
Petrovce;Vranov nad Topľou;528986;713;7;SK041D;SK041
Piskorovce;Vranov nad Topľou;528994;713;7;SK041D;SK041
Poša;Vranov nad Topľou;529001;713;7;SK041D;SK041
Prosačov;Vranov nad Topľou;529028;713;7;SK041D;SK041
Radvanovce;Vranov nad Topľou;529036;713;7;SK041D;SK041
Rafajovce;Vranov nad Topľou;529044;713;7;SK041D;SK041
Remeniny;Vranov nad Topľou;529052;713;7;SK041D;SK041
Rudlov;Vranov nad Topľou;529079;713;7;SK041D;SK041
Ruská Voľa;Vranov nad Topľou;529109;713;7;SK041D;SK041
Sačurov;Vranov nad Topľou;529125;713;7;SK041D;SK041
Sedliská;Vranov nad Topľou;529141;713;7;SK041D;SK041
Sečovská Polianka;Vranov nad Topľou;529133;713;7;SK041D;SK041
Skrabské;Vranov nad Topľou;529150;713;7;SK041D;SK041
Slovenská Kajňa;Vranov nad Topľou;529168;713;7;SK041D;SK041
Soľ;Vranov nad Topľou;529176;713;7;SK041D;SK041
Tovarnianska Polianka;Vranov nad Topľou;529206;713;7;SK041D;SK041
Tovarné;Vranov nad Topľou;529192;713;7;SK041D;SK041
Vavrinec;Vranov nad Topľou;529214;713;7;SK041D;SK041
Vechec;Vranov nad Topľou;529222;713;7;SK041D;SK041
Vlača;Vranov nad Topľou;529231;713;7;SK041D;SK041
Vranov nad Topľou;Vranov nad Topľou;544051;713;7;SK041D;SK041
Vyšný Kazimír;Vranov nad Topľou;529117;713;7;SK041D;SK041
Vyšný Žipov;Vranov nad Topľou;529257;713;7;SK041D;SK041
Zlatník;Vranov nad Topľou;529281;713;7;SK041D;SK041
Zámutov;Vranov nad Topľou;529265;713;7;SK041D;SK041
Čaklov;Vranov nad Topľou;544116;713;7;SK041D;SK041
Čierne nad Topľou;Vranov nad Topľou;544132;713;7;SK041D;SK041
Čičava;Vranov nad Topľou;544124;713;7;SK041D;SK041
Ďapalovce;Vranov nad Topľou;544141;713;7;SK041D;SK041
Ďurďoš;Vranov nad Topľou;544183;713;7;SK041D;SK041
Štefanovce;Vranov nad Topľou;529184;713;7;SK041D;SK041
Žalobín;Vranov nad Topľou;529290;713;7;SK041D;SK041
Beladice;Zlaté Moravce;500062;407;4;SK0237;SK023
Choča;Zlaté Moravce;500321;407;4;SK0237;SK023
Hostie;Zlaté Moravce;500283;407;4;SK0237;SK023
Hosťovce;Zlaté Moravce;500305;407;4;SK0237;SK023
Jedľové Kostoľany;Zlaté Moravce;500364;407;4;SK0237;SK023
Kostoľany pod Tribečom;Zlaté Moravce;500429;407;4;SK0237;SK023
Ladice;Zlaté Moravce;500437;407;4;SK0237;SK023
Lovce;Zlaté Moravce;500461;407;4;SK0237;SK023
Machulince;Zlaté Moravce;500500;407;4;SK0237;SK023
Malé Vozokany;Zlaté Moravce;555924;407;4;SK0237;SK023
Mankovce;Zlaté Moravce;500542;407;4;SK0237;SK023
Martin nad Žitavou;Zlaté Moravce;500551;407;4;SK0237;SK023
Nemčiňany;Zlaté Moravce;500585;407;4;SK0237;SK023
Neverice;Zlaté Moravce;500593;407;4;SK0237;SK023
Nevidzany;Zlaté Moravce;500607;407;4;SK0237;SK023
Obyce;Zlaté Moravce;500658;407;4;SK0237;SK023
Skýcov;Zlaté Moravce;500721;407;4;SK0237;SK023
Slepčany;Zlaté Moravce;500755;407;4;SK0237;SK023
Sľažany;Zlaté Moravce;500747;407;4;SK0237;SK023
Tekovské Nemce;Zlaté Moravce;517305;407;4;SK0237;SK023
Tesárske Mlyňany;Zlaté Moravce;500810;407;4;SK0237;SK023
Topoľčianky;Zlaté Moravce;500828;407;4;SK0237;SK023
Velčice;Zlaté Moravce;500836;407;4;SK0237;SK023
Veľké Vozokany;Zlaté Moravce;555932;407;4;SK0237;SK023
Vieska nad Žitavou;Zlaté Moravce;500909;407;4;SK0237;SK023
Volkovce;Zlaté Moravce;500925;407;4;SK0237;SK023
Zlatno;Zlaté Moravce;500976;407;4;SK0237;SK023
Zlaté Moravce;Zlaté Moravce;500968;407;4;SK0237;SK023
Čaradice;Zlaté Moravce;500127;407;4;SK0237;SK023
Červený Hrádok;Zlaté Moravce;555916;407;4;SK0237;SK023
Čierne Kľačany;Zlaté Moravce;500151;407;4;SK0237;SK023
Žikava;Zlaté Moravce;500984;407;4;SK0237;SK023
Žitavany;Zlaté Moravce;582816;407;4;SK0237;SK023
Babiná;Zvolen;518166;611;6;SK032B;SK032
Bacúrov;Zvolen;518174;611;6;SK032B;SK032
Breziny;Zvolen;518191;611;6;SK032B;SK032
Budča;Zvolen;518204;611;6;SK032B;SK032
Bzovská Lehôtka;Zvolen;518221;611;6;SK032B;SK032
Dobrá Niva;Zvolen;518298;611;6;SK032B;SK032
Dubové;Zvolen;518361;611;6;SK032B;SK032
Hronská Breznica;Zvolen;518476;611;6;SK032B;SK032
Kováčová;Zvolen;518506;611;6;SK032B;SK032
Lešť (vojenský obvod);Zvolen;518581;611;6;SK032B;SK032
Lieskovec;Zvolen;558133;611;6;SK032B;SK032
Lukavica;Zvolen;558087;611;6;SK032B;SK032
Michalková;Zvolen;518654;611;6;SK032B;SK032
Ostrá Lúka;Zvolen;518671;611;6;SK032B;SK032
Očová;Zvolen;518662;611;6;SK032B;SK032
Pliešovce;Zvolen;518689;611;6;SK032B;SK032
Podzámčok;Zvolen;518697;611;6;SK032B;SK032
Sielnica;Zvolen;518760;611;6;SK032B;SK032
Sliač;Zvolen;518808;611;6;SK032B;SK032
Sása;Zvolen;518727;611;6;SK032B;SK032
Turová;Zvolen;518891;611;6;SK032B;SK032
Tŕnie;Zvolen;518875;611;6;SK032B;SK032
Veľká Lúka;Zvolen;581585;611;6;SK032B;SK032
Zvolen;Zvolen;518158;611;6;SK032B;SK032
Zvolenská Slatina;Zvolen;518972;611;6;SK032B;SK032
Železná Breznica;Zvolen;518981;611;6;SK032B;SK032
Dlhá nad Kysucou;Čadca;509167;502;5;SK0312;SK031
Dunajov;Čadca;509183;502;5;SK0312;SK031
Klokočov;Čadca;509213;502;5;SK0312;SK031
Klubina;Čadca;509221;502;5;SK0312;SK031
Korňa;Čadca;509230;502;5;SK0312;SK031
Krásno nad Kysucou;Čadca;509248;502;5;SK0312;SK031
Makov;Čadca;509299;502;5;SK0312;SK031
Nová Bystrica;Čadca;509311;502;5;SK0312;SK031
Olešná;Čadca;509337;502;5;SK0312;SK031
Oščadnica;Čadca;509345;502;5;SK0312;SK031
Podvysoká;Čadca;509361;502;5;SK0312;SK031
Radôstka;Čadca;509396;502;5;SK0312;SK031
Raková;Čadca;509400;502;5;SK0312;SK031
Skalité;Čadca;509451;502;5;SK0312;SK031
Stará Bystrica;Čadca;509477;502;5;SK0312;SK031
Staškov;Čadca;509485;502;5;SK0312;SK031
Svrčinovec;Čadca;509493;502;5;SK0312;SK031
Turzovka;Čadca;509507;502;5;SK0312;SK031
Vysoká nad Kysucou;Čadca;509515;502;5;SK0312;SK031
Zborov nad Bystricou;Čadca;509531;502;5;SK0312;SK031
Zákopčie;Čadca;509523;502;5;SK0312;SK031
Čadca;Čadca;509132;502;5;SK0312;SK031
Čierne;Čadca;509159;502;5;SK0312;SK031
Diakovce;Šaľa;503711;405;4;SK0235;SK023
Dlhá nad Váhom;Šaľa;503720;405;4;SK0235;SK023
Horná Kráľová;Šaľa;555878;405;4;SK0235;SK023
Hájske;Šaľa;500241;405;4;SK0235;SK023
Kráľová nad Váhom;Šaľa;503886;405;4;SK0235;SK023
Močenok;Šaľa;500739;405;4;SK0235;SK023
Neded;Šaľa;503932;405;4;SK0235;SK023
Selice;Šaľa;503991;405;4;SK0235;SK023
Tešedíkovo;Šaľa;504068;405;4;SK0235;SK023
Trnovec nad Váhom;Šaľa;504092;405;4;SK0235;SK023
Vlčany;Šaľa;504165;405;4;SK0235;SK023
Šaľa;Šaľa;504025;405;4;SK0235;SK023
Žihárec;Šaľa;504190;405;4;SK0235;SK023
Brehy;Žarnovica;581607;612;6;SK032C;SK032
Hodruša-Hámre;Žarnovica;516759;612;6;SK032C;SK032
Horné Hámre;Žarnovica;516805;612;6;SK032C;SK032
Hrabičov;Žarnovica;516813;612;6;SK032C;SK032
Hronský Beňadik;Žarnovica;516830;612;6;SK032C;SK032
Kľak;Žarnovica;516902;612;6;SK032C;SK032
Malá Lehota;Žarnovica;517062;612;6;SK032C;SK032
Nová Baňa;Žarnovica;517097;612;6;SK032C;SK032
Orovnica;Žarnovica;580546;612;6;SK032C;SK032
Ostrý Grúň;Žarnovica;517119;612;6;SK032C;SK032
Píla;Žarnovica;517127;612;6;SK032C;SK032
Rudno nad Hronom;Žarnovica;517232;612;6;SK032C;SK032
Tekovská Breznica;Žarnovica;517291;612;6;SK032C;SK032
Veľká Lehota;Žarnovica;517330;612;6;SK032C;SK032
Veľké Pole;Žarnovica;517348;612;6;SK032C;SK032
Voznica;Žarnovica;517356;612;6;SK032C;SK032
Žarnovica;Žarnovica;517381;612;6;SK032C;SK032
Župkov;Žarnovica;517399;612;6;SK032C;SK032
Bartošova Lehôtka;Žiar nad Hronom;516660;613;6;SK032D;SK032
Bzenica;Žiar nad Hronom;516708;613;6;SK032D;SK032
Dolná Trnávka;Žiar nad Hronom;516724;613;6;SK032D;SK032
Dolná Ves;Žiar nad Hronom;516732;613;6;SK032D;SK032
Dolná Ždaňa;Žiar nad Hronom;516741;613;6;SK032D;SK032
Hliník nad Hronom;Žiar nad Hronom;516767;613;6;SK032D;SK032
Horná Ves;Žiar nad Hronom;581747;613;6;SK032D;SK032
Horná Ždaňa;Žiar nad Hronom;516791;613;6;SK032D;SK032
Hronská Dúbrava;Žiar nad Hronom;516821;613;6;SK032D;SK032
Ihráč;Žiar nad Hronom;516848;613;6;SK032D;SK032
Janova Lehota;Žiar nad Hronom;516872;613;6;SK032D;SK032
Jastrabá;Žiar nad Hronom;516881;613;6;SK032D;SK032
Kopernica;Žiar nad Hronom;516937;613;6;SK032D;SK032
Kosorín;Žiar nad Hronom;516945;613;6;SK032D;SK032
Krahule;Žiar nad Hronom;516961;613;6;SK032D;SK032
Kremnica;Žiar nad Hronom;516970;613;6;SK032D;SK032
Kremnické Bane;Žiar nad Hronom;516988;613;6;SK032D;SK032
Kunešov;Žiar nad Hronom;516996;613;6;SK032D;SK032
Ladomerská Vieska;Žiar nad Hronom;599328;613;6;SK032D;SK032
Lehôtka pod Brehmi;Žiar nad Hronom;517011;613;6;SK032D;SK032
Lovča;Žiar nad Hronom;517020;613;6;SK032D;SK032
Lovčica-Trubín;Žiar nad Hronom;517038;613;6;SK032D;SK032
Lutila;Žiar nad Hronom;599336;613;6;SK032D;SK032
Lúčky;Žiar nad Hronom;517046;613;6;SK032D;SK032
Nevoľné;Žiar nad Hronom;517089;613;6;SK032D;SK032
Pitelová;Žiar nad Hronom;517135;613;6;SK032D;SK032
Prestavlky;Žiar nad Hronom;517186;613;6;SK032D;SK032
Prochot;Žiar nad Hronom;517194;613;6;SK032D;SK032
Repište;Žiar nad Hronom;517216;613;6;SK032D;SK032
Sklené Teplice;Žiar nad Hronom;517241;613;6;SK032D;SK032
Slaská;Žiar nad Hronom;517259;613;6;SK032D;SK032
Stará Kremnička;Žiar nad Hronom;517267;613;6;SK032D;SK032
Trnavá Hora;Žiar nad Hronom;517313;613;6;SK032D;SK032
Vyhne;Žiar nad Hronom;517364;613;6;SK032D;SK032
Žiar nad Hronom;Žiar nad Hronom;516589;613;6;SK032D;SK032
Belá;Žilina;517429;511;5;SK031B;SK031
Bitarová;Žilina;547522;511;5;SK031B;SK031
Brezany;Žilina;547557;511;5;SK031B;SK031
Divina;Žilina;517488;511;5;SK031B;SK031
Divinka;Žilina;517496;511;5;SK031B;SK031
Dlhé Pole;Žilina;517500;511;5;SK031B;SK031
Dolná Tižina;Žilina;517518;511;5;SK031B;SK031
Dolný Hričov;Žilina;517526;511;5;SK031B;SK031
Fačkov;Žilina;517542;511;5;SK031B;SK031
Gbeľany;Žilina;517551;511;5;SK031B;SK031
Horný Hričov;Žilina;517593;511;5;SK031B;SK031
Hričovské Podhradie;Žilina;547590;511;5;SK031B;SK031
Hôrky;Žilina;517577;511;5;SK031B;SK031
Jasenové;Žilina;517640;511;5;SK031B;SK031
Kamenná Poruba;Žilina;517658;511;5;SK031B;SK031
Konská;Žilina;517682;511;5;SK031B;SK031
Kotrčiná Lúčka;Žilina;517704;511;5;SK031B;SK031
Krasňany;Žilina;517712;511;5;SK031B;SK031
Kunerad;Žilina;517721;511;5;SK031B;SK031
Kľače;Žilina;557994;511;5;SK031B;SK031
Lietava;Žilina;517739;511;5;SK031B;SK031
Lietavská Lúčka;Žilina;557935;511;5;SK031B;SK031
Lietavská Svinná-Babkov;Žilina;517755;511;5;SK031B;SK031
Lutiše;Žilina;517763;511;5;SK031B;SK031
Lysica;Žilina;517771;511;5;SK031B;SK031
Malá Čierna;Žilina;517780;511;5;SK031B;SK031
Mojš;Žilina;517801;511;5;SK031B;SK031
Nededza;Žilina;517828;511;5;SK031B;SK031
Nezbudská Lúčka;Žilina;558168;511;5;SK031B;SK031
Ovčiarsko;Žilina;547611;511;5;SK031B;SK031
Paština Závada;Žilina;547620;511;5;SK031B;SK031
Podhorie;Žilina;517879;511;5;SK031B;SK031
Porúbka;Žilina;557960;511;5;SK031B;SK031
Rajec;Žilina;517917;511;5;SK031B;SK031
Rajecká Lesná;Žilina;517925;511;5;SK031B;SK031
Rajecké Teplice;Žilina;517933;511;5;SK031B;SK031
Rosina;Žilina;517941;511;5;SK031B;SK031
Strečno;Žilina;517984;511;5;SK031B;SK031
Stránske;Žilina;517968;511;5;SK031B;SK031
Stráňavy;Žilina;517950;511;5;SK031B;SK031
Stráža;Žilina;517976;511;5;SK031B;SK031
Svederník;Žilina;518000;511;5;SK031B;SK031
Teplička nad Váhom;Žilina;518034;511;5;SK031B;SK031
Terchová;Žilina;518042;511;5;SK031B;SK031
Turie;Žilina;518051;511;5;SK031B;SK031
Varín;Žilina;518069;511;5;SK031B;SK031
Veľká Čierna;Žilina;518077;511;5;SK031B;SK031
Višňové;Žilina;518093;511;5;SK031B;SK031
Zbyňov;Žilina;518131;511;5;SK031B;SK031
Čičmany;Žilina;517470;511;5;SK031B;SK031
Ďurčiná;Žilina;557986;511;5;SK031B;SK031
Šuja;Žilina;581712;511;5;SK031B;SK031
Žilina;Žilina;517402;511;5;SK031B;SK031
